<?xml version="1.0" encoding="utf-8"?>
<COLLADA xmlns="http://www.collada.org/2005/11/COLLADASchema" version="1.4.1" xmlns:xsi="http://www.w3.org/2001/XMLSchema-instance">
  <asset>
    <contributor>
      <author>Blender User</author>
      <authoring_tool>Blender 4.5.4 LTS commit date:2025-10-27, commit time:12:46, hash:b3efe983cc58</authoring_tool>
    </contributor>
    <created>2025-11-05T16:15:10</created>
    <modified>2025-11-05T16:15:10</modified>
    <unit name="meter" meter="1"/>
    <up_axis>Z_UP</up_axis>
  </asset>
  <library_cameras>
    <camera id="Camera_001-camera" name="Camera.001">
      <optics>
        <technique_common>
          <perspective>
            <xfov sid="xfov">39.59775</xfov>
            <aspect_ratio>1.777778</aspect_ratio>
            <znear sid="znear">0.1</znear>
            <zfar sid="zfar">100</zfar>
          </perspective>
        </technique_common>
      </optics>
      <extra>
        <technique profile="blender">
          <shiftx sid="shiftx" type="float">0</shiftx>
          <shifty sid="shifty" type="float">0</shifty>
          <dof_distance sid="dof_distance" type="float">10</dof_distance>
        </technique>
      </extra>
    </camera>
    <camera id="Camera-camera" name="Camera">
      <optics>
        <technique_common>
          <perspective>
            <xfov sid="xfov">39.59775</xfov>
            <aspect_ratio>1.777778</aspect_ratio>
            <znear sid="znear">0.1</znear>
            <zfar sid="zfar">100</zfar>
          </perspective>
        </technique_common>
      </optics>
      <extra>
        <technique profile="blender">
          <shiftx sid="shiftx" type="float">0</shiftx>
          <shifty sid="shifty" type="float">0</shifty>
          <dof_distance sid="dof_distance" type="float">10</dof_distance>
        </technique>
      </extra>
    </camera>
  </library_cameras>
  <library_lights>
    <light id="Light_001-light" name="Light.001">
      <technique_common>
        <point>
          <color sid="color">1000 1000 1000</color>
          <constant_attenuation>1</constant_attenuation>
          <linear_attenuation>0</linear_attenuation>
          <quadratic_attenuation>0</quadratic_attenuation>
        </point>
      </technique_common>
      <extra>
        <technique profile="blender">
          <type sid="type" type="int">0</type>
          <flag sid="flag" type="int">0</flag>
          <mode sid="mode" type="int">2097153</mode>
          <red sid="red" type="float">1</red>
          <green sid="green" type="float">1</green>
          <blue sid="blue" type="float">1</blue>
          <energy sid="blender_energy" type="float">1000</energy>
          <spotsize sid="spotsize" type="float">75</spotsize>
          <spotblend sid="spotblend" type="float">0.15</spotblend>
          <clipsta sid="clipsta" type="float">0.04999995</clipsta>
          <clipend sid="clipend" type="float">40</clipend>
          <radius sid="radius" type="float">0.1</radius>
          <area_shape sid="area_shape" type="int">1</area_shape>
          <area_size sid="area_size" type="float">0.1</area_size>
          <area_sizey sid="area_sizey" type="float">0.1</area_sizey>
          <area_sizez sid="area_sizez" type="float">1</area_sizez>
        </technique>
      </extra>
    </light>
    <light id="Light-light" name="Light">
      <technique_common>
        <point>
          <color sid="color">1000 1000 1000</color>
          <constant_attenuation>1</constant_attenuation>
          <linear_attenuation>0</linear_attenuation>
          <quadratic_attenuation>0</quadratic_attenuation>
        </point>
      </technique_common>
      <extra>
        <technique profile="blender">
          <type sid="type" type="int">0</type>
          <flag sid="flag" type="int">0</flag>
          <mode sid="mode" type="int">2097153</mode>
          <red sid="red" type="float">1</red>
          <green sid="green" type="float">1</green>
          <blue sid="blue" type="float">1</blue>
          <energy sid="blender_energy" type="float">1000</energy>
          <spotsize sid="spotsize" type="float">75</spotsize>
          <spotblend sid="spotblend" type="float">0.15</spotblend>
          <clipsta sid="clipsta" type="float">0.04999995</clipsta>
          <clipend sid="clipend" type="float">40</clipend>
          <radius sid="radius" type="float">0.1</radius>
          <area_shape sid="area_shape" type="int">1</area_shape>
          <area_size sid="area_size" type="float">0.1</area_size>
          <area_sizey sid="area_sizey" type="float">0.1</area_sizey>
          <area_sizez sid="area_sizez" type="float">1</area_sizez>
        </technique>
      </extra>
    </light>
  </library_lights>
  <library_effects>
    <effect id="color_2829873-effect">
      <profile_COMMON>
        <technique sid="common">
          <lambert>
            <emission>
              <color sid="emission">0 0 0 1</color>
            </emission>
            <diffuse>
              <color sid="diffuse">0.1686275 0.1803922 0.1921569 1</color>
            </diffuse>
            <index_of_refraction>
              <float sid="ior">1.5</float>
            </index_of_refraction>
          </lambert>
        </technique>
      </profile_COMMON>
    </effect>
    <effect id="color_16448250-effect">
      <profile_COMMON>
        <technique sid="common">
          <lambert>
            <emission>
              <color sid="emission">0 0 0 1</color>
            </emission>
            <diffuse>
              <color sid="diffuse">0.9803922 0.9803922 0.9803922 1</color>
            </diffuse>
            <index_of_refraction>
              <float sid="ior">1.5</float>
            </index_of_refraction>
          </lambert>
        </technique>
      </profile_COMMON>
    </effect>
  </library_effects>
  <library_images/>
  <library_materials>
    <material id="color_2829873-material" name="color_2829873">
      <instance_effect url="#color_2829873-effect"/>
    </material>
    <material id="color_16448250-material" name="color_16448250">
      <instance_effect url="#color_16448250-effect"/>
    </material>
  </library_materials>
  <library_geometries>
    <geometry id="obj_0-mesh" name="obj_0">
      <mesh>
        <source id="obj_0-mesh-positions">
          <float_array id="obj_0-mesh-positions-array" count="15633">-8.51616 9.346677 14.91187 -8.239158 2.530177 -17.83353 -8.51616 8.843379 15.24847 9.483842 -15.80792 -2.77313 4.078442 20.39828 3.60467 7.711842 10.54938 -3.303532 -8.51616 13.89098 10.85107 -4.016158 -15.51362 -15.55053 -5.071158 -15.46362 -15.50153 9.483842 -8.756624 15.24847 6.952842 21.76838 0.005468368 -8.451159 2.397077 -16.88813 7.711842 10.02838 -4.644531 -8.45946 2.378877 -16.75863 -8.51616 2.254577 -15.87543 -8.51616 10.19898 12.41407 8.850844 -12.98672 15.49607 -8.065158 2.639377 -18.60953 -5.984158 -15.31862 -15.35653 6.038842 21.97438 0.005468368 4.983842 22.04338 0.005468368 9.085042 -12.66432 15.11187 -6.758158 -15.07462 -15.11253 -7.898658 2.639377 -18.60953 -7.928958 2.629677 -18.54063 9.202842 -11.84262 15.49647 9.202842 -12.50182 14.91827 7.160142 21.62708 -0.7427311 6.952842 21.71908 -0.7459316 -7.888158 2.642776 -18.63343 -8.51616 8.529678 13.60477 7.509342 21.47198 -0.7374306 -8.214058 2.745976 -19.36583 -8.067059 2.790077 -19.67933 5.264042 21.97538 -0.7547302 4.983842 21.99358 -0.755331 9.207843 -8.441425 15.91117 8.896842 -8.776424 16.54097 6.038842 21.92488 -0.7529316 -4.016158 -14.09312 -16.79643 -8.51616 10.35448 12.30317 6.712342 21.77338 -0.7477303 8.866044 -8.809624 16.60347 -5.071158 -14.04812 -16.74313 9.232644 -8.388725 15.81207 -4.709358 -14.06362 -16.76143 -0.2901583 10.54938 -3.303532 -0.2901583 10.02838 -4.644531 6.640841 21.78948 -0.74823 9.483842 -17.25562 3.062368 -4.262658 -14.08262 -16.78393 -7.883158 2.845277 -20.07173 -7.854658 2.850277 -20.10713 9.483842 -16.95762 4.560469 -5.386958 -14.00262 -16.68883 -5.177458 -14.03282 -16.72483 -8.51616 11.33048 13.46587 9.483842 -17.51602 0.62817 -8.51616 12.48838 12.45047 2.015742 20.67458 -0.7093315 3.642442 20.67458 -0.7095299 9.483842 -17.55662 0.005468368 9.483842 -16.66742 -5.40443 -0.2901583 0.1133766 -3.19153 2.965442 20.67468 -0.7090302 9.483842 -17.25992 -3.029131 9.202842 -17.99562 -7.466531 -8.51616 5.337477 15.14467 -8.51616 4.592377 13.84947 9.483842 -17.40662 -2.291531 9.202842 -16.87602 -9.735531 9.327443 -16.41892 -9.471832 -8.51616 3.360877 15.69277 9.483842 -15.20902 -8.773431 9.483842 -16.21762 -6.729531 -8.451159 8.030477 -15.05983 -8.51616 3.679277 17.18927 8.850844 -18.69462 -7.75553 9.364043 -8.809624 16.60347 9.360042 -13.95862 12.58147 9.358142 -13.96452 12.58677 8.362842 6.690777 -18.32833 -8.51616 2.341377 17.45547 8.850844 -17.53102 -10.11353 -8.45946 7.969177 -14.94463 9.356444 -13.96992 12.59157 9.354844 -13.97482 12.59607 -8.51616 5.683877 -15.00703 -8.51616 5.520977 15.09387 -8.51616 7.550277 -14.15713 7.729842 6.866577 -18.81143 9.413844 -8.710724 16.41757 7.729842 6.866577 -18.81143 9.466643 -8.346424 15.73237 -7.888158 8.235378 -16.89943 9.353444 -13.97932 12.60017 9.352143 -13.98352 12.60387 9.350844 -13.98742 12.60737 6.956942 6.992577 -19.15743 6.956841 6.992577 -19.15743 9.349742 -13.99102 12.61067 8.855842 -8.820625 16.62407 9.348643 -13.99442 12.61367 9.199744 -16.88172 -9.738831 9.318343 -14.08952 12.69927 9.300944 -14.14422 12.74857 9.291743 -14.17332 12.77467 7.729942 6.866577 -18.81143 8.759943 -8.881025 16.73757 8.815042 -8.846323 16.67237 8.843743 -8.828224 16.63837 9.413844 -14.73762 11.34847 9.362243 -8.813223 16.61027 8.850844 -15.01372 13.53067 9.361442 -8.814825 16.61317 -8.51616 6.039477 16.51747 6.956742 6.992577 -19.15743 8.787143 -8.863924 16.70537 8.850844 -16.04662 12.35247 9.413844 -17.16962 -7.12353 9.202842 -14.45262 13.02587 8.998143 -14.77902 13.31947 4.986842 7.092977 -19.43323 -8.51616 8.026377 12.24847 9.202842 -15.44762 11.89147 -8.51616 6.779377 16.26647 6.041642 7.067877 -19.36433 9.413844 -17.64532 -5.722031 8.682542 -8.929823 16.82927 -7.717758 6.542277 -17.92133 8.733544 -8.897624 16.76887 6.041841 7.067877 -19.36433 8.707643 -8.913925 16.79957 -7.811758 6.974377 -19.10873 -8.183659 6.722877 -18.41703 -8.51616 0.8603773 14.50747 4.076941 7.092977 -19.43323 -8.11676 6.771977 -18.55223 -8.51616 0.04337692 17.60547 -8.51616 16.74348 5.447269 9.202842 -18.49362 -5.998031 6.657442 7.459577 -20.44043 6.353342 7.483077 -20.50503 6.038842 7.507377 -20.57173 5.678842 7.515377 -20.59363 4.983842 7.530677 -20.63573 -8.45106 5.860577 -16.04843 -8.51616 17.34178 3.065769 8.866244 -13.95862 12.58147 -8.451159 5.860377 -16.04803 -8.51616 17.60368 -0.6021309 9.288043 -18.15092 -5.886431 -8.51616 5.510077 -15.08613 -8.239158 6.187577 -16.94643 8.855842 -13.97642 12.59747 8.850844 -9.485025 17.87137 9.114844 -9.219324 17.37247 -8.51616 17.49338 2.303469 -8.51616 17.64338 0.005468368 8.760541 -14.07152 12.68307 8.787644 -14.04442 12.65867 8.815543 -14.01662 12.63367 8.844243 -13.98802 12.60787 -8.239158 6.187577 -16.94653 -8.51616 17.34368 -3.04413 9.356742 -17.87462 -5.796532 9.354844 -17.88232 -5.79903 6.528542 7.062377 -19.34913 9.413844 -11.29862 14.78747 9.353143 -17.88942 -5.801331 9.351544 -17.89582 -5.803431 9.483842 -10.67062 13.96847 -8.51616 17.04438 -4.54953 9.350043 -17.90182 -5.80533 9.348643 -17.90732 -5.807131 9.347442 -17.91242 -5.80883 -8.098958 6.298077 -17.24993 -8.51616 15.28538 8.80547 -8.51616 16.30438 6.741468 -8.51616 13.82398 8.20287 9.343543 -12.11942 14.46267 9.350242 -12.10122 14.44087 9.413844 -11.92842 14.23507 -8.51616 6.028377 -16.50933 9.346242 -17.91712 -5.810331 9.345143 -17.92162 -5.81183 9.314043 -18.04632 -5.852331 9.296243 -18.11822 -5.87573 -8.51616 12.66358 9.89247 -8.471158 6.254777 -17.13093 9.320343 -12.18242 14.53767 8.850844 -19.21202 -6.231931 -8.51616 10.92938 9.81247 9.438842 -11.69212 13.95367 9.483842 -11.26622 13.44617 -7.888058 6.464177 -17.70633 -7.888158 6.464077 -17.70623 8.734044 -14.09782 12.70677 9.413844 -13.78952 12.42927 8.992444 -18.92322 -6.137931 -8.51616 13.93258 8.045069 8.708243 -14.12362 12.72987 7.535742 7.348177 -20.13443 8.596143 7.053277 -19.32453 8.530643 7.081377 -19.40163 8.683143 -14.14862 12.75247 8.145442 7.210477 -19.75623 7.725841 7.319277 -20.05503 -8.234159 6.685677 -18.31493 -8.375558 6.481977 -17.75503 9.456143 -13.32772 12.01357 7.219842 7.396177 -20.26623 9.483842 -13.02432 11.74047 -8.51616 3.369377 -14.16553 8.681743 -12.25092 14.61927 -8.51616 15.27548 8.820269 6.038842 3.075177 -21.70493 8.896743 -13.90672 12.53467 -7.391158 0.04337692 20.90547 -7.391158 0.02537727 20.90427 4.151142 20.67458 -0.7093315 9.207843 -13.37562 12.05667 6.898242 3.047977 -21.51233 6.622042 3.056777 -21.57423 -7.394558 0.02537727 20.90007 -8.51616 14.39938 3.147469 9.232644 -13.29232 11.98167 9.418843 -12.66672 11.41857 -7.391158 -2.887523 20.68707 8.681842 -16.51752 -9.528732 9.427144 -12.56972 11.33117 -8.51616 15.79398 2.985868 -8.51616 15.84168 2.801168 6.952842 3.046277 -21.50013 -6.611458 10.56078 -12.55483 -5.580458 10.50538 -12.48853 -7.482958 -2.871423 20.57277 7.725841 2.998177 -21.15973 7.680141 3.000977 -21.17983 -1.018458 11.53848 -13.72003 -0.09795808 10.87788 -12.93303 -0.9821582 11.34748 -13.49233 8.865942 -17.87462 -5.796532 8.896842 -17.80722 -5.774631 -7.395158 0.02537727 19.51227 0.3194418 10.42488 -12.39323 -0.470058 10.88128 -12.93713 7.644942 20.05508 -0.6877308 6.956841 20.38118 -0.699131 -7.326058 -2.700023 19.35497 -7.395158 -2.692224 19.29927 7.492242 3.012577 -21.26263 8.855842 -17.89672 -5.80373 -7.451958 -2.681623 19.22397 8.814944 -17.94882 -5.820631 8.843644 -17.91222 -5.80883 8.358842 2.931277 -20.68373 7.764642 2.994077 -21.13053 8.787042 -17.98442 -5.832331 8.759841 -18.01912 -5.843531 9.483842 -10.44402 12.17047 1.325541 9.849779 -11.70803 1.199841 9.946779 -11.82363 8.733344 -18.05292 -5.85453 1.275242 9.871877 -11.73433 -2.465558 9.889277 -11.75463 -2.654958 10.03418 -11.92733 -5.096758 9.807977 -11.65793 8.707543 -18.08582 -5.865231 8.682342 -18.11792 -5.875631 1.011142 9.096378 -10.81063 1.010742 9.107077 -10.82343 1.107442 9.015579 -10.71433 1.083442 9.015579 -10.71433 1.111942 9.015579 -10.71433 1.087142 9.015579 -10.71433 8.855842 -12.10072 14.44037 8.855842 -12.10072 14.44037 4.986842 20.67458 -0.7093315 -5.285158 1.013377 -10.95653 -7.288158 1.013377 -10.95653 -5.285158 2.436377 -10.73753 5.105142 20.66648 -0.7090302 -7.288158 2.436377 -10.73753 6.041841 20.60188 -0.706831 -5.285158 3.818377 -10.33453 9.207843 -11.58102 13.82127 -7.288158 3.818377 -10.33453 5.047642 3.084077 -21.76763 4.983842 3.084577 -21.77173 -5.285158 5.136377 -9.755532 -7.288158 5.136377 -9.755532 -5.285158 6.366377 -9.008531 -7.288158 6.366377 -9.008531 9.207843 -11.58092 13.82117 6.144742 20.57708 -0.7059307 -5.285158 7.489377 -8.107531 -7.288158 7.489377 -8.107531 9.418744 -10.96642 13.08907 -7.391158 -5.365623 20.19347 -5.285158 8.484377 -7.067531 9.418843 -10.96622 13.08887 -7.288158 8.484377 -7.067531 -5.285158 9.335377 -5.90653 -7.288158 9.335377 -5.90653 6.952842 -20.02762 -8.307532 9.483842 -10.30772 12.30437 7.725841 -19.70962 -8.176531 -7.554158 -7.044123 19.40787 8.358842 -19.26562 -7.992531 7.711842 1.013377 -10.95653 3.380842 0.773077 -10.96183 7.711842 0.773077 -10.96183 -7.391158 -7.114122 19.59987 -0.2901583 1.013377 -10.95653 -8.51616 15.28038 4.971668 6.038842 -20.21862 -8.386531 -8.51616 13.10338 6.708469 -7.313758 -7.134224 19.65497 7.711842 2.436377 -10.73753 -0.2901583 2.436377 -10.73753 7.711842 3.580677 -10.40383 3.380842 3.580677 -10.40383 3.380842 3.818377 -10.33453 -0.2901583 3.818377 -10.33453 8.358842 -10.40662 18.10547 -7.883158 0.04337692 20.28747 -7.883158 0.02537727 20.28627 7.725841 -20.25522 -6.570731 7.573042 -20.31972 -6.591631 3.380842 5.136377 -9.755532 -0.2901583 5.136377 -9.755532 -8.234159 0.04337692 19.53147 -8.234159 0.02537727 19.53027 -8.23176 0.02537727 19.53547 -8.51616 15.85938 -2.590231 -8.51616 15.84118 -2.77923 7.711842 6.366377 -9.008531 3.380842 6.139077 -9.146633 -8.51616 14.72938 -0.6275311 7.711842 6.139077 -9.146633 -8.235758 0.02537727 19.52367 -0.2901583 6.366377 -9.008531 -8.51616 16.05618 -0.5479317 7.424342 -20.38262 -6.612031 -8.06346 -2.747323 19.69007 -8.208258 -2.703823 19.38157 7.725841 -10.00062 18.84107 -7.883158 -2.801323 20.07417 7.725841 -10.64662 18.52247 7.711842 7.489377 -8.107531 -7.883158 -5.205624 19.59647 -0.2901583 7.489377 -8.107531 -7.846858 -2.807623 20.11937 -8.51616 14.07138 -4.359531 8.358842 -9.775223 18.41677 7.891642 -9.941523 18.72987 7.711842 8.318477 -7.240931 3.380842 8.318477 -7.240931 3.380842 8.484377 -7.067531 -0.2901583 8.484377 -7.067531 7.978542 -20.07302 -6.511631 -8.51616 10.48078 -12.16253 -8.51616 10.03438 -10.69653 -7.883158 -6.902924 19.02037 -7.806958 -6.935623 19.11007 3.380842 9.335377 -5.90653 -0.2901583 9.335377 -5.90653 6.952842 8.356377 20.07647 -8.51616 11.94328 -10.72623 8.358842 -19.79862 -6.422631 8.488343 -9.699024 18.27347 -8.234159 -2.696023 19.32637 8.660743 -19.43862 -6.305531 -8.51616 13.08758 -11.75633 4.983842 11.04338 19.05847 3.380842 10.26628 -8.875331 7.711842 10.26628 -8.875331 3.380842 11.04838 -7.943231 6.038842 11.00938 18.99847 4.983842 8.462377 20.33147 6.038842 8.436377 20.26747 -8.51616 14.01418 -7.849931 3.380842 12.23098 -5.957031 3.380842 11.83378 -6.808831 -8.51616 14.89688 -5.999531 3.380842 11.83328 -6.809831 4.983842 -20.28162 -8.413532 -8.51616 16.35248 -6.58773 3.380842 11.83318 -6.810031 3.380842 11.83298 -6.810531 3.380842 11.83278 -6.810931 3.380842 11.62538 -7.25553 6.654542 14.02088 16.67117 6.952842 13.97778 16.61997 7.711842 12.24298 -5.931231 3.380842 12.24298 -5.931231 -8.51616 13.93198 -8.022333 7.472142 13.82918 16.44307 3.380842 4.425577 -12.72493 7.711842 4.425577 -12.72493 3.380842 6.467377 -11.98153 7.711842 7.579177 -11.20333 3.380842 7.579177 -11.20333 -8.44616 0.04337692 18.63747 -8.44616 0.02537727 18.63627 8.657943 -8.945324 16.85837 7.527442 13.81338 16.42427 -8.51616 0.02537727 17.60427 -8.44676 0.02537727 18.62817 -8.51616 15.28098 -8.801033 -8.44616 -2.571223 18.44097 -8.51616 12.46938 -7.79353 7.711842 0.9845772 -13.37843 3.380842 0.9845772 -13.37843 3.380842 0.04337692 -13.46093 7.729842 -9.372723 17.66157 8.293542 -9.157625 17.25737 8.362842 -9.131123 17.20767 -8.44616 -4.778623 18.00147 -8.511058 -2.438123 17.49517 8.419742 -9.095324 17.14037 -5.285158 -1.856623 -10.83153 -7.288158 -1.856623 -10.83153 -5.285158 -0.4256229 -10.98853 -7.288158 -0.4256229 -10.98853 -8.51616 -2.427623 17.42107 7.711842 -2.075323 -10.77803 3.380842 -2.075323 -10.77803 3.380842 -1.856623 -10.83153 -0.2901583 -1.856623 -10.83153 -8.51616 -4.511623 17.00647 -8.44616 -6.339323 17.47197 -8.420458 -6.376324 17.57357 -8.379658 -6.435123 17.73527 7.725841 -12.97262 16.96847 4.983842 -14.08992 16.81047 5.678342 -14.06082 16.77567 -8.234159 -5.010624 18.86547 -8.51616 -5.987423 16.50577 2.012442 2.898376 -20.45113 -8.469658 -6.221024 17.14717 6.038842 -14.04542 16.75737 6.353842 -13.99992 16.70317 8.358842 -12.67962 16.58647 -8.402958 -2.596623 18.62147 -8.43056 -2.580323 18.50597 4.986842 13.32978 15.84787 8.530742 -13.24502 15.80397 8.541442 -13.23642 15.79367 6.956942 13.14088 15.62277 6.956841 13.14088 15.62277 6.041642 13.28288 15.79187 7.725841 -13.69242 16.33697 6.041841 13.28278 15.79187 6.956642 13.14098 15.62287 -8.51616 14.00638 -10.70853 -8.234159 -6.644524 18.31067 -8.123259 -6.726124 18.53487 7.945842 -13.58532 16.20937 8.358842 -13.38382 15.96927 -8.179658 -6.684624 18.42077 8.358842 -15.47262 13.94367 4.077042 13.32978 15.84787 8.653043 -15.19812 13.69657 8.657744 -18.14932 -5.88583 3.639242 2.898477 -20.45113 7.524142 11.39518 18.18817 7.515942 11.39708 18.19127 6.952842 11.52988 18.40387 -7.605158 -6.475622 12.88147 0.5900421 2.898677 -20.45103 6.952842 -16.08422 14.49487 6.695142 -16.12712 14.53357 6.952842 10.90638 18.82047 6.581542 -16.14602 14.55057 -7.605158 -6.012623 11.99347 4.986842 -19.64292 -6.37143 2.961942 2.898677 -20.45103 7.729842 -19.01502 -6.167331 3.380842 -0.4256229 -10.98853 -0.2901583 -0.4256229 -10.98853 -7.288158 -4.540723 12.52937 -7.288158 -6.012623 11.99347 7.644442 -19.05362 -6.179831 -7.288158 -6.264322 11.81717 6.956841 -19.36362 -6.280631 8.293642 -18.57902 -6.025531 6.038842 -16.23662 14.63217 8.362842 -18.52552 -6.008131 5.105542 -19.63502 -6.368931 6.041841 -19.57322 -6.348831 7.729842 -12.85682 15.34127 7.271642 -15.97892 14.39997 7.729942 -12.85682 15.34117 8.362842 -12.52602 14.94707 -8.451159 -7.993124 15.06807 8.419742 -18.45292 -5.984531 5.263142 11.66548 18.62087 4.983842 11.67518 18.63637 7.725841 -15.82892 14.26467 7.558542 -15.88412 14.31457 6.145142 -19.54972 -6.341131 -8.51616 -5.647123 15.01497 -8.45946 -7.931723 14.95257 -8.51616 -7.513023 14.16527 8.103544 -15.61652 14.07337 6.038842 11.63868 18.57797 -8.51616 10.34418 -12.29673 6.647841 11.56618 18.46197 -7.888158 -8.148623 16.93007 6.281642 11.60978 18.53177 -8.51616 -6.475622 12.88147 3.380842 -2.488423 -13.12143 7.711842 -2.488423 -13.12143 -8.51616 11.32228 -13.46213 3.380842 -0.3626232 -13.49653 0.4903421 -16.28832 14.67867 4.986842 2.898677 -20.45103 4.983842 -16.28832 14.67867 4.149142 2.898677 -20.45103 9.483842 9.346677 14.91187 7.729842 2.806577 -19.79703 7.644742 2.812277 -19.83713 5.415542 -16.26732 14.65977 9.483842 8.843379 15.24847 6.956841 2.857676 -20.15973 9.483842 13.89098 10.85107 8.293744 2.742777 -19.34393 6.595042 -20.65802 -6.70153 6.038842 -20.77742 -6.740331 8.362842 2.734977 -19.28833 5.105342 2.897477 -20.44283 6.041841 2.888377 -20.37793 0.588542 -15.34132 13.82607 9.483842 10.35448 12.30317 9.483842 10.19898 12.41407 2.011242 -15.34132 13.82607 -7.288158 -4.540123 12.52957 8.419643 2.724377 -19.21293 6.952842 -20.58122 -6.676531 6.711942 -20.63292 -6.693331 6.145142 2.884877 -20.35333 2.960542 -15.34162 13.82577 3.638041 -15.34132 13.82607 9.483842 8.529678 13.60477 8.658843 2.679577 -18.89523 9.483842 11.33048 13.46587 -8.51616 6.930377 -12.86953 9.483842 12.48838 12.45047 -8.51616 8.273879 -15.51743 7.711842 -8.148623 10.49757 9.483842 -13.91962 10.71947 2.013242 10.97918 17.52337 2.962942 10.97918 17.52337 3.639742 10.97938 17.52317 -8.51616 8.843379 -15.23653 8.489844 -12.66162 4.069469 7.711842 -12.66162 4.069469 5.400342 -20.81652 -6.753031 7.711842 -12.64672 4.101469 7.711842 -12.92382 2.583469 4.148842 10.97928 17.52327 -8.51616 10.75738 -13.95753 -8.51616 0.2059764 -16.03623 7.711842 -11.83442 5.843769 -7.288158 -4.539423 12.52987 4.983842 -20.84222 -6.761431 9.483842 -13.61662 4.37047 8.489844 -13.61662 4.37047 -8.45106 -5.823824 16.05637 -8.451159 -5.823624 16.05597 -8.51616 -5.473324 15.09407 -8.51616 2.471577 -17.41763 4.147642 -15.34122 13.82617 0.3900418 16.35108 -14.69413 -0.4780583 16.35128 -14.69393 9.483842 -13.89522 8.03027 -1.630658 16.35138 -14.69383 -3.249958 16.35118 -14.69413 0.531642 -20.84222 -6.761431 -2.763558 14.14588 -16.82623 9.483842 3.679277 17.18927 -2.663658 14.14578 -16.82633 -2.550258 14.14578 -16.82633 0.3839421 14.14588 -16.82633 9.483842 2.341377 17.45547 0.5925417 -19.64292 -6.37143 -2.941458 14.14578 -16.82633 9.483842 5.337477 15.14467 -8.239158 -6.150824 16.95437 -3.194558 14.14578 -16.82633 -3.109058 14.14578 -16.82633 -3.025458 14.14578 -16.82633 2.014842 -19.64292 -6.37143 -2.855058 14.14578 -16.82633 2.963141 -19.64292 -6.371631 3.641142 -19.64292 -6.371531 -8.239158 -6.150824 16.95447 9.483842 3.360877 15.69277 4.986842 10.97928 17.52327 9.483842 4.592377 13.84947 7.644942 10.65068 16.99777 6.956841 10.82348 17.27407 4.150742 -19.64292 -6.37143 5.104742 10.97488 17.51637 6.041841 10.94028 17.46107 6.144842 10.92718 17.43997 -8.51616 4.598377 -16.99453 7.524542 -18.56132 -10.70823 7.719442 -18.48642 -10.66503 6.952842 -18.78112 -10.83523 -3.598558 13.31878 -15.84013 7.725841 -18.48392 -10.66353 -1.711058 13.31848 -15.84043 9.483842 5.520977 15.09387 7.731242 -18.48042 -10.66153 -8.098958 -6.261324 17.25787 4.983842 4.592977 21.48387 -1.318758 13.31838 -15.84053 -0.4829583 12.52648 -14.89703 -0.2651582 12.47768 -14.83893 8.358842 -18.06722 -10.42303 6.952842 7.448077 20.38507 -1.554058 13.31838 -15.84053 -1.462058 13.31838 -15.84053 7.216542 7.407977 20.27507 -7.471658 -6.618423 18.23917 -7.395158 -6.653624 18.33547 8.363344 -18.06242 -10.42023 7.711842 -8.553724 10.21387 7.711842 -8.553125 10.21417 -2.038358 13.31838 -15.84053 9.483842 -11.90642 10.73417 8.600844 -17.80352 -10.27083 9.483842 -9.579624 10.70747 -7.888058 -6.427423 17.71427 8.489844 -9.579624 10.70747 -7.717658 -6.505524 17.92907 -1.688658 12.60428 -14.98973 -1.708058 12.36468 -14.70443 -2.238258 12.91958 -15.36543 8.489844 -8.902624 9.96947 -7.888158 -6.427322 17.71417 -2.555658 13.31838 -15.84053 7.711842 -8.902624 9.96947 7.711842 -8.793924 10.04557 8.658542 -14.17312 12.77457 7.711842 -9.829823 8.864871 4.983842 -19.02012 -10.97313 9.483842 -12.01462 7.805469 8.489844 -12.01462 7.805469 8.489844 -11.17062 7.267469 -1.246858 12.69758 -15.10083 -1.059258 12.65558 -15.05083 4.986842 -15.34122 13.82617 -1.946958 13.31838 -15.84053 -1.853758 13.31838 -15.84053 6.030242 -18.96052 -10.93873 6.038842 -18.96002 -10.93843 7.644842 -14.87992 13.41087 7.729842 -14.84982 13.38377 -8.51616 -2.211823 15.88737 6.956841 -15.12252 13.62917 7.711842 -9.949125 8.722769 8.293844 -14.50952 13.07737 8.362842 -14.46782 13.03987 -7.288158 -4.539323 12.52987 -1.672458 12.79288 -15.21443 -2.222358 13.31838 -15.84053 5.105242 -15.33522 13.82067 -2.192858 13.31838 -15.84053 7.711842 -8.553125 10.21427 6.041841 -15.28662 13.77687 8.419544 -14.41142 12.98907 6.145041 -15.26812 13.76037 8.489844 -13.27462 0.5954685 -8.51616 -2.914623 14.17747 -4.016158 16.35118 -14.69413 -4.434558 16.33078 -14.67573 -5.071158 16.29948 -14.64753 6.046342 -18.95852 -10.93763 -5.201358 16.27778 -14.62793 -5.624658 16.20738 -14.56433 -7.288158 -4.538223 12.53027 -6.544758 15.96278 -14.34343 -6.758158 15.89218 -14.27993 -6.293658 16.04568 -14.41833 -7.143958 15.67518 -14.08453 -8.51616 -0.1632232 16.04817 9.483842 8.026377 12.24847 -8.51616 0.02537727 16.06297 6.652842 -18.83982 -10.86913 -8.239158 -2.487223 17.84447 -8.26406 -2.471623 17.73327 -8.51616 -8.227724 15.50927 -5.984158 16.14748 -14.51023 -8.451159 -2.354323 16.89997 -8.51616 -8.756624 15.24847 -8.45946 -2.336123 16.77057 -8.51616 -10.44402 12.17047 -5.988158 13.13038 -15.61553 -5.560958 13.19628 -15.69453 -7.928958 -2.586823 18.55157 -7.898258 -2.596623 18.62147 7.536042 7.359477 20.14207 -8.51616 -13.02432 11.74047 -5.283858 13.23928 -15.74553 -6.251458 13.04978 -15.51993 7.529542 4.482177 20.96517 7.269341 4.506377 21.07807 -7.288158 -1.582623 13.29787 -7.288158 -1.844123 13.27507 -8.51616 -10.30772 12.30437 0.4692421 -14.08992 16.81047 -3.178658 -14.08992 16.81047 -2.637358 -14.08992 16.81057 -2.521758 -14.08992 16.81047 -3.091358 -14.08992 16.81057 -3.006158 -14.08992 16.81057 6.952842 4.535577 21.21517 -2.920558 -14.08992 16.81047 -2.832458 -14.08992 16.81057 -2.739258 -14.08992 16.81047 -8.51616 -11.26622 13.44617 -6.672758 12.92128 -15.36643 -6.762158 12.89398 -15.33393 -8.51616 -10.67062 13.96847 -6.762358 12.89388 -15.33383 -7.237658 12.64538 -15.03723 9.483842 6.779377 16.26647 9.483842 6.039477 16.51747 4.983842 7.542377 20.64377 5.683242 7.526777 20.60077 -7.888158 -2.599823 18.64447 -8.51616 -15.82652 2.61817 -8.51616 -15.80842 2.807169 6.038842 7.518877 20.57917 6.349542 7.494877 20.51317 -4.016158 -14.08992 16.81047 -8.51616 -13.89522 8.03027 -4.264158 -14.07952 16.79807 7.711842 -12.92762 2.561769 6.658142 7.470977 20.44767 -4.710658 -14.06072 16.77577 -8.51616 -13.97742 7.85787 9.483842 -13.94462 -3.13553 -5.071158 -14.04542 16.75747 8.489844 -13.94462 -3.13553 -5.385758 -13.99982 16.70327 -5.178458 -14.02992 16.73897 -7.288158 -1.845323 13.27497 8.489844 -12.96662 -2.919531 -8.51616 -14.86012 6.007469 -8.51616 -13.61662 4.37047 7.729842 -17.33352 -9.999732 7.711842 -12.96662 -2.919531 7.711842 -13.02212 -2.285831 -8.51616 -16.27292 6.578369 -7.288158 -1.857323 13.27387 7.711842 -12.54932 -4.066631 6.956942 -17.65242 -10.18373 6.411442 4.561277 21.33477 -8.51616 -9.579624 10.70747 6.956841 -17.65242 -10.18373 6.663242 4.549377 21.27917 -8.51616 -11.90642 10.73417 7.729842 -17.33352 -9.999631 -8.51616 -12.01462 7.805469 8.362842 -16.88842 -9.742833 7.711842 -12.46572 -4.29623 -8.51616 -13.91962 10.71947 6.956742 -17.65242 -10.18383 6.038842 4.578777 21.41717 7.711842 -13.02242 -2.282631 -8.51616 -15.20742 8.78777 -4.016158 -16.28842 14.67867 -8.51616 -15.19862 8.80547 9.483842 0.8603773 14.50747 -8.51616 -14.27462 0.6384697 -1.509658 -16.28892 14.67797 -3.109458 -16.28842 14.67867 5.612041 4.584477 21.44417 4.986842 -17.90732 -10.33093 -0.3681584 -16.28852 14.67847 -4.447858 -16.26742 14.65967 -5.071158 -16.23672 14.63207 7.711842 -13.02242 -2.28223 -8.51616 -16.02332 0.5758686 -5.613158 -16.14632 14.55037 -5.984158 -16.08452 14.49447 6.041841 -17.84332 -10.29393 6.041642 -17.84332 -10.29393 -5.120658 -16.22852 14.62457 4.077342 7.104277 19.44107 9.483842 0.04337692 17.60547 7.711842 -13.02252 -2.281931 9.483842 16.74348 5.447269 -8.51616 -15.76022 -2.957931 2.016042 4.322077 20.21157 4.150641 4.322277 20.21157 -8.51616 -13.94462 -3.13553 -7.288158 -1.858323 13.27377 7.711842 -13.02272 -2.27943 -6.303558 -15.97922 14.39947 -7.605158 -2.914623 14.17747 -6.486658 -15.91882 14.34497 -6.758158 -15.82922 14.26427 7.711842 -13.02282 -2.27783 -7.605158 -2.697623 13.20047 -7.135758 -15.61692 14.07307 -8.51616 -15.24752 -4.94313 3.642142 4.321977 20.21167 2.964042 4.321977 20.21167 7.711842 -13.14582 -0.8740311 -7.288158 -2.697623 13.20047 -7.288158 -3.161623 13.03157 -7.288158 -3.251623 12.99877 9.483842 -7.571623 -12.23653 8.489844 -7.571623 -12.23653 8.489844 -3.836623 -12.88353 8.489844 -7.033623 -11.39253 7.711842 -3.836623 -12.88353 7.711842 -5.808924 -11.96373 -8.239158 0.02537727 18.04227 -8.45096 0.02537727 17.08727 -8.238759 0.02537727 18.04307 9.202842 -13.76262 -13.80053 -8.451159 0.02537727 17.08627 -4.019158 -15.34172 13.82567 9.413844 -13.13062 -13.16853 -4.137258 -15.33572 13.82017 -5.074158 -15.28712 13.77637 9.483842 17.34178 3.065769 4.986842 4.322277 20.21157 -5.177058 -15.26872 13.75987 5.105041 4.320477 20.20347 6.041841 4.307077 20.14007 -5.988158 -15.12302 13.62867 -5.340458 -15.23942 13.73337 9.483842 -12.40162 -12.43953 9.483842 17.60368 -0.6021309 -6.677258 -14.88042 13.41027 -6.762158 -14.85042 13.38327 9.483842 -13.83472 -10.80533 6.144742 4.301877 20.11597 -6.990058 -14.71282 13.25947 9.483842 17.64338 0.005468368 9.483842 17.49338 2.303469 -4.471058 13.29868 -15.81613 -5.073958 13.27178 -15.78423 9.483842 17.34368 -3.04413 9.483842 -11.26902 -13.43273 -5.074158 13.27168 -15.78423 9.483842 -10.31182 -12.29223 -3.612158 -15.56612 14.02767 9.418843 -10.97042 -13.07683 9.483842 13.82398 8.20287 9.418843 -10.97032 -13.07673 -4.019158 13.31878 -15.84013 7.682042 -16.82882 -13.14353 7.525142 -16.88382 -13.18643 6.952842 -17.08422 -13.34313 9.483842 12.66358 9.89247 4.986842 7.104277 19.44107 9.483842 -10.15622 -12.40313 9.483842 -8.487223 -13.59363 6.041841 7.079077 19.37187 6.041442 7.079077 19.37187 -7.887658 0.02537727 18.85187 7.725841 -16.81342 -13.13153 -4.016158 13.43638 -17.44853 -7.888158 0.02537727 18.85127 -5.071158 13.39338 -17.39353 -4.016158 14.14618 -16.82603 8.358842 -16.43412 -12.83553 7.763041 -16.79112 -13.11413 -4.725658 14.11618 -16.79003 -4.279858 14.13508 -16.81253 -8.51616 -15.80792 -2.77313 -5.984158 13.26938 -17.22953 -7.288158 0.02537727 13.43837 -5.071158 14.10148 -16.77243 -1.783358 -15.34172 13.82567 9.483842 10.92938 9.81247 -5.984158 13.96948 -16.61563 -5.372758 14.05798 -16.72073 -5.194158 14.08368 -16.75133 -8.51616 -16.95762 4.560469 8.387944 -16.40532 -12.81313 -8.51616 -17.25562 3.062368 7.644942 4.193177 19.60517 -6.758158 13.05938 -16.95753 6.956841 4.261077 19.92407 -6.507058 13.82038 -16.43823 -6.010958 13.96188 -16.60653 -6.758158 13.74848 -16.35263 -6.720658 13.75928 -16.36543 5.977842 -17.24912 -13.47213 4.983842 -17.30042 -13.51223 8.358842 -16.53762 12.72847 -8.51616 -17.51602 0.62817 6.038842 -17.24592 -13.46963 7.725841 -16.91962 13.02147 6.658342 -17.13622 -13.38403 6.952842 -17.19262 13.23147 -6.968858 13.64608 -16.23033 6.092341 -17.23642 -13.46223 7.711842 -10.42482 -8.141832 7.711842 -10.93962 -7.406831 7.711842 -10.94862 -7.394031 6.957242 7.003677 19.16477 -7.288158 0.04337692 13.43997 6.956841 7.003777 19.16497 -7.391158 -9.775524 18.41667 6.956342 7.003777 19.16507 -7.391158 -10.40662 18.10547 7.711842 -10.41952 -8.149333 9.483842 13.93258 8.045069 8.489844 -10.47462 -9.800532 6.952842 -18.77062 10.86847 8.489844 -9.736624 -9.124531 7.711842 -9.736624 -9.124531 7.711842 -8.672123 -10.01773 6.952842 -18.77982 10.84967 9.483842 15.27548 8.820269 9.483842 14.39938 3.147469 9.483842 15.79398 2.985868 9.483842 15.28038 4.971668 4.983842 2.914377 21.81747 9.483842 13.10338 6.708469 4.983842 0.04337692 22.00547 6.038842 -17.35562 13.35647 4.983842 -17.41062 13.39847 4.983842 -19.00962 11.00547 6.952842 2.878377 21.54447 -8.51616 -17.55662 0.005468368 9.483842 16.30438 6.741468 6.952842 0.04337692 21.73147 -8.51616 -16.66742 -5.40443 9.483842 15.84168 2.801168 6.038842 -18.94962 10.97147 6.038842 2.906377 21.74947 4.983842 -19.01852 10.98747 6.031342 -18.95912 10.95327 -8.51616 -17.25992 -3.029131 6.038842 0.04337692 21.93747 9.483842 15.28538 8.80547 -8.51616 -17.40662 -2.291531 8.489844 -12.64862 -6.696531 9.483842 15.85938 -2.590231 9.483842 14.72938 -0.6275311 -8.51616 -7.571623 -12.23653 8.489844 -11.76062 -6.23453 4.076142 -17.90732 -10.33093 9.483842 16.05618 -0.5479317 7.668241 -2.957823 21.18847 7.502042 -2.968023 21.26147 6.952842 -3.001823 21.50267 -0.3355579 12.00898 -14.28063 -8.51616 -15.20902 -8.773431 -8.51616 -16.21762 -6.729531 9.483842 -13.79122 -8.174931 -8.51616 -10.15622 -12.40313 9.483842 15.84118 -2.77923 -8.51616 -8.487223 -13.59363 6.947142 0.02537727 21.73157 6.952842 0.02537727 21.73027 6.957842 0.02537727 21.72807 9.418843 -13.43602 -10.49393 4.983842 0.02537727 22.00427 9.427144 -13.33342 -10.41383 9.483842 -12.63012 -9.864432 4.990442 0.02537727 22.00387 -6.762158 9.410377 -17.65323 -6.677058 9.429377 -17.68893 6.038842 0.02537727 21.93627 -8.51616 -10.31182 -12.29223 6.038842 -3.030623 21.70757 -6.990558 9.323277 -17.48943 5.063542 -3.039423 21.77017 9.483842 -10.47462 -9.800532 -1.461258 -20.84212 -6.761631 -3.052858 -20.84222 -6.761331 9.483842 -2.211823 15.88737 -0.3235583 -20.84222 -6.761431 -7.459758 -9.735123 18.34077 4.983842 -3.040123 21.77527 -7.520658 -9.699324 18.27337 9.483842 -13.89942 -8.017433 -8.51616 -11.26902 -13.43273 6.884541 -3.004024 21.51797 6.632742 -3.011823 21.57447 9.483842 -2.427623 17.42107 -1.642458 10.33698 -19.39563 -3.263758 10.33688 -19.39573 -4.016158 10.33688 -19.39573 9.483842 -12.64862 -6.696531 0.3816419 10.33678 -19.39573 -1.777158 -19.64272 -6.372231 -8.51616 -12.63012 -9.864432 -8.51616 -13.79122 -8.174931 9.483842 -2.914623 14.17747 -0.486258 10.33658 -19.39583 -4.016158 11.04338 -19.04753 9.483842 -4.137623 -13.83753 8.489844 -4.137623 -13.83753 -8.51616 -13.83472 -10.80533 -8.51616 -10.47462 -9.800532 9.483842 0.02537727 16.06297 9.483842 -0.1632232 16.04817 -5.071158 11.00938 -18.98753 -8.51616 -12.40162 -12.43953 9.483842 0.02537727 17.60427 -5.984158 -20.58102 -6.677131 8.358842 16.48968 12.88217 4.986842 0.02537727 20.68827 6.957541 0.02537727 20.39487 -5.984158 -20.02762 -8.307532 7.773942 16.84038 13.15547 6.038842 -18.95872 10.95297 6.956841 0.02537727 20.39527 9.438941 -11.69372 -13.93873 6.041841 0.02537727 20.61527 -4.782858 10.31338 -19.35153 6.040842 0.02537727 20.61527 -5.071158 10.30468 -19.33513 8.396642 16.45228 12.85287 -6.455958 -20.38232 -6.613131 -5.984158 10.90638 -18.80853 -7.010958 -20.07282 -6.512031 -8.51616 -13.89942 -8.017433 6.648942 -18.83932 10.88407 6.045442 -18.95742 10.95227 -4.016158 -20.28162 -8.413532 -5.071158 -20.21862 -8.386531 -5.209158 10.28998 -19.30753 -5.322858 10.27798 -19.28473 9.207742 -11.58502 -13.80923 -5.984158 10.20798 -19.15283 9.207843 -11.58492 -13.80903 -8.51616 -12.64862 -6.696531 -6.758158 10.04708 -18.84973 -6.934258 9.984377 -18.73193 -6.758158 10.73338 -18.51153 -6.548858 10.09068 -18.93173 -6.548858 10.09068 -18.93173 6.955942 0.02537727 20.39547 -6.758158 -20.25492 -6.571531 -7.326058 -9.158224 17.25697 -7.395158 -9.131725 17.20747 2.016442 -2.855523 20.46207 3.642342 -2.855523 20.46207 -6.758158 -19.70962 -8.176531 -7.451958 -9.095924 17.14027 -6.464958 -20.37852 -6.611931 7.711842 -7.431923 10.99947 7.711842 -3.161623 13.03157 7.711842 -3.240623 13.00277 7.711842 -3.251623 12.99877 7.711842 -4.270623 12.62777 7.711842 -7.350424 11.05657 7.711842 -3.466023 10.41727 2.965442 -2.855823 20.46207 -4.016158 -20.84222 -6.761331 -4.016158 -19.00962 11.00547 -4.016158 -17.41062 13.39847 -4.016158 -19.01852 10.98737 -4.432658 -20.81662 -6.752931 -5.071158 -20.77752 -6.740231 -8.51616 0.01737684 -17.59283 -8.51616 -2.254623 -17.44353 -7.391158 -12.67962 16.58647 7.711842 -6.257624 9.02047 7.711842 -6.024023 9.16197 -8.51616 -3.634723 -17.16893 -3.109558 -19.01852 10.98737 -3.025958 -19.01852 10.98737 -2.942058 -19.01852 10.98737 7.711842 -7.379623 8.119469 -2.855758 -19.01852 10.98737 -2.764258 -19.01852 10.98737 -7.391158 -13.38382 15.96927 -7.308858 -13.42402 16.01717 -8.51616 -5.991922 -16.49223 -3.284158 -19.01852 10.98737 -3.195058 -19.01852 10.98737 -8.51616 -6.692623 -16.25453 -2.664458 -19.01852 10.98737 -2.551058 -19.01852 10.98747 -8.51616 0.01737684 -16.05103 0.3807421 -19.01852 10.98747 -7.563158 -13.24522 15.80377 7.711842 -8.204123 7.25857 -5.071158 -18.94962 10.97147 -5.071158 -17.35562 13.35647 -5.626658 -20.65792 -6.701831 -5.988158 9.582677 -17.97703 -5.340058 9.656277 -18.11553 -8.51616 -5.294723 -15.13283 -8.51616 -4.137623 -13.83753 -5.091758 -20.77302 -6.73873 -5.984158 -17.19262 13.23147 -8.51616 -3.318123 -15.68063 -6.758158 -16.91962 13.02147 7.725841 16.86908 13.17787 7.711842 -9.790224 4.89057 7.711842 -9.918623 4.656469 -5.984158 -18.78002 10.84947 -4.019158 9.720977 -18.23693 -5.984158 -18.77062 10.86847 -1.779958 9.720977 -18.23693 -6.011058 -18.76962 10.84357 -4.137358 9.717079 -18.22973 -5.074158 9.686477 -18.17223 -5.177058 9.674879 -18.15033 -8.51616 -5.478323 -15.08193 -7.395158 -12.52612 14.94697 -4.280358 -19.00362 10.97877 -5.063458 -18.95932 10.95297 7.711842 -10.44062 3.314468 -8.51616 -0.4056234 -14.49653 -5.071158 -18.95892 10.95267 -5.194958 -18.93462 10.93867 -5.077858 -18.95752 10.95187 -8.51616 -9.291025 -14.87943 -5.988158 -19.36352 -6.281131 -5.339158 -19.51252 -6.32933 -6.762158 -19.01482 -6.167931 -8.51616 -8.756624 -15.23653 -6.676858 -19.05342 -6.180531 4.150742 -2.855423 20.46207 -7.391158 16.48988 12.88197 8.850844 13.05088 15.51587 -6.990258 -18.83832 -6.110731 -6.869458 6.474977 -17.73723 9.089042 12.72298 15.12507 9.202842 12.56608 14.93807 -5.302858 5.924477 -16.22583 -7.428958 16.45248 12.85267 -3.280458 7.530477 -20.63583 -3.190958 7.530577 -20.63583 -3.105058 7.530577 -20.63583 -3.020958 7.530577 -20.63583 -2.936758 7.530577 -20.63583 -5.001758 -18.65192 10.77547 4.986842 -2.855423 20.46207 -2.849858 7.530577 -20.63583 7.644642 -2.769123 19.84827 -2.757958 7.530577 -20.63583 -2.657658 7.530577 -20.63583 -2.543758 7.530577 -20.63583 6.956841 -2.814623 20.17177 5.105542 -2.854323 20.45397 6.041841 -2.845323 20.38987 0.4029417 7.530677 -20.63573 -4.016158 7.530577 -20.63583 -7.391158 13.44858 15.98857 -7.321558 13.48258 16.02907 6.145242 -2.841823 20.36527 -4.019158 -19.64272 -6.372031 9.202842 10.36548 16.54177 -5.074158 -19.57312 -6.349231 -4.016158 5.737377 -21.24453 -4.137658 -19.63482 -6.369431 -7.557658 13.31408 15.82857 9.202842 9.806379 16.91547 9.360242 10.01238 15.97687 9.360143 10.01248 15.97707 -5.071158 5.719377 -21.17853 9.329942 10.08028 16.08547 9.313743 10.11668 16.14357 9.358142 10.01718 15.98447 -5.177258 -19.54962 -6.341531 9.413844 9.359377 16.14047 9.359143 10.01488 15.98087 -4.711158 7.515477 -20.59363 -4.276258 7.524877 -20.62003 -5.071158 7.507577 -20.57173 9.483842 -16.27292 6.578369 7.711842 -10.72002 2.17247 9.413844 -16.10062 9.30327 -6.758158 5.576377 -20.64653 -5.984158 5.666377 -20.97853 9.413844 -16.09162 9.32147 9.356742 -16.30982 9.42417 9.483242 -15.21462 8.791872 9.483842 -15.19862 8.80547 -7.395158 12.57328 14.94647 9.365344 10.00088 15.95847 9.363944 10.00418 15.96367 9.413844 9.892177 15.78467 9.368741 9.993377 15.94647 9.366944 9.997279 15.95277 9.483842 -15.20742 8.78777 7.711842 -10.90762 -0.9535313 9.361344 10.00998 15.97297 7.711842 -10.91372 -0.67873 9.362544 10.00718 15.96847 -3.024158 -19.02012 -10.97313 -2.853658 -19.02012 -10.97313 7.711842 -10.68862 -2.37553 -3.282858 -19.02022 -10.97313 -3.193558 -19.02012 -10.97313 -2.662058 -19.02012 -10.97313 8.946244 10.65668 17.00747 8.850844 10.18338 17.56947 -2.940158 -19.02022 -10.97313 -3.107958 -19.02022 -10.97313 -2.762058 -19.02022 -10.97313 -2.548458 -19.02012 -10.97313 8.850844 10.76508 17.18077 9.483842 -15.82652 2.61817 0.3885417 -19.02012 -10.97313 9.483842 -15.80842 2.807169 -1.613758 -17.30032 -13.51233 -3.230958 -17.30052 -13.51213 0.4047418 -17.30042 -13.51223 -0.4613581 -17.30072 -13.51193 9.466243 9.484477 15.13217 -5.385358 7.483277 -20.50493 -5.191558 7.498277 -20.54613 8.723943 10.84958 17.31597 9.418843 -15.80872 6.39077 -5.984158 7.436677 -20.37773 9.427144 -15.68782 6.341869 9.483842 -13.97742 7.85787 -7.391158 10.49338 18.10547 9.483842 -14.86012 6.007469 -6.007258 7.433177 -20.36803 -7.391158 11.09238 17.70517 7.711842 -10.35282 -3.52713 -6.251558 7.396177 -20.26623 -1.527858 -17.90742 -10.33083 -1.879858 -17.90742 -10.33083 -7.473658 11.03738 17.61727 -6.758158 7.319377 -20.05503 -6.716958 7.325677 -20.07213 -2.193058 -17.90742 -10.33083 -7.177858 7.210677 -19.75613 -2.504258 -17.90742 -10.33083 8.866342 9.993377 15.94647 8.896642 9.956579 15.88747 -2.668258 -17.90742 -10.33083 -3.598858 -17.90742 -10.33073 7.711842 2.213676 10.78257 3.380842 2.213676 10.78257 9.207843 9.577979 15.28187 3.380842 1.965377 10.84347 -4.471258 7.082277 -19.40373 9.232542 9.518677 15.18697 3.380842 0.5343771 10.99947 3.380842 8.235378 10.77697 3.380842 8.237177 10.77547 3.380842 7.970077 10.99947 3.380842 8.069377 10.91617 -1.711558 -17.90742 -10.33073 8.760541 10.07388 16.07517 -2.038658 -17.90742 -10.33073 -7.326258 10.38598 16.57467 -2.346958 -17.90742 -10.33073 -7.395158 10.35638 16.52727 -7.451758 10.31618 16.46287 3.380842 -0.6273232 10.97447 7.711842 -0.6273232 10.97447 7.711842 -0.904623 10.96847 8.787644 10.05458 16.04437 8.815644 10.03468 16.01257 8.844243 10.01438 15.97997 7.711842 -4.595623 -9.967533 7.711842 -4.820523 -9.844231 7.711842 -3.254623 -10.48953 3.380842 7.488377 11.40347 7.711842 5.998977 12.09807 3.380842 5.998977 12.09807 -1.319258 -17.90742 -10.33083 -7.391158 14.82238 14.78447 3.380842 2.637477 13.18627 7.711842 2.637477 13.18627 8.855842 10.00608 15.96687 3.380842 0.9993773 13.47517 7.711842 -9.089624 -6.092331 7.711842 -8.959625 -6.306531 3.380842 0.8163767 13.50747 7.711842 -8.058624 -7.428531 3.380842 0.04337692 13.43997 7.711842 -0.8363228 13.36307 3.380842 -0.8363228 13.36307 3.380842 0.02537727 13.43837 -4.016158 -19.02022 -10.97303 -7.488158 16.39388 12.80687 -5.071158 -18.96002 -10.93853 -5.062558 -18.96042 -10.93883 7.711842 -7.194223 -8.256332 7.711842 10.83688 -2.13183 3.380842 10.83688 -2.13183 8.708243 10.11108 16.13467 8.734044 10.09268 16.10527 -4.278958 -19.00522 -10.96443 8.683042 10.12888 16.16317 3.380842 10.89238 -1.905531 -6.671958 6.881277 -18.85173 3.380842 11.04838 -0.4745312 -5.078658 -18.95852 -10.93763 -5.193758 -18.93592 -10.92463 7.711842 11.01738 0.9644699 3.380842 11.02288 0.7116699 7.711842 11.02288 0.7116699 -5.984158 -18.78122 -10.83493 -7.326258 15.42378 12.04947 -7.395158 15.37968 12.01497 -6.984758 7.022477 -19.23943 -6.751858 -18.48632 -10.66513 -6.719258 -18.49882 -10.67233 -6.009458 -18.77152 -10.82933 -7.451858 15.31988 11.96817 7.711842 10.79838 2.387468 7.711842 10.45938 3.549969 -6.758158 -18.48382 -10.66373 3.380842 10.45938 3.549969 3.380842 10.39538 3.769468 -6.763558 -18.48032 -10.66163 3.380842 9.815379 5.087469 6.952842 -5.579622 20.99047 -7.288158 16.37558 12.79257 7.711842 9.069377 6.317469 3.380842 9.198779 6.104069 7.711842 9.198779 6.104069 7.569542 -7.301924 20.11647 7.206642 -7.356922 20.26757 6.952842 -7.395523 20.37347 8.850844 14.38438 14.34747 -5.283558 7.050377 -19.31703 -5.074058 7.067677 -19.36443 8.850844 16.00258 12.50167 6.038842 -5.632624 21.19047 -5.074158 7.067677 -19.36433 4.983842 -5.650623 21.25647 -7.288158 8.237177 10.77547 -7.288158 8.235378 10.77697 5.696542 -7.473824 20.58837 6.038842 -7.466223 20.56757 -5.988158 6.992477 -19.15753 -6.022258 -17.63842 -10.17563 -5.988158 6.992477 -19.15743 -5.988158 6.992477 -19.15743 -6.022358 6.986977 -19.14213 4.983842 -7.489723 20.63217 9.418843 -14.78262 8.542469 9.423144 -14.72352 8.508469 -7.391158 -15.47282 13.94337 9.203443 -14.93422 8.63007 6.337942 -7.443123 20.50407 -7.883158 10.18338 17.56947 9.177243 15.45078 12.07007 9.241843 -14.94282 8.63497 9.408244 -14.82422 8.56657 -7.883158 13.05118 15.51567 6.673242 -7.417223 20.43287 -7.812958 13.10788 15.58317 -2.038658 7.092777 -19.43333 9.398742 14.75438 11.52537 9.372941 14.84038 11.59247 9.371242 14.84598 11.59687 9.207742 -15.61122 9.020771 9.369744 14.85108 11.60087 9.368344 14.85578 11.60457 8.855842 -16.31092 9.42477 9.367042 14.86008 11.60787 9.365842 14.86408 11.61097 -8.234159 12.56598 14.93817 9.207843 -15.61102 9.02067 9.364743 14.86778 11.61387 -8.184558 12.63448 15.01987 -8.120658 12.72288 15.12507 -3.598558 7.092677 -19.43333 9.363643 14.87128 11.61657 9.362744 14.87448 11.61907 9.335643 14.96488 11.68977 9.319942 15.01698 11.73047 9.202842 15.40748 12.03617 -2.193058 7.092777 -19.43333 -4.019158 7.092877 -19.43333 9.202842 13.84938 13.81247 8.855744 -16.31112 9.42487 9.419342 14.63958 11.43567 7.711842 8.168377 7.44047 -8.498558 9.484477 15.13217 6.956942 -6.955824 19.16537 6.956841 -6.955824 19.16537 -7.756358 10.84928 17.31607 -7.883158 10.76488 17.18097 7.711842 7.311577 8.26017 3.380842 7.311577 8.26017 6.956742 -6.955824 19.16537 3.380842 7.128377 8.435469 -5.074058 -17.84342 -10.29373 -5.074158 -17.84342 -10.29373 4.986842 -7.056223 19.44117 4.076941 -7.056223 19.44117 9.413844 14.70388 11.48587 -7.978258 10.65658 17.00767 -8.058158 10.56568 16.86207 -4.471658 -17.87992 -10.31503 -8.234159 10.36548 16.54177 3.380842 5.967377 9.286469 9.483842 -14.27462 0.6384697 -8.234159 9.806379 16.91547 -5.283658 -17.79972 -10.26843 6.041642 -7.031122 19.37227 8.489844 -14.27462 0.6384697 6.041841 -7.031122 19.37227 -5.988058 -17.65242 -10.18373 -5.988158 -17.65242 -10.18373 9.483842 -16.02332 0.5758686 9.413844 13.21738 13.18047 -5.988258 -17.65242 -10.18373 3.380842 4.948677 9.84587 7.711842 4.948677 9.84587 7.711842 4.705377 9.97947 -8.392258 10.01238 15.97687 -8.400858 9.993377 15.94647 -8.44616 9.892177 15.78467 9.418843 -16.21992 -5.259031 -8.44616 9.359377 16.14047 9.427144 -16.09542 -5.218531 9.483842 -15.76022 -2.957931 9.483842 -15.24752 -4.94313 -4.019158 -17.90742 -10.33083 7.711842 3.363377 10.50047 9.413844 11.99268 14.25477 9.437942 11.76488 13.98337 3.380842 8.932779 10.19207 7.711842 8.932779 10.19207 3.380842 13.72938 -0.5835304 3.380842 13.41778 -2.350031 3.380842 13.41758 -2.35083 3.380842 13.41758 -2.351332 3.380842 13.41748 -2.35173 9.346042 12.17698 14.47427 -6.672258 -17.37062 -10.02093 9.328443 12.22478 14.53117 -6.762158 -17.33362 -9.999531 -6.762158 -17.33362 -9.999531 9.419342 -17.15302 6.933969 9.413844 -17.22772 6.964169 -2.346858 7.092677 -19.43343 9.356944 12.14748 14.43917 -2.504258 7.092677 -19.43343 -2.668158 7.092577 -19.43343 6.952842 -10.16182 19.14447 -7.237858 -16.99912 -9.806531 -7.446358 -15.42132 13.89707 4.983842 -10.95662 19.05847 8.866044 14.84038 11.59247 6.038842 -10.92262 18.99847 8.896743 14.78488 11.54907 5.767142 -10.26672 19.34167 -7.685358 -15.19842 13.69637 9.207843 14.22188 11.10947 4.983842 -10.29082 19.38687 3.380842 13.41738 -2.352032 3.380842 13.41738 -2.352331 6.038842 -10.25842 19.32607 3.380842 13.37728 -2.579731 7.711842 13.37728 -2.579731 9.232644 14.13368 11.04047 7.711842 13.59608 0.9367695 6.276341 -10.23322 19.27857 9.202842 -18.05632 7.29847 6.671942 -10.19142 19.20017 -1.879658 7.092677 -19.43343 9.398843 -17.28662 6.987968 9.364442 -17.42162 7.042469 9.362643 -17.42872 7.04537 8.855842 14.85878 11.60687 9.358142 -17.44652 7.052568 9.356842 -17.45162 7.054569 -1.527758 7.092777 -19.43333 9.361042 -17.43512 7.04797 9.359542 -17.44112 7.050369 -1.711358 7.092677 -19.43333 8.815143 14.90188 11.64057 8.843743 14.87148 11.61687 9.355643 -17.45632 7.056469 -7.326258 -14.50982 13.07697 9.354543 -17.46062 7.058269 9.353543 -17.46472 7.05987 9.324342 -17.57912 7.10607 -7.395158 -14.46822 13.03957 9.307641 -17.64492 7.132669 -7.451758 -14.41172 12.98877 8.787242 14.93138 11.66357 8.760043 14.96008 11.68597 -1.319058 7.092777 -19.43333 -4.016158 -17.30052 -13.51213 7.537442 -10.03972 18.91487 7.529042 -10.04142 18.91817 -5.010158 -17.24912 -13.47213 -5.071158 -17.24592 -13.46963 8.733544 14.98808 11.70787 -5.124558 -17.23642 -13.46223 -5.190558 -17.22472 -13.45313 -5.984158 -17.08372 -13.34373 3.380842 13.59608 0.9367695 -6.713858 -16.82802 -13.14473 -6.758158 -16.81242 -13.13263 6.952842 -10.81962 18.82047 7.711842 11.28978 7.568169 3.380842 11.28978 7.568169 3.380842 11.81008 6.82527 3.380842 11.81138 6.82337 8.707843 15.01538 11.72917 -6.536358 -16.89012 -13.19333 8.682744 15.04198 11.74997 3.380842 11.81238 6.82197 -6.795758 -16.79002 -13.11503 3.380842 11.81288 6.821169 3.380842 12.87618 4.429569 7.711842 12.87618 4.429569 3.380842 12.21538 6.246469 -8.498959 -8.346424 15.73237 0.594142 -9.683123 18.24447 2.014242 -9.683025 18.24457 3.640841 -9.682924 18.24457 -8.44616 -8.710724 16.41757 9.207843 11.62828 13.82067 -8.44616 -9.272624 16.14047 -8.290558 -9.019024 16.99607 -8.39616 -8.809624 16.60347 8.855842 12.14798 14.43977 9.207843 11.62828 13.82057 -8.234159 -9.719624 16.91547 -8.234159 -11.84262 15.49647 7.711842 -2.326623 10.74947 9.418843 11.01318 13.08787 2.964342 -9.683025 18.24457 9.418843 9.071779 14.47197 9.418843 11.01308 13.08767 1.711842 -0.3056231 3.185968 1.711842 -0.6506233 3.144468 1.711842 -1.247623 2.948469 1.711842 0.3953772 3.18717 1.711842 1.205377 3.00247 1.711842 0.6003771 3.171469 9.427144 9.002779 14.36157 1.711842 1.765377 2.717468 8.850844 -17.52972 10.12807 9.200141 -16.87982 9.75297 4.150542 -9.682924 18.24457 -8.263958 9.518677 15.18697 -8.239158 9.577979 15.28187 1.711842 -1.795623 2.640469 9.202842 -16.86562 9.768469 -7.025858 6.793077 -18.61033 8.855744 12.14808 14.43987 -6.762158 6.866577 -18.81143 1.711842 1.304777 -0.7845306 1.711842 1.475377 0.4784699 1.711842 1.548377 0.01446908 -7.928858 9.956579 15.88747 -6.762158 6.866577 -18.81143 -7.898658 9.993377 15.94647 1.711842 1.261377 0.8974686 1.711842 0.9283772 1.229469 8.850844 -17.52062 10.14647 9.202842 -16.87472 9.750069 4.986842 -9.682924 18.24457 1.711842 0.5093765 1.442469 7.644642 -9.391724 17.69737 6.956841 -9.545023 17.98537 9.204644 -16.86822 9.746271 1.711842 0.3953772 1.460569 5.105442 -9.679024 18.23727 6.041841 -9.648525 18.17987 6.145342 -9.636824 18.15787 -7.883158 -12.30262 16.09547 -7.883158 -10.09662 17.56947 9.483842 -3.634723 -17.16893 1.711842 1.475377 -0.450531 9.483842 -3.318123 -15.68063 -7.883158 -9.485424 17.87127 9.328443 -16.41402 9.484272 1.711842 3.031377 -1.148531 1.711842 3.200377 -0.5425301 1.711842 3.248377 0.08346939 1.711842 3.173377 0.7074699 1.711842 2.977377 1.305469 1.711842 2.669377 1.852468 1.711842 2.260377 2.32947 6.952842 -13.18262 17.24147 9.483842 -5.294723 -15.13283 1.711842 0.1133766 -3.19153 6.038842 -13.30662 17.40547 1.711842 0.7373772 -3.116531 1.711842 1.334377 -2.92053 1.711842 1.882377 -2.612532 1.711842 2.359377 -2.203531 1.711842 2.747377 -1.70853 4.983842 -13.34962 17.45947 9.483842 -5.478323 -15.08193 1.711842 -1.215023 -0.7845306 1.711842 -0.3056231 1.460669 1.711842 -0.4196234 1.442469 1.711842 -0.8386231 1.229469 9.483842 -5.991922 -16.49223 1.711842 -1.171623 0.8974686 8.681043 12.29888 14.61947 9.483842 -6.692623 -16.25453 1.711842 -1.385623 0.4784699 1.711842 -1.458623 0.01446908 8.850844 -18.75782 7.581369 1.711842 -1.385623 -0.450531 9.483842 -9.291025 -14.87943 -8.146458 -9.219624 17.37217 -8.234159 -9.130825 17.20567 9.483842 -8.756624 -15.23653 9.177642 -18.10652 7.318668 -8.05006 -9.317125 17.55487 8.850844 -4.191123 -19.78653 1.711842 -1.118623 -2.974531 1.711842 -0.5136232 -3.14353 1.711842 -1.679623 -2.689531 6.685842 -13.95202 16.64607 6.952842 -13.91352 16.60027 8.865942 -17.42162 7.042469 1.711842 -2.272623 2.23147 8.896743 -17.35622 7.016069 1.711842 -2.660624 1.736469 1.711842 -2.944623 1.175468 1.711842 -3.114623 0.5704689 1.711842 -3.161623 -0.05553048 1.711842 -3.086623 -0.6795311 1.711842 -2.891623 -1.277531 1.711842 -2.582623 -1.824532 1.711842 -2.173623 -2.301531 9.207843 -16.69352 6.74827 7.599542 -13.72852 16.37997 8.991244 -4.128523 -19.49203 7.464042 -13.76732 16.42617 -7.802058 -13.05242 15.57387 -7.883158 -12.98692 15.49587 7.725841 15.16138 15.12447 9.202842 -4.034223 -19.04793 -8.11666 -12.66422 15.11187 -3.347858 3.084177 -21.77183 -8.234159 -12.50172 14.91837 -8.17636 -12.58172 15.01367 -4.016158 3.084277 -21.77173 9.232542 -16.58962 6.706268 7.725841 13.75668 16.35677 9.413844 -3.848824 -18.17563 9.364043 -3.892623 -18.38153 9.362243 -3.894223 -18.38903 9.360543 -3.895623 -18.39583 9.359044 -3.897023 -18.40213 9.357644 -3.898223 -18.40793 9.356343 -3.899423 -18.41333 9.355142 -3.900423 -18.41823 -4.016158 19.09638 11.00547 9.323642 -3.928023 -18.54833 9.306842 -3.942924 -18.61803 9.287343 -3.960023 -18.69853 7.938942 13.65298 16.23317 9.353042 -3.902323 -18.42713 9.354043 -3.901423 -18.42283 -5.071158 19.03638 10.97147 -8.239158 -8.441425 15.91117 8.855842 -17.44312 7.051168 8.358842 13.44808 15.98907 8.733443 -17.59542 7.112669 8.759841 -17.56252 7.099369 8.815042 -17.49402 7.071669 8.843644 -17.45832 7.05727 -8.26406 -8.388725 15.81207 8.525243 13.31378 15.82907 -7.888158 10.00608 15.96687 8.602044 13.25168 15.75517 -7.929058 -8.776424 16.54097 -1.717158 3.084677 -21.77163 -4.016158 19.08628 11.02057 9.413844 -6.343924 -17.45883 9.413844 -7.086622 -17.20653 -2.696158 19.08638 11.02037 -2.585358 19.08648 11.02037 9.437242 -6.226223 -17.13573 8.787042 -17.52872 7.085669 0.2784419 19.08648 11.02027 -3.301358 19.08638 11.02037 -3.214358 19.08638 11.02037 -3.130758 19.08638 11.02037 -3.049158 19.08638 11.02037 -2.967258 19.08648 11.02037 9.202842 -6.649322 -18.29783 4.986842 -13.28212 15.84797 -2.882858 19.08638 11.02037 6.956841 -13.09362 15.62337 9.202842 -7.428623 -18.03353 -2.793558 19.08638 11.02037 -7.898258 -8.809624 16.60347 6.956841 -13.09372 15.62337 6.041642 -13.23512 15.79197 6.041841 -13.23512 15.79197 -8.470258 11.76488 13.98337 -8.44616 11.99268 14.25477 6.956841 -13.09372 15.62337 -8.44616 13.21738 13.18047 -4.298358 19.07028 11.01137 -4.022858 19.08588 11.02037 -5.071158 19.02688 10.98577 9.323143 -6.475122 -17.81923 9.348044 -6.439123 -17.72023 -7.888158 -8.820625 16.62407 -7.883158 14.38438 14.34747 7.729842 12.90408 15.34067 7.729942 12.90408 15.34067 -7.883158 16.00248 12.50177 8.362842 12.57328 14.94647 9.352542 -6.432623 -17.70253 -4.016158 17.35698 13.55857 -4.993358 17.30648 13.51917 9.442044 -3.762623 -17.77033 -8.067258 15.68998 12.25807 -8.208559 15.45058 12.07047 -1.716958 17.35658 13.55907 -3.346858 17.35708 13.55857 -8.04146 -14.76102 13.30277 4.076642 -13.28212 15.84797 -8.234159 -14.45272 13.02567 0.321342 3.084577 -21.77173 -8.234159 15.40718 12.03647 0.3190417 17.35708 13.55857 -0.5538583 17.35698 13.55867 8.850844 -7.718622 -18.73253 -0.554358 3.084177 -21.77173 -8.234159 13.84938 13.81247 -4.079858 3.083677 -21.76763 -5.984158 18.85738 10.86847 -5.071158 3.075177 -21.70493 -8.430958 14.75438 11.52537 -8.44616 14.70388 11.48587 7.725841 10.73338 18.52247 -5.984158 18.84758 10.88317 8.850844 -6.907722 -19.00743 7.725841 11.34758 18.11217 -5.213858 18.99898 10.96957 -5.076658 19.02578 10.98507 -8.405058 14.84038 11.59247 8.194643 11.15888 17.81057 -6.028958 18.83038 10.87327 -5.071158 17.30238 13.51607 9.092244 -6.730423 -18.52063 -5.139258 17.29038 13.50657 -6.712258 3.001477 -21.17983 -6.758158 2.998677 -21.15963 -8.45166 14.63958 11.43567 -4.016158 -5.650623 21.25647 -3.097758 -7.489624 20.63227 -3.013058 -7.489624 20.63217 -2.928058 -7.489624 20.63217 -5.984158 17.14038 13.38987 8.707643 -17.62762 7.125669 8.682443 -17.65882 7.138269 -2.840558 -7.489624 20.63227 -3.184358 -7.489624 20.63227 -2.747858 -7.489624 20.63217 -2.646858 -7.489624 20.63217 -2.531958 -7.489624 20.63217 -5.259658 17.26898 13.48997 0.438242 -7.489723 20.63217 -6.584758 3.009377 -21.23583 -6.806358 16.84008 13.15577 -5.984158 3.046477 -21.50003 -4.016158 -7.489624 20.63217 -6.797058 2.994477 -21.13043 -5.984158 -5.579622 20.99047 -8.030158 -14.77912 13.31907 -5.071158 -5.632624 21.19047 -8.234159 -15.44762 11.89147 -8.44616 -13.78952 12.42927 -8.488458 -13.32772 12.01357 -6.701258 16.88878 13.19377 -6.758158 16.86888 13.17827 -8.44616 -14.73762 11.34847 -8.37806 12.17688 14.47427 -6.758158 -5.489624 20.65847 -8.44616 -11.29862 14.78747 -6.583558 16.92998 13.22607 -6.758158 -7.278423 20.05137 -6.710358 -7.285624 20.07127 -8.42346 12.05408 14.32787 -8.44616 -11.92842 14.23507 -8.41856 -12.00302 14.32397 -8.375558 -12.11942 14.46267 -6.238258 -7.357023 20.26757 -8.26406 14.13368 11.04047 -8.239158 14.22188 11.10947 -8.471158 -11.69212 13.95367 8.681443 -16.51362 9.541769 -6.000758 -7.392923 20.36657 -5.984158 -7.395523 20.37347 -7.188758 -7.166622 19.74407 8.675843 -17.00472 9.825169 -7.928958 14.78488 11.54907 -7.898258 14.84038 11.59247 -5.071158 -7.466423 20.56747 8.681842 -6.512623 -17.92203 -4.728858 -7.473923 20.58837 9.413844 -17.95262 4.828468 -7.883158 -15.01392 13.53037 -4.269858 -7.484022 20.61657 -7.883158 -16.04662 12.35247 -5.369858 -7.443323 20.50407 -5.184858 -7.457724 20.54337 9.461242 -17.58322 3.120169 -8.323458 -14.17332 12.77447 8.896642 -3.878023 -18.31313 8.866044 -3.892623 -18.38153 -7.888158 14.85878 11.60687 9.413844 -18.26862 3.240969 -8.39206 -13.95862 12.58147 -4.471358 -7.045523 19.41157 8.855842 -3.897523 -18.40453 9.202842 -18.81562 5.059469 8.760144 -3.924223 -18.53013 8.815242 -3.908823 -18.45783 8.843942 -3.900823 -18.42023 8.850844 -19.89082 3.527569 8.688743 -20.09102 3.56287 8.850844 -19.54762 5.255468 -8.26406 -13.29232 11.98167 -8.239158 -13.37562 12.05667 8.787242 -3.916623 -18.49443 -8.451159 -12.66672 11.41857 -8.45946 -12.56972 11.33117 9.087543 -19.39092 3.439169 9.202842 -19.14692 3.396069 8.733642 -3.931623 -18.56483 9.345143 -18.55462 3.29147 -7.928958 -13.90672 12.53467 -7.898558 -13.95862 12.58147 9.312942 -18.68852 3.315069 9.344142 -18.55852 3.292068 8.682744 -3.945823 -18.63163 8.707843 -3.938823 -18.59873 -5.283558 -7.013622 19.32497 -5.074058 -7.031023 19.37227 -5.074158 -7.031023 19.37227 -5.988058 -6.955723 19.16537 -5.988158 -6.955723 19.16537 -5.988158 -6.955723 19.16537 -6.022458 -6.950224 19.15007 8.358842 10.49338 18.10547 8.358842 11.09278 17.70487 -7.888158 -13.97642 12.59747 8.680942 -18.78612 3.33227 -2.038658 -7.056023 19.44127 9.207843 -3.729623 -17.61503 -3.598658 -7.056023 19.44127 9.232542 -3.706323 -17.50563 9.207543 -17.75952 3.15127 8.855842 -18.55482 3.29147 -4.019158 -7.056124 19.44127 9.418843 -3.530923 -16.68133 -2.193058 -7.056023 19.44127 0.5921421 16.30528 12.73697 9.207843 -17.75882 3.15107 9.418642 -16.81772 2.985168 9.427144 -3.503823 -16.55353 9.418843 -16.81682 2.98497 -2.346858 -7.055923 19.44137 -2.504258 -7.055923 19.44137 -2.546358 14.15418 16.83017 -2.760258 14.15418 16.83017 0.3953419 14.15428 16.83017 -2.660158 14.15418 16.83017 -3.106658 14.15418 16.83017 -3.022858 14.15428 16.83017 8.855544 -18.55522 3.291569 -2.852058 14.15418 16.83017 -3.192458 14.15418 16.83017 -2.938658 14.15428 16.83017 -1.879658 -7.055923 19.44137 -5.261258 3.069277 -21.66223 -1.527758 -7.056023 19.44127 -1.711358 -7.055923 19.44127 -5.929558 3.048177 -21.51233 -8.239158 -11.58092 13.82117 -8.45106 -10.96642 13.08907 -8.23906 -11.58102 13.82127 -8.451159 -10.96622 13.08887 -1.319058 -7.056023 19.44127 -8.09906 -11.78842 14.06827 -4.016158 15.60038 15.56247 -5.338058 2.879477 -20.31503 -5.071158 15.55038 15.51347 -8.451159 9.071779 14.47197 -5.984158 15.40538 15.36747 7.729842 10.62928 16.96347 -8.45946 9.002779 14.36157 -6.758158 15.16138 15.12447 8.293943 10.38618 16.57467 9.207843 -6.156023 -16.94293 8.362842 10.35648 16.52717 9.207643 -6.156223 -16.94343 8.419444 10.31618 16.46287 8.658542 10.14638 16.19117 8.855842 -6.432724 -17.70273 9.418843 -5.829023 -16.04493 9.418843 -5.828922 -16.04473 -4.016158 14.15418 16.83017 8.855744 -6.432823 -17.70293 -5.071158 14.10968 16.77717 -4.721658 14.12458 16.79487 8.358842 14.82238 14.78447 -4.277458 14.14328 16.81707 -8.451159 11.01318 13.08787 7.010442 -20.07102 8.11237 6.952842 -20.09462 8.121971 -8.451159 11.01308 13.08767 -5.376158 14.06558 16.72457 7.725841 -18.47362 10.69647 -8.239158 11.62828 13.82057 8.358842 -18.05662 10.45547 -8.239158 11.62828 13.82057 -7.888058 12.14788 14.43997 7.720242 -18.48482 10.67937 7.725841 -18.48272 10.67807 -7.888158 12.14778 14.43987 -5.988158 2.857577 -20.15973 -6.762158 2.806677 -19.79703 -8.098858 11.83598 14.06807 -6.676958 2.812277 -19.83713 -6.990258 2.780877 -19.61373 -7.888158 -12.10062 14.44047 7.515942 -18.56332 10.72467 -7.717658 -12.24762 14.61567 -7.888158 -12.10062 14.44047 7.730542 -18.47952 10.67627 8.358842 -18.06552 10.43737 -5.192558 14.09208 16.75627 8.658244 15.06788 11.77017 8.293943 -4.046623 -19.10603 7.729842 15.78478 12.33027 8.362842 -4.034924 -19.05123 8.362842 15.38028 12.01427 8.293744 15.42448 12.04877 8.419544 -4.019123 -18.97703 8.419643 15.32028 11.96737 -6.672058 -6.844522 18.85967 8.658143 -3.952623 -18.66393 -7.391158 -16.53762 12.72847 -6.195458 -6.162123 16.98617 -7.135458 -6.725822 18.53407 -6.514558 -6.394823 17.62507 -6.762158 -6.829823 18.81937 -7.717858 12.29468 14.61497 -6.762258 -6.829823 18.81927 -4.019158 2.898677 -20.45103 -1.782258 2.898877 -20.45103 8.554244 -4.268523 -20.15073 -5.074158 2.888377 -20.37793 -4.137658 2.897577 -20.44283 8.362644 -18.06152 10.43497 8.607442 -17.79482 10.28107 -1.575558 -10.29102 19.38677 -3.187058 -10.29102 19.38677 -4.016158 -10.29102 19.38677 -5.177358 2.884877 -20.35333 0.4362421 -10.29082 19.38687 -0.428258 -10.29082 19.38687 -4.016158 -10.95662 19.05847 -7.288158 -8.148623 10.49757 7.257642 -4.462623 -21.06293 6.952842 -4.490723 -21.19533 -5.071158 -10.92262 18.99847 7.725841 -19.77602 7.993069 7.533142 -19.85542 8.025269 -8.44616 -16.09162 9.32147 -5.984158 -10.16232 19.14417 7.725841 -4.419423 -20.85953 7.539142 -4.436723 -20.94063 8.358842 -19.33072 7.812769 8.312942 -19.36302 7.825869 -4.799558 -10.26702 19.34157 -5.071158 -10.25872 19.32587 8.115344 -4.358023 -20.57113 8.396344 -19.28712 7.79517 9.413844 -2.387623 -18.46653 9.202842 -2.504623 -19.35253 -5.164658 -10.24872 19.30727 -5.308358 -10.23352 19.27847 9.202842 0.01737684 -19.51783 9.205142 0.01737684 -19.50823 -8.423358 -16.18392 9.35137 9.413844 0.01737684 -18.62383 9.414643 0.01737684 -18.61213 9.483842 0.01737684 -17.59283 9.483842 -2.254623 -17.44353 -8.444458 -16.10672 9.30687 -8.44616 -16.10062 9.30327 -8.51556 -15.21462 8.791872 8.850844 -2.603623 -20.10253 8.850844 0.01737684 -20.27383 8.850844 6.955077 19.03207 9.199342 0.01737684 -19.52523 4.983842 -20.34942 8.224869 -5.988158 16.07318 12.55657 -5.340058 16.19728 12.65317 8.850844 2.690377 20.11347 -6.677258 15.81598 12.35607 -6.762158 15.78418 12.33127 6.038842 -20.28622 8.19937 5.961741 -20.29082 8.20117 -5.984158 -10.81962 18.82047 8.850844 4.235577 19.80647 -6.517058 -10.05142 18.93497 -6.561358 -10.04212 18.91767 9.207444 0.01737684 -18.03213 8.855842 0.01737684 -18.83933 -7.605158 -12.66162 4.069469 -6.990958 15.63788 12.21717 9.207843 0.01737684 -18.03133 -6.758158 -10.64662 18.52247 9.418642 0.01737684 -17.07633 9.202842 2.591377 19.36447 -7.288158 -12.64672 4.101469 6.106441 -20.27202 8.193571 -7.288158 -12.66162 4.069469 9.202842 4.078777 19.06827 8.997043 4.170477 19.50007 9.418843 0.01737684 -17.07533 -6.758158 -10.00122 18.84077 9.483842 0.01737684 -16.05103 -8.455458 -14.72352 8.508469 -8.451159 -14.78262 8.542469 -6.923858 -9.942125 18.72977 8.855342 0.01737684 -18.83993 -8.44046 -14.82422 8.56657 6.666742 -20.15462 8.14617 -4.019158 16.30498 12.73737 -1.776658 16.30498 12.73737 8.358842 -4.319523 -20.39053 -5.074158 16.24788 12.69277 -4.137358 16.29848 12.73237 9.202842 0.04337692 19.53147 4.077342 -17.90302 10.34367 -8.239158 -15.61102 9.02067 9.483842 -0.4056234 -14.49653 -5.177058 16.22838 12.67757 -8.23906 -15.61122 9.020771 8.489844 -0.4056234 -14.49653 0.5928421 -19.14562 7.73847 2.014142 -19.14552 7.738869 8.850844 0.04337692 20.28747 6.952842 -2.791623 -21.53353 7.725841 -2.746623 -21.19253 6.952842 0.01737684 -21.71783 6.960042 0.01737684 -21.71463 7.725841 0.01737684 -21.37383 7.731842 0.01737684 -21.36923 8.358842 0.01737684 -20.89283 8.358842 -2.684623 -20.71553 8.363642 0.01737684 -20.88673 -7.888058 -16.31122 9.42477 -7.888158 -16.31102 9.424671 -8.09906 -15.89032 9.181969 7.725841 -8.138624 -19.74753 8.358842 -7.954622 -19.30353 -7.391158 8.041378 19.31447 7.725841 8.225378 19.75947 -8.451159 -15.80872 6.39077 -8.45946 -15.68782 6.341869 8.358842 8.041378 19.31447 4.983842 -2.827623 -21.80553 6.038842 -2.819623 -21.73853 -7.391158 7.166577 19.61147 -7.320258 7.184977 19.66207 6.944542 0.01737684 -21.71973 6.038842 0.01737684 -21.92383 -7.560758 7.093977 19.41167 2.964541 -19.14562 7.738369 3.641742 -19.14552 7.738668 4.993442 0.01737684 -21.99223 7.573742 -7.306223 -20.10133 7.725841 -7.283024 -20.03793 7.205142 -7.362324 -20.25513 -7.594558 4.310777 20.16037 4.986842 0.01737684 -20.67733 -7.391158 4.363977 20.41027 7.729842 0.01737684 -20.01533 4.151042 -19.14552 7.738668 6.957541 0.01737684 -20.38293 -7.464858 4.344777 20.31967 6.956841 0.01737684 -20.38333 7.730442 0.01737684 -20.01483 8.362842 0.01737684 -19.50133 -5.988158 -9.545723 17.98497 -5.338458 -9.619324 18.12327 6.041841 0.01737684 -20.60333 6.040842 0.01737684 -20.60333 -6.677058 -9.392523 17.69687 -6.762158 -9.373524 17.66117 6.952842 -7.400722 -20.36043 -6.990558 -9.286423 17.49737 6.955942 0.01737684 -20.38353 8.157644 -7.171022 -19.73043 -7.605158 -13.61662 4.37047 8.358842 -7.118824 -19.58733 -7.288158 -11.44472 6.67947 -4.019158 -9.683624 18.24427 -1.775958 -9.683525 18.24427 8.520843 -7.049223 -19.39603 8.564542 -7.030523 -19.34473 -4.137558 -9.679724 18.23697 -5.074158 -9.649225 18.17957 -4.016158 -2.827623 -21.80553 -5.177258 -9.637524 18.15767 -5.071158 -2.819623 -21.73853 -4.025758 0.01737684 -21.99223 -5.071158 0.01737684 -21.92383 -5.984158 -2.791623 -21.53353 -5.984158 0.01737684 -21.71783 -5.975858 0.01737684 -21.71973 5.627542 -4.539023 -21.42303 4.983842 -4.547623 -21.46373 -6.758158 -2.746623 -21.19253 -5.991358 0.01737684 -21.71463 -6.758158 0.01737684 -21.37383 6.038842 -4.533523 -21.39733 -6.764158 0.01737684 -21.36923 -7.391158 2.771377 20.72747 6.673841 -4.503723 -21.25693 6.397841 -4.516623 -21.31793 -4.019158 0.01737684 -20.67733 0.5931416 19.67558 6.399769 -5.073158 0.01737684 -20.60333 -5.074158 0.01737684 -20.60333 -2.504358 -13.28202 15.84807 -3.598558 -13.28202 15.84807 -7.552958 -14.06482 8.12817 -5.987258 0.01737684 -20.38353 -5.988158 0.01737684 -20.38333 -6.762158 0.01737684 -20.01533 -5.988858 0.01737684 -20.38293 -7.326258 4.089177 19.11787 4.983842 -7.494823 -20.61853 5.698542 -7.479023 -20.57523 -7.395158 4.077577 19.06327 -6.762758 0.01737684 -20.01483 -7.451758 4.061777 18.98897 7.725841 7.330677 20.06307 6.674642 -7.422323 -20.41953 6.336142 -7.448523 -20.49143 -1.319358 -13.28202 15.84807 -1.527958 -13.28202 15.84807 -1.711658 -13.28202 15.84807 -7.883158 6.955677 19.03187 -7.811858 6.986377 19.11577 6.038842 -7.471523 -20.55453 8.358842 7.166177 19.61157 -7.883158 4.235477 19.80647 -7.883158 2.690377 20.11347 8.528543 7.093377 19.41167 8.657842 -17.68942 7.150669 -7.605158 -9.579624 10.70747 -8.053359 4.159377 19.44867 -8.234159 4.078577 19.06837 -8.02896 4.170277 19.50007 -7.605158 -8.902624 9.96947 8.595143 7.064777 19.33327 -8.234159 2.591377 19.36447 4.078142 -7.061422 -19.42883 0.5897417 -4.279523 -20.20043 4.986842 -19.14552 7.738668 2.012742 -4.279523 -20.20043 -7.288158 -8.555323 10.21267 -7.288158 -8.793924 10.04557 7.729842 -18.53332 7.491468 -7.288158 -8.902624 9.96947 8.148142 7.220877 19.76177 -7.288158 -9.829823 8.864871 7.644942 -18.57082 7.506569 2.962542 -4.279323 -20.20053 3.639542 -4.279423 -20.20053 -7.605158 -12.01462 7.805469 6.956841 -18.87272 7.628469 4.149142 -4.279223 -20.20053 -7.605158 -11.17062 7.267469 8.293844 -18.10842 7.31987 8.362842 -18.05642 7.29887 -1.879858 -13.28202 15.84807 -2.038858 -13.28202 15.84807 5.104942 -19.13792 7.735569 6.041841 -19.07722 7.711069 -7.288158 -10.04892 8.603771 -7.288158 -11.17062 7.267469 -2.193158 -13.28202 15.84807 -2.347058 -13.28202 15.84807 4.983842 0.01737684 -21.99283 -4.016158 0.01737684 -21.99283 0.593442 20.67458 -0.7093315 8.419544 -17.98602 7.270369 9.483842 17.04438 -4.54953 -7.288158 -8.555225 10.21277 6.144742 -19.05442 7.70187 -7.288158 -8.551823 10.21517 -4.016158 -13.34962 17.45947 9.483842 14.07138 -4.359531 -5.071158 -13.30662 17.40547 9.483842 10.48078 -12.16253 -6.758158 -12.97262 16.96847 -4.016158 20.36838 8.424469 9.483842 10.03438 -10.69653 -4.016158 20.91858 6.80357 -5.984158 -13.18262 17.24147 -1.618758 20.91828 6.80447 -3.236958 20.91858 6.803669 9.483842 11.94328 -10.72623 0.400342 20.91848 6.803869 -0.4654579 20.91858 6.803669 -7.605158 -14.27462 0.6384697 9.483842 13.08758 -11.75633 -7.605158 -13.27462 0.5954685 -5.984158 20.11438 8.31947 9.483842 14.01418 -7.849931 -7.288158 -13.27462 0.5954685 -5.984158 20.65748 6.719269 -5.071158 20.30538 8.39847 9.483842 14.89688 -5.999531 -4.444358 20.89238 6.79497 9.483842 16.35248 -6.58773 -8.451159 -16.21992 -5.259031 -8.45946 -16.09542 -5.218531 -5.071158 20.85378 6.782469 9.483842 13.93198 -8.022333 -7.883158 7.805377 18.74347 -7.605158 -13.94462 -3.13553 -5.197058 20.82678 6.773668 -5.616458 20.73658 6.744669 -7.605158 -12.96662 -2.919531 -8.44616 7.173377 17.21847 9.483842 15.28098 -8.801033 -7.288158 -12.96662 -2.919531 -8.47076 6.267577 17.14387 -8.44616 6.391377 17.48377 9.483842 12.46938 -7.79353 9.483842 14.00638 -10.70853 -7.391158 -18.05662 10.45547 -6.758158 19.79638 8.188469 -8.44616 3.893177 18.19507 -8.44616 2.474377 18.47747 -8.47566 3.803077 17.77167 -7.391158 -18.06562 10.43727 -7.323158 -18.11042 10.46317 -6.758158 18.56038 10.69647 9.483842 10.34418 -12.29673 -7.394958 -18.06152 10.43497 -7.345258 -19.36312 7.825668 -7.391158 -19.33072 7.812569 -6.758158 18.55078 10.71087 -8.234159 6.696577 18.32247 -8.18356 6.733877 18.42487 -8.118358 6.781977 18.55647 -6.753458 18.55258 10.71187 -6.739758 18.55788 10.71487 -7.428658 -19.28712 7.79497 -8.234159 7.515377 18.04447 9.483842 11.32228 -13.46213 -5.988058 17.68618 10.21177 -5.283758 17.83268 10.29727 -5.988158 17.68618 10.21177 -7.462858 -19.24722 7.77887 4.986842 -17.90302 10.34367 9.483842 6.930377 -12.86953 -5.988258 17.68608 10.21177 -6.022258 17.67208 10.20367 -6.672058 17.40408 10.04957 8.297244 -4.224923 -19.94453 4.986842 -4.279223 -20.20053 -5.984158 -13.91332 16.60037 5.104942 -4.277523 -20.19253 7.729842 -17.32992 10.01287 6.956942 -17.64882 10.19697 -6.978058 -13.58522 16.20957 -8.42286 6.424977 17.57597 6.041841 -4.263823 -20.12833 -8.37656 6.491677 17.75927 6.144642 -4.258723 -20.10423 6.956841 -17.64882 10.19697 -6.758158 -13.69222 16.33727 7.729942 -17.32982 10.01277 -7.326358 -18.10862 7.31917 8.362842 -16.88402 9.75557 -7.395158 -18.05672 7.298269 9.483842 10.75738 -13.95753 -7.451758 -17.98632 7.26997 6.041841 -17.83902 10.30667 6.041542 -17.83902 10.30667 -8.322758 4.001177 18.70327 -8.397958 3.935377 18.39347 8.850844 19.63438 -5.24353 6.956642 -17.64892 10.19697 -6.704358 -13.70752 16.35557 -6.496058 -13.76702 16.42637 -5.995758 -13.91002 16.59647 -7.395158 -16.88412 9.755371 -7.136158 17.10388 9.87557 -6.762158 17.36698 10.02807 -6.762358 17.36688 10.02797 8.358842 4.363977 20.41027 -7.237558 -12.60862 15.04507 -7.391158 -20.14462 5.41547 8.562144 4.310877 20.16037 -7.605158 4.592377 13.84947 -7.605158 4.291377 12.89447 8.358842 -20.14462 5.41547 -5.560958 -13.15952 15.70247 -7.288158 4.657277 12.72377 -7.288158 4.291377 12.89447 8.489343 -20.33722 3.606369 -5.283858 -13.20242 15.75347 -7.288158 2.820877 13.15387 -5.988158 -13.09362 15.62347 -8.263958 3.748877 17.51677 -8.239158 3.772177 17.62617 -6.499358 -12.93712 15.43727 -5.144058 17.86188 10.31397 -7.395158 -19.20672 3.406969 -8.451159 3.573577 16.69237 -6.672358 -12.88422 15.37407 -6.762158 -12.85682 15.34127 -5.074158 17.87638 10.32247 -4.244258 17.92668 10.35077 -6.762258 -12.85672 15.34127 -8.45946 3.546377 16.56477 -3.598258 17.94008 10.35897 -4.019158 17.94018 10.35877 4.986842 -20.36482 3.611069 7.729842 -19.71382 3.496069 6.957442 -20.07552 3.559969 -7.928758 3.920777 18.32507 -7.898358 3.935377 18.39347 6.956841 -20.07582 3.559969 9.202842 18.90238 -5.048531 8.362842 -19.20682 3.406569 7.730342 -19.71342 3.496069 9.413844 18.03938 -4.81653 -7.391158 -20.49852 3.63447 -7.297858 -20.56822 3.646669 6.041141 -20.29292 3.59837 6.041841 -20.29282 3.598268 9.358642 18.58638 -3.26333 9.413844 18.35668 -3.222832 9.345643 18.64038 -3.272831 6.956141 -20.07602 3.56007 -1.319058 17.94028 10.35867 -1.527758 17.94018 10.35867 -1.711358 17.94018 10.35877 9.202842 19.23508 -3.37783 9.330642 18.70318 -3.283932 -7.888158 3.940277 18.41637 8.850844 19.97898 -3.509232 8.690042 20.17758 -3.544231 -2.346858 17.94018 10.35877 -2.504258 17.94018 10.35877 -2.668258 17.94018 10.35877 9.088443 19.47718 -3.420631 -1.879758 17.94018 10.35877 -2.038658 17.94018 10.35867 -2.193058 17.94018 10.35877 7.725841 4.463977 20.87987 8.105443 4.403977 20.59817 -7.288158 2.819677 13.15407 8.855842 18.58858 -3.26363 8.855544 18.58898 -3.263731 8.681544 18.81868 -3.304232 -7.288158 0.9993773 13.47517 -7.395158 6.702077 18.33587 7.729842 -4.141723 -19.55383 7.645041 -4.150123 -19.59333 6.956841 -4.218123 -19.91313 -7.717658 6.553277 17.92907 -6.239858 -13.28192 15.84847 -8.45166 -17.15302 6.933969 7.729842 4.184777 19.56567 -8.44616 -17.22772 6.964169 -8.051259 -18.42202 7.44537 -8.209058 -18.10672 7.318369 -2.663358 21.66608 3.82807 -2.549858 21.66608 3.828169 -7.883158 -18.75792 7.58107 -3.108758 21.66608 3.828169 -3.025158 21.66608 3.828169 -2.941158 21.66608 3.828169 7.725841 20.69638 -5.527531 -2.854758 21.66608 3.828169 -2.763258 21.66608 3.82807 -8.234159 -18.05642 7.29817 -3.283558 21.66608 3.828169 -3.194358 21.66608 3.828169 0.3841419 21.66608 3.828169 8.358842 20.23138 -5.40353 7.725841 21.05958 -3.699631 -8.396558 -17.42162 7.042469 -8.431058 -17.28662 6.987968 -4.471058 -13.26192 15.82407 -5.073958 -13.23492 15.79217 -1.776658 19.67538 6.40057 -3.598358 20.39818 3.60537 -5.074158 -13.23492 15.79217 7.940242 20.89938 -3.671431 8.358842 20.58668 -3.616331 -8.234159 -16.87472 9.74997 -8.231458 -16.87982 9.752869 8.358842 2.771377 20.72747 -8.234159 -16.86562 9.768469 -4.019158 -13.28202 15.84807 -7.883158 -17.52062 10.14647 7.725841 2.833377 21.20447 -7.883158 -17.52972 10.12807 -7.813858 -17.60522 10.17167 -8.184659 -16.96712 9.80327 8.616342 20.26858 -3.560331 7.725841 0.04337692 21.38747 -7.288158 4.657877 12.72357 8.358842 0.04337692 20.90547 -8.263958 -16.58962 6.706268 -8.239158 -16.69352 6.74827 -8.239158 6.198777 16.95487 -8.45106 5.871677 16.05667 -8.23896 6.198977 16.95537 7.729842 19.74658 -3.467831 -8.451159 5.871477 16.05597 7.730142 19.74628 -3.467731 8.362842 19.23958 -3.378431 -7.928958 -17.35622 7.016069 -7.898258 -17.42162 7.042469 -7.887958 6.475177 17.71417 -7.888158 6.475077 17.71387 6.952842 -20.94062 5.629469 -8.06466 -17.42162 7.042469 8.293844 4.089477 19.11787 -8.098958 6.309177 17.25797 7.725841 -20.60962 5.539469 8.362842 4.077877 19.06317 8.419544 4.062077 18.98877 -7.888158 -17.44312 7.051168 3.380842 -3.596423 10.77547 3.380842 -6.012623 11.99347 3.380842 -4.540223 12.52957 8.489844 13.11638 -4.058531 3.380842 -6.264322 11.81717 6.038842 -21.14062 5.681469 3.380842 -7.350424 11.05657 7.711842 13.11638 -4.058531 7.711842 13.10988 -4.072531 3.380842 -4.539124 12.52997 4.983842 -21.20662 5.699469 7.711842 13.26928 -3.19153 8.489844 14.07138 -4.359531 8.850844 7.805377 18.74347 -7.717758 -16.50912 9.53887 3.380842 -4.270623 12.62777 9.413844 7.173377 17.21847 8.850844 18.83738 -7.590731 6.952842 -21.30922 3.777868 -7.288158 4.660177 12.72247 9.180541 18.18068 -7.32583 9.202842 7.515377 18.04447 7.468942 -21.08352 3.73807 9.202842 18.13618 -7.307831 -1.332058 -8.969723 10.71077 -1.505058 -8.969824 10.71067 -1.506158 -8.969824 10.71067 -1.763458 -8.969723 10.71067 -8.44616 -17.95262 4.828468 -1.762558 -8.969723 10.71067 -1.533258 -8.969723 10.71077 8.702544 17.76468 -10.23443 8.849444 17.60448 -10.14203 9.086743 6.781977 18.55657 9.202842 6.696677 18.32247 -8.493558 -17.58322 3.120169 -5.285158 -3.708623 10.34647 -7.288158 -3.708623 10.34647 8.850844 17.60298 -10.14113 -8.44616 -18.26862 3.240969 -5.285158 -5.026623 9.76647 -7.288158 -5.026623 9.76647 7.662742 -20.99902 3.723169 7.725841 -20.97142 3.718269 -5.285158 -6.257624 9.02047 -7.288158 -6.257624 9.02047 -5.285158 -7.379623 8.119469 -7.288158 -7.379623 8.119469 -5.285158 -8.375624 7.07947 -7.288158 -8.375624 7.07947 8.851943 17.60088 -10.13993 -1.318258 20.39838 3.604568 -5.285158 -9.226624 5.918468 -7.288158 -9.226624 5.918468 7.941742 -20.81012 3.68977 8.358842 -20.49852 3.634769 -5.285158 -9.918623 4.656469 -7.288158 -9.918623 4.656469 -5.285158 -10.44062 3.314468 -1.879058 20.39838 3.604568 -7.288158 -10.44062 3.314468 -7.883158 -19.54762 5.255468 9.202842 16.94798 -9.763133 -5.285158 -10.78262 1.91647 -7.288158 -10.78262 1.91647 9.413844 6.391377 17.48377 -8.234159 -18.81562 5.059469 9.438443 6.267577 17.14387 -5.285158 -10.93962 0.4854698 -7.288158 -10.93962 0.4854698 9.344543 6.491677 17.75927 -5.285158 -10.90762 -0.9535313 9.356142 6.474977 17.71327 -7.288158 -10.90762 -0.9535313 9.327544 6.516377 17.82687 -2.038058 20.39838 3.604568 -2.192558 20.39838 3.60467 -5.285158 -10.68862 -2.37553 -7.288158 -10.68862 -2.37553 -5.285158 -10.28562 -3.75753 -7.883158 -19.89082 3.527569 -7.288158 -10.28562 -3.75753 -7.793258 -20.00182 3.547169 9.413844 3.893177 18.19507 9.365842 3.935377 18.39347 9.364144 3.936977 18.40087 9.341544 16.43888 -9.469431 -7.721058 -20.09102 3.56287 -2.346358 20.39838 3.604568 -2.503758 20.39838 3.60467 9.362442 3.938377 18.40757 9.360942 3.939677 18.41377 9.326243 3.970277 18.55767 9.355044 3.944977 18.43837 9.413844 17.30728 -6.973531 9.400743 17.35888 -6.99433 -7.288158 4.660577 12.72227 9.356042 3.944077 18.43417 9.359642 3.940877 18.41947 9.358344 3.942077 18.42477 9.357144 3.943077 18.42967 -7.605158 8.026377 12.24847 9.309642 3.984877 18.62627 9.413844 2.474377 18.47747 -7.605158 7.488377 11.40347 9.291043 4.001277 18.70337 -8.234159 -19.14692 3.396269 9.375344 17.45838 -7.034531 -8.16936 -19.28452 3.420568 9.373744 17.46488 -7.03713 -7.288158 8.069377 10.91617 -7.288158 7.488377 11.40347 9.369544 17.48108 -7.043731 9.368442 17.48568 -7.045531 -8.119158 -19.39092 3.439369 5.339042 -21.55722 3.821569 9.372241 17.47078 -7.039531 6.038842 -21.51243 3.813669 9.370841 17.47618 -7.041731 4.986842 -7.061422 -19.42883 9.367341 17.48998 -7.047331 6.041442 -7.036324 -19.35993 6.041841 -7.036324 -19.35983 9.366342 17.49398 -7.048931 9.365344 17.49758 -7.050431 9.338843 17.60178 -7.092431 9.323642 17.66178 -7.116631 4.983842 -21.57982 3.825569 -8.414058 -18.40142 3.26437 -8.37716 -18.55462 3.29147 -5.285158 -9.706624 -5.075531 -7.288158 -9.706624 -5.075531 6.957142 -6.961224 -19.15373 7.729842 -6.835323 -18.80793 6.956841 -6.961323 -19.15393 9.418642 17.24188 -6.947031 7.730142 -6.835222 -18.80763 6.647642 -21.37713 3.78977 6.715042 -21.36212 3.787069 8.362842 -6.659023 -18.32393 -5.285158 -3.161623 -0.05553048 3.380842 -3.466023 10.41727 6.956442 -6.961323 -19.15393 3.380842 -3.708623 10.34647 -0.2901583 -3.708623 10.34647 -8.239158 -17.75882 3.15107 -8.45096 -16.81772 2.985168 3.380842 -5.026623 9.76647 -0.2901583 -5.026623 9.76647 9.443343 3.803077 17.77167 -8.451159 -16.81682 2.98497 3.380842 -6.024023 9.16197 -0.2901583 -6.257624 9.02047 9.413844 0.04337692 18.63747 -7.888158 -18.62302 2.583469 -8.098858 -18.07702 3.207169 -8.23886 -17.75952 3.151169 8.866143 17.45838 -7.034531 8.896642 17.39358 -7.008331 9.207843 16.73098 -6.740631 9.232644 16.62718 -6.698631 -7.605158 0.8603773 14.50747 7.729842 6.877677 18.81897 -7.605158 0.8163767 13.50747 8.681443 16.55038 -9.533831 7.730242 6.877577 18.81867 -7.288158 0.8163767 13.50747 8.362842 6.701777 18.33587 0.5380421 -21.57982 3.825569 -7.391158 19.35238 8.004469 -0.2901583 -7.379623 8.119469 -7.717458 -18.78052 3.331669 -7.887858 -18.55512 3.291769 4.079342 -20.36482 3.611069 -7.888158 -18.55482 3.291769 8.855842 17.48028 -7.043331 3.380842 -8.204123 7.25857 -2.667758 20.39838 3.604568 8.489844 4.592377 13.84947 8.815242 17.53068 -7.063731 8.843942 17.49508 -7.049331 3.380842 -8.375624 7.07947 -0.2901583 -8.375624 7.07947 8.489844 4.291377 12.89447 3.380842 -9.226624 5.918468 -0.2901583 -9.226624 5.918468 8.850844 -20.19082 0.7213688 7.711842 4.291377 12.89447 8.787343 17.56548 -7.077731 8.850844 -10.09662 -17.55853 7.711842 2.820877 13.15387 8.733743 17.63208 -7.104731 8.760144 17.59928 -7.091431 3.380842 -9.790224 4.89057 9.413844 -9.272624 -16.12853 -7.391158 -20.85662 0.005468368 8.850844 -20.23762 0.005468368 -0.2901583 -9.918623 4.656469 9.202842 -19.43642 0.6951695 9.110242 -19.63502 0.7020683 9.413844 -9.836524 -15.75193 7.711842 2.820477 13.15397 8.658042 3.995477 18.67587 9.465144 -9.437124 -15.11313 9.202842 -19.48162 0.005468368 -7.391158 -20.80822 0.7431698 -1.710758 20.39838 3.604469 -1.527058 20.39838 3.604568 -7.391158 18.14338 10.45547 9.261941 -19.18672 0.6865692 9.413844 -18.54452 0.6640701 9.357242 -18.78362 0.6724701 -7.391158 18.13338 10.47047 9.355342 -18.79172 0.6727696 -7.387058 18.13598 10.47207 -0.2901583 -10.44062 3.314468 8.707843 17.66428 -7.117631 9.353644 -18.79912 0.6729698 9.352044 -18.80582 0.6732693 8.682641 17.69558 -7.130331 9.349143 -18.81782 0.6736698 9.347943 -18.82322 0.6738701 9.350543 -18.81212 0.6734696 -7.339858 18.16708 10.49007 9.314743 -18.96332 0.6787701 9.297042 -19.03852 0.6813698 3.380842 -10.72002 2.17247 9.345643 -18.83282 0.6741696 -4.016158 21.85538 2.87747 3.380842 -10.78262 1.91647 -5.071158 21.78738 2.868469 -0.2901583 -10.78262 1.91647 9.346742 -18.82812 0.6740685 3.380842 -9.949125 8.722769 3.380842 -10.04892 8.603771 9.413844 -18.58762 0.005468368 9.433644 -18.25432 0.6539688 -5.071158 21.59868 3.81637 3.380842 -10.93962 0.4854698 -0.2901583 -10.93962 0.4854698 -7.431758 16.87878 9.745869 -7.395158 16.92138 9.77047 -4.372558 21.64318 3.824869 9.202842 -9.719624 -16.90353 8.489844 8.026377 12.24847 8.489844 7.488377 11.40347 3.380842 -10.91372 -0.67873 -0.2901583 -10.90762 -0.9535313 8.866044 -18.78362 0.6724701 8.896642 -18.71342 0.6699696 8.318042 19.43898 -7.833731 7.725841 19.85558 -8.002331 9.207843 -17.99932 0.6450691 -0.2901583 -10.68862 -2.37553 8.850844 -10.70932 -17.14913 3.380842 -10.35282 -3.52713 9.232542 -17.88742 0.6410694 8.392144 19.37148 -7.806431 8.717244 -10.79832 -17.29153 3.380842 -10.28562 -3.75753 -0.2901583 -10.28562 -3.75753 9.418843 -17.04492 0.6116696 3.380842 -9.706624 -5.075531 -0.2901583 -9.706624 -5.075531 9.427144 -16.91472 0.607069 -7.391158 20.76438 2.733469 8.675843 -18.90002 2.221168 -7.527158 -20.63762 0.7372685 8.358842 19.41028 -7.822131 9.202842 -10.30952 -16.50923 8.951343 -10.59512 -16.96633 -7.391158 20.58468 3.637669 -7.323458 20.63528 3.646568 -7.438458 -20.74892 0.7412701 -4.016158 21.66598 3.828669 -0.2901583 -3.161623 -0.05553048 3.380842 -11.83442 5.843769 3.380842 -11.46902 6.62747 8.855842 -18.80692 0.6732693 3.380842 -11.46852 6.628569 8.815042 -18.86162 0.675169 8.843743 -18.82312 0.6738701 -5.984158 21.58238 2.841469 3.380842 -11.46842 6.628769 3.380842 -11.46822 6.629169 -7.391158 19.87488 6.465569 -7.326358 -19.52372 0.6979694 -7.395158 -19.46792 0.6960697 3.380842 -11.46802 6.62957 -7.451758 -19.39212 0.69347 8.866044 3.935377 18.39347 3.380842 -11.17062 7.267469 -7.687158 19.52208 6.35067 8.896642 3.920777 18.32507 8.787143 -18.89902 0.6764698 9.362943 -9.950623 -15.93453 9.361144 -9.954725 -15.94113 8.759943 -18.93552 0.6777687 9.207843 3.772177 17.62617 -7.470158 19.78068 6.43487 9.359443 -9.958424 -15.94703 9.357844 -9.961924 -15.95253 9.357144 -9.963624 -15.95533 9.232542 3.748877 17.51677 9.418843 3.573577 16.69237 3.380842 -13.27462 0.5954685 3.380842 -12.97262 2.306669 9.427144 3.546377 16.56477 3.380842 -13.26492 0.4844685 3.380842 -13.26442 0.4793701 8.707643 -19.00562 0.6802693 8.733544 -18.97092 0.6789684 9.356444 -9.965023 -15.95763 9.355142 -9.968025 -15.96233 9.353942 -9.970724 -15.96663 8.682542 -19.03932 0.681469 9.322242 -10.04182 -16.08033 9.305242 -10.07992 -16.14133 -7.391158 -20.67762 -2.72253 3.380842 -12.97242 2.308069 9.351842 -9.975523 -15.97443 3.380842 -12.97212 2.309769 3.380842 -12.92762 2.561769 9.352843 -9.973223 -15.97063 3.380842 -13.14582 -0.8740311 3.380842 -13.15252 -0.7975311 -6.758158 21.24138 2.796469 8.850844 -12.98942 -15.48243 8.855842 3.940277 18.41637 8.760043 3.966977 18.54207 8.815143 3.951577 18.46977 8.843843 3.943577 18.43217 9.084643 -12.66722 -15.09863 9.202842 -12.50412 -14.90433 -6.758158 21.05768 3.721168 -6.720958 21.07388 3.72407 -6.500158 21.17008 3.740969 3.380842 -12.46572 -4.29623 -7.391158 -20.50292 -3.601131 -7.395158 18.55918 6.037369 -7.325958 18.61258 6.054668 -5.285158 -4.595623 -9.967533 -7.288158 -4.595623 -9.967533 -7.288158 -5.857622 -9.275531 8.787242 3.959377 18.50637 -5.285158 -5.857622 -9.275531 -5.285158 -3.254623 -10.48953 -7.288158 -3.254623 -10.48953 -7.451958 18.48668 6.013769 -6.010958 21.38378 3.77837 -5.984158 21.39548 3.780369 -7.299958 -20.57102 -3.613131 -5.285158 -8.959625 -6.306531 -7.288158 -8.959625 -6.306531 -6.974758 20.89578 3.69257 -5.285158 -8.058624 -7.428531 -7.288158 -8.058624 -7.428531 9.413844 -18.42862 -2.425531 -5.285158 -7.018623 -8.424531 -7.288158 -7.018623 -8.424531 9.413844 -18.27292 -3.207731 8.733544 3.974377 18.57677 9.461843 -17.57822 -3.085331 -4.279858 21.64908 3.82597 -5.194658 21.57118 3.811369 -5.678458 21.46348 3.79237 9.457343 -17.03792 -5.524731 8.707742 3.981577 18.61067 9.202842 -19.15132 -3.362532 9.202842 -19.31462 -2.54253 8.658042 17.72618 -7.142631 -7.395158 19.23998 3.400869 9.090543 -19.38892 -3.404331 -7.395158 -19.20652 -3.371931 7.729842 18.57008 -7.483531 9.319541 -12.18702 -14.52643 9.343343 -12.12252 -14.44953 9.314342 -18.68712 -3.28083 9.346942 -18.55132 -3.25683 8.293844 18.14518 -7.311931 9.349542 -12.10532 -14.42913 9.413844 -11.93072 -14.22103 -8.234159 18.08238 7.477468 3.380842 -4.820523 -9.844231 3.380842 -5.857622 -9.275531 -8.44616 17.25638 7.135469 -0.2901583 -4.595623 -9.967533 -0.2901583 -5.857622 -9.275531 -6.447158 20.46258 6.656469 8.850844 -20.06462 -2.641531 -6.540458 20.42318 6.643768 -6.758158 20.33138 6.613869 -7.018458 20.14378 6.552969 -0.2901583 -3.254623 -10.48953 -7.883158 18.78138 7.767469 -7.883158 -20.23762 0.005468368 8.681544 -12.25502 -14.60743 3.380842 -9.089624 -6.092331 -8.234159 -19.48162 0.005468368 -0.2901583 -8.959625 -6.306531 -8.234159 16.95238 9.768469 -4.019158 19.67538 6.40057 -8.44616 -18.58762 0.005468368 8.692943 -20.09032 -3.527931 -7.883158 17.60738 10.14647 -5.074158 19.60598 6.378069 -4.137458 19.66758 6.398069 -8.46586 -18.25432 0.6539688 -0.2901583 -8.058624 -7.428531 8.682641 3.988577 18.64367 8.850844 -19.89532 -3.49353 -7.883158 -20.19082 0.7213688 3.380842 -7.194223 -8.256332 -8.234159 16.94258 9.783169 8.866342 -9.950623 -15.93453 -8.195158 17.01518 9.825169 8.896642 -9.913723 -15.87553 3.380842 -7.018623 -8.424531 -0.2901583 -7.018623 -8.424531 -7.885558 17.59348 10.15817 8.855842 -18.55442 -3.257431 -8.036958 -19.86032 0.7095699 -8.14186 -19.63502 0.70187 9.207843 -9.535223 -15.26993 8.855744 -18.55462 -3.257431 -8.234159 -19.43642 0.6949692 9.232542 -9.475924 -15.17513 3.380842 -7.515123 -10.98853 3.380842 -8.026623 -10.55933 9.207742 -17.75862 -3.11713 -7.880058 17.60118 10.16267 3.380842 -8.148623 -10.45693 -7.828058 17.65798 10.19527 9.418843 -9.029324 -14.46073 3.380842 -8.509924 -10.15383 3.380842 -8.514023 -10.15033 -8.29356 -19.18682 0.686369 3.380842 -8.514324 -10.15013 9.427144 -8.960224 -14.35023 -5.177258 19.58238 6.370369 3.380842 -8.672123 -10.01773 9.207843 -17.12832 -5.554131 -5.988158 19.39608 6.309769 9.207843 -17.75852 -3.117031 -5.338958 19.54518 6.358269 8.675843 -11.34982 -15.26253 -7.883158 17.59788 10.16067 -6.676858 19.08608 6.208769 -6.762158 19.04758 6.19627 9.418744 -16.81672 -2.951031 9.232743 -17.02132 -5.519331 8.760643 -10.03112 -16.06323 -7.013158 19.24218 4.63147 9.418843 -16.81622 -2.950932 -6.990858 18.87118 6.138769 -4.470858 20.36748 3.599169 -5.074058 20.32628 3.591869 -5.074158 20.32628 3.591869 -7.717458 16.54648 9.554571 8.855842 -9.963324 -15.95493 -5.283658 20.27658 3.583069 8.815644 -9.991924 -16.00063 8.844344 -9.971525 -15.96803 -5.988058 20.10928 3.553968 -5.988158 20.10928 3.553968 8.681241 6.555477 17.93417 -5.988258 20.10918 3.553968 -6.022358 20.09328 3.551168 -8.389359 -18.78362 0.6724701 -8.44616 -18.54452 0.6640701 3.380842 -5.808924 -11.96373 3.380842 -7.033623 -11.39253 -4.019158 20.39828 3.604969 3.380842 -10.94862 -7.394031 3.380842 -11.48652 -6.625931 8.787843 -10.01172 -16.03243 3.380842 -11.48832 -6.623431 3.380842 -11.76062 -6.23453 9.207643 6.198977 16.95537 8.362842 18.09318 -7.290931 8.855842 6.475177 17.71377 -8.26406 -17.88742 0.6410694 -8.239158 -17.99932 0.6450691 8.419544 18.02278 -7.262431 9.418744 5.871677 16.05667 9.418843 5.871477 16.05597 -8.451159 -17.04492 0.6116696 9.483842 8.273879 -15.51743 -8.45946 -16.91472 0.607069 9.207843 6.198777 16.95487 -7.883158 20.15138 2.65247 9.483842 8.843379 -15.23653 9.483842 6.028377 -16.50933 8.855643 6.475277 17.71407 9.483842 4.598377 -16.99453 9.483842 0.2059764 -16.03623 -7.720458 20.17788 3.56617 -7.928858 -18.71342 0.6699696 -7.898258 -18.78362 0.6724701 9.483842 2.254577 -15.87543 -7.883158 19.97688 3.530869 -7.814658 20.06148 3.545769 9.483842 2.471577 -17.41763 -8.118659 19.47798 3.442869 -8.234159 19.23298 3.39967 -8.185759 19.33568 3.41787 7.723642 18.55678 -10.69173 7.725841 18.55588 -10.69123 -8.44616 18.35478 3.244369 -8.424459 18.44488 3.260269 -8.376759 18.64198 3.29517 9.483842 5.683877 -15.00703 9.483842 7.550277 -14.15713 8.358842 18.13928 -10.45073 8.358842 -20.80822 0.7430687 8.489844 0.8603773 14.50747 8.489844 0.8163767 13.50747 -8.493458 17.67078 3.12377 8.734244 -10.04992 -16.09333 8.683341 -10.08612 -16.15123 -7.888158 -18.80692 0.6732693 8.357143 18.14038 -10.45133 8.708442 -10.06822 -16.12263 -8.234159 18.56958 6.04077 8.850844 18.78138 7.767469 -8.322659 18.21558 5.925669 9.202842 18.08238 7.477468 9.413844 17.25638 7.135469 -8.44616 17.72148 5.76507 -8.39966 17.90738 5.82547 -7.883158 -20.06462 -2.641531 -8.488658 17.12768 5.572069 9.202842 16.95238 9.768469 8.358842 -20.85662 0.005468368 8.494842 -20.63772 0.7370701 8.850844 17.60738 10.14647 -7.883158 19.28828 6.274569 -8.02886 18.99038 6.177568 -8.056559 18.93348 6.159069 7.164242 -21.53752 0.7686691 6.952842 -21.63133 0.7718697 8.853343 17.59298 10.15857 9.202842 16.94268 9.782969 9.339444 16.44178 9.493471 6.952842 -21.68162 0.005468368 7.725841 -21.28812 0.7600689 7.569842 -21.35742 0.7625694 8.685744 17.77728 10.26507 8.847642 17.60098 10.16327 7.725841 -21.33762 0.005468368 8.855842 -12.10462 -14.42823 7.899842 -21.15622 0.7553692 8.855643 -12.10482 -14.42843 7.729842 17.36668 -10.00493 7.729942 17.36658 -10.00483 8.362842 16.92088 -9.747632 -8.234159 -19.31462 -2.54253 8.850844 17.59748 10.16127 -8.44616 -18.42862 -2.425531 8.358842 -11.03702 -17.67323 8.186142 -11.10652 -17.78433 -8.26406 17.05428 5.54817 -8.239158 17.16098 5.582869 -7.883158 -19.89532 -3.493431 -7.795058 -20.00412 -3.51263 -7.725258 -20.09032 -3.527931 -7.928958 17.84008 5.80357 -7.898158 17.90738 5.82547 -8.44616 -18.27292 -3.207731 0.587842 -10.93702 -17.51183 8.681142 16.55148 9.55677 -8.414958 -18.40232 -3.230631 -8.378958 -18.55122 -3.256731 7.725841 17.00638 -13.01053 2.010241 -10.93682 -17.51203 3.638442 -10.93682 -17.51203 2.959542 -10.93652 -17.51223 8.358842 16.62438 -12.71753 -7.888158 17.92938 5.832668 -8.234159 -19.15142 -3.36223 4.147642 -10.93672 -17.51213 -8.494158 -17.57822 -3.085331 8.850844 16.13338 -12.34053 8.850844 20.15138 2.65247 9.202842 15.53438 -11.88053 8.688142 20.17788 3.566269 8.850844 19.97698 3.530769 9.367644 16.34338 -9.414332 9.413144 16.17628 -9.317831 -7.717658 18.81348 3.325769 -8.48966 -17.03792 -5.524731 9.413844 16.17378 -9.316431 -6.239758 20.39838 3.604969 9.413844 14.82438 -11.33653 9.087043 19.47798 3.442669 9.483642 15.28388 -8.802731 9.202842 19.23308 3.399469 -8.122159 -19.38892 -3.404032 -8.239158 17.79218 3.145168 -8.17066 -19.28602 -3.385931 -8.451159 16.85048 2.979069 -8.23906 17.79238 3.145168 9.329942 18.70388 3.305969 -6.672358 19.78928 3.49737 -6.762158 19.74728 3.489969 9.344842 18.64198 3.295069 -6.762258 19.74718 3.489969 -7.237558 19.36628 3.423069 -8.26416 -17.02132 -5.519331 -8.239158 -17.12832 -5.554131 -8.451159 16.85018 2.979069 -8.45106 -16.81672 -2.951031 9.413844 18.35478 3.244369 -7.887958 18.58838 3.28587 8.659644 15.25498 -13.70673 9.358142 18.58658 3.285269 -7.888158 18.58808 3.285768 -8.451159 -16.81622 -2.950932 8.850844 19.28848 6.274269 -8.09906 18.10998 3.20117 8.850844 15.07648 -13.54603 8.996844 18.99048 6.17737 -7.888158 -17.94712 -5.60853 9.202842 14.51558 -13.04143 8.993344 14.84978 -13.34203 9.202842 18.56968 6.040668 9.483842 5.510077 -15.08613 9.461143 17.67078 3.12377 9.368344 13.99538 -12.57353 9.366542 14.00088 -12.57853 9.364942 14.00588 -12.58303 9.363444 14.01048 -12.58713 -4.016158 22.04338 0.005468368 9.364242 17.92098 5.829868 9.362744 17.92688 5.83177 9.413844 13.85228 -12.44473 9.413844 17.72148 5.76507 -5.071158 21.97438 0.005468368 9.367543 17.90738 5.82547 9.365842 17.91448 5.827768 9.358642 14.02568 -12.60083 9.483842 3.369377 -14.16553 9.357644 14.02888 -12.60363 9.361344 17.93228 5.833569 9.362142 14.01478 -12.59093 9.360143 17.93738 5.835169 9.360843 14.01868 -12.59453 9.358942 17.94208 5.836769 9.359744 14.02228 -12.59773 -5.984158 21.76838 0.005468368 9.328343 18.06488 5.876669 9.311944 18.13088 5.898069 9.290843 18.21568 5.925669 9.356842 17.95048 5.83947 -6.758158 21.42438 0.005468368 9.329343 14.11768 -12.68363 9.313043 14.16888 -12.72973 9.288642 14.24578 -12.79883 9.357844 17.94638 5.838169 -7.391158 20.94338 0.005468368 -4.016158 21.99358 -0.755331 -8.239158 -17.75852 -3.117031 -8.23906 -17.75862 -3.117031 -1.663358 21.99358 -0.7548313 -3.287158 21.99358 -0.7554302 -7.391158 20.89598 -0.7163315 0.3640418 21.99358 -0.755331 -0.505858 21.99358 -0.7557316 -4.296358 21.97538 -0.7547302 -8.098758 -18.07692 -3.173231 -5.071158 21.92488 -0.7529316 -5.743958 21.77338 -0.7473316 -5.984158 21.71908 -0.7453308 -7.888058 -18.55462 -3.257132 -7.888158 -18.55442 -3.257132 -7.524258 20.72918 -0.7105312 -7.717358 -18.78032 -3.29673 -5.224658 21.89028 -0.75173 9.456342 17.12768 5.572069 -6.191558 21.62718 -0.74193 -7.478658 20.78628 -0.7125301 9.202842 9.806379 -16.90353 8.850844 10.18338 -17.55853 -6.560358 21.46368 -0.7359314 9.457143 13.37928 -12.01893 -6.758158 21.37598 -0.7329311 9.202842 11.92938 -15.48453 8.850844 12.38938 -16.08453 8.865942 17.90738 5.82547 8.896743 17.84008 5.80357 8.850844 13.04288 -15.51163 -6.928458 21.24678 -0.7284317 9.207843 17.16098 5.582869 -7.605158 -7.571623 -12.23653 9.232644 17.05428 5.54817 9.090543 12.71248 -15.11803 -7.605158 -7.033623 -11.39253 -7.605158 -3.836623 -12.88353 -7.326158 19.55658 -0.6700306 9.202842 12.55758 -14.93353 -7.395158 19.50058 -0.6681309 -7.451858 19.42468 -0.6655312 -7.288158 -7.033623 -11.39253 -7.288158 -3.836623 -12.88353 9.329543 12.21308 -14.52343 8.759943 18.05188 5.87237 9.347043 12.16558 -14.46683 -7.288158 -8.026623 -10.55933 -7.288158 -7.515123 -10.98853 -7.605158 -0.3626232 -13.49653 9.413844 11.38538 -14.77553 8.850844 9.531078 -17.88053 -7.288158 -0.3626232 -13.49653 -7.288158 0.04337692 -13.46093 8.866542 13.99538 -12.57353 8.896642 13.94408 -12.52733 8.787042 18.01718 5.86117 8.814944 17.98158 5.849668 8.843644 17.94498 5.837669 -7.288158 -8.148623 -10.45693 9.207843 13.41288 -12.04913 -8.45036 -14.59872 -11.40213 9.232542 13.32978 -11.97433 -7.391158 20.23138 -5.40353 9.418843 12.70348 -11.41063 9.202842 9.176577 -17.21413 9.108743 9.271477 -17.39253 -8.234159 -13.76262 -13.80053 -8.44616 -13.13062 -13.16853 -5.988158 20.38128 -0.6985302 -7.391158 20.58678 -3.616131 9.427144 12.60648 -11.32333 -6.762158 20.01468 -0.6858311 -6.677258 20.05508 -0.6872311 -7.324458 20.63658 -3.62483 6.707541 -21.68672 0.7737694 -6.989958 19.82968 -0.67943 8.658742 -10.10352 -16.17923 4.986842 -10.93672 -17.51213 -7.883158 -15.94612 -12.45513 7.644942 -10.60782 -16.98593 7.729842 -10.58642 -16.95163 6.707142 -21.68683 0.7737694 6.956841 -10.78052 -17.26223 6.038842 -21.83712 0.7789688 7.711842 10.10308 -9.069831 8.293844 -10.34372 -16.56343 8.362842 -10.31402 -16.51593 6.038842 -21.88762 0.005468368 5.104942 -10.93232 -17.50513 6.041841 -10.89732 -17.44913 -8.05416 -15.65652 -12.22863 -8.214859 -15.38422 -12.01583 8.419544 -10.27372 -16.45143 0.5199423 -21.90582 0.7813683 6.144742 -10.88422 -17.42813 -8.234159 -15.35142 -11.99023 4.983842 -21.90582 0.7813683 8.855842 17.92938 5.832668 4.983842 -21.95662 0.005468368 5.269542 -21.88732 0.7807694 -4.019158 20.67468 -0.7086315 -5.074158 20.60188 -0.706131 -4.137258 20.66648 -0.7084313 -8.398159 -14.80662 -11.56453 -8.43476 -14.68502 -11.46953 -7.395158 19.23958 -3.37883 -5.176758 20.57718 -0.7053299 -8.44616 -14.64702 -11.43983 -5.339458 20.53788 -0.7039299 8.733544 18.08568 5.883369 8.682641 18.15068 5.90457 -8.44616 -16.10182 -9.288831 -8.42276 -16.18732 -9.338131 8.707742 18.11858 5.894169 8.489844 10.03438 -10.69653 8.531442 -13.24722 -15.78963 0.5935421 -20.64182 0.7372685 -8.51546 -15.21762 -8.778431 8.489844 9.357378 -9.958532 2.013942 -20.64182 0.7373695 2.964142 -20.64182 0.7373695 3.641242 -20.64182 0.7375698 9.413844 9.359377 -16.12853 -7.883158 20.32438 0.005468368 8.536342 -13.24332 -15.78493 -8.234159 19.56838 0.005468368 7.711842 9.357378 -9.958532 7.711842 8.742979 -10.38863 9.329543 8.924577 -16.74063 9.313344 8.956777 -16.80133 -8.234159 19.40138 2.55447 -8.44616 18.51538 2.437469 -8.44616 18.67438 0.005468368 4.150042 -20.64182 0.7372685 9.357644 8.868679 -16.63553 -7.883158 20.27858 -0.694931 8.681443 18.81878 3.32617 -8.06136 19.89558 -0.6817303 8.855842 14.01368 -12.59003 -8.143858 19.71838 -0.6756306 8.760942 14.10818 -12.67503 8.788144 14.08118 -12.65063 8.816041 14.05328 -12.62563 8.844743 14.02478 -12.59993 9.413844 8.756978 -16.42563 -8.234159 19.52418 -0.6689301 9.465343 8.401679 -15.75763 -8.29226 19.27988 -0.6605301 9.207742 17.79238 3.145168 8.855842 18.58808 3.285568 4.986842 -20.64182 0.7372685 9.207843 17.79218 3.145168 5.104842 -20.63372 0.736969 9.418843 16.85048 2.979069 -8.402359 18.81638 -0.6445313 -8.44616 18.63228 -0.6381302 6.041841 -20.56812 0.7346687 9.418843 16.85018 2.979069 6.144742 -20.54332 0.7338696 9.368344 8.847377 -16.59553 9.366641 8.850877 -16.60203 8.855643 18.58838 3.285568 7.711842 10.10448 -9.068132 9.365043 8.854078 -16.60803 9.363542 8.856979 -16.61353 -8.465458 18.34858 -0.62813 9.362243 8.859579 -16.61853 9.361042 8.862077 -16.62313 4.986842 -13.28672 -15.83623 9.359843 8.864377 -16.62753 9.357743 8.868477 -16.63523 8.734443 14.13458 -12.69883 9.358743 8.866477 -16.63153 6.957142 -13.09762 -15.61103 7.729842 -12.86092 -15.32903 6.956841 -13.09772 -15.61113 9.357844 12.13628 -14.43193 9.413844 11.98398 -14.25043 7.730041 -12.86082 -15.32893 8.362842 -12.53002 -14.93493 8.358842 19.35238 8.004469 6.041742 -13.23932 -15.77973 7.725841 19.79638 8.188469 6.041841 -13.23932 -15.77973 8.358842 18.14338 10.45547 6.956542 -13.09782 -15.61123 7.725841 18.56038 10.69647 8.708642 14.16028 -12.72193 8.683543 14.18528 -12.74443 8.658944 14.20978 -12.76653 7.720942 18.55238 10.71237 -7.928858 18.74618 -0.6421299 -7.898358 18.81638 -0.6445313 7.725841 18.55048 10.71127 8.354743 18.13598 10.47217 8.358842 18.13328 10.47057 -7.888158 18.83988 -0.6453304 -7.288158 -8.509424 -10.15423 6.689242 -13.95432 -16.63143 6.952842 -13.91632 -16.58623 7.462942 -13.77062 -16.41293 7.605741 -13.72972 -16.36413 7.725841 -13.69532 -16.32323 -8.26406 17.92018 -0.6131306 -8.239158 18.03208 -0.6171303 -7.288158 -8.512224 -10.15183 -8.451159 17.07868 -0.5837307 -1.777658 20.67468 -0.7087307 8.855842 12.13738 -14.43253 -7.288158 -8.514023 -10.15033 -7.288158 -8.514023 -10.15033 -8.45946 16.94838 -0.5791302 7.729842 14.88668 -13.37593 8.293844 14.54628 -13.06943 8.362842 14.50458 -13.03193 8.419544 14.44818 -12.98113 -7.288158 -8.513823 -10.15053 7.946742 -13.58772 -16.19513 -8.451159 -10.97042 -13.07683 -8.451159 -10.97032 -13.07673 8.358842 -13.38662 -15.95553 -7.883158 19.63438 -5.24353 7.644942 -20.02132 0.7156696 7.729842 -19.98102 0.7142696 -8.234159 18.90238 -5.048531 6.956841 -20.34752 0.7270699 8.293943 -19.52382 0.6982689 8.362842 -19.46792 0.6963692 8.419444 -19.39202 0.6936684 9.418843 15.84558 -6.382831 8.657943 -19.07222 0.6825695 -7.288158 -8.515825 -10.14893 9.427144 15.72458 -6.333931 -7.288158 -8.516324 -10.14843 9.207843 8.478878 -15.90293 8.896743 8.814079 -16.53293 -7.288158 -11.48582 -6.626931 -7.288158 -10.42482 -8.141832 8.865842 8.847377 -16.59553 4.076042 -13.28672 -15.83623 9.232644 8.426279 -15.80403 -8.26406 -14.09982 -11.01243 -8.239158 -14.18822 -11.08143 8.759542 8.918779 -16.72973 -8.451159 -13.43602 -10.49393 6.952842 -8.269623 -20.06553 -8.45946 -13.33342 -10.41383 7.725841 -10.64662 -18.51153 6.952842 -10.81962 -18.80853 -7.888158 -15.09962 -11.17973 8.358842 -10.40662 -18.09453 -7.928958 -14.75112 -11.52113 -7.898358 -14.80662 -11.56453 8.855842 8.858179 -16.61573 8.814743 8.884078 -16.66443 8.843442 8.865978 -16.63043 7.738142 16.83598 9.72107 8.362842 16.92138 9.77047 8.622344 16.61978 9.59627 8.228142 17.01628 9.825169 7.729842 17.36718 10.02777 8.786744 8.901679 -16.69753 7.729942 17.36718 10.02767 4.983842 -21.58412 -3.791731 4.983842 -21.76862 -2.86553 9.207742 15.64798 -9.012831 7.725841 -21.15463 -2.784531 8.358842 -20.67762 -2.72253 8.855842 16.34778 -9.416831 9.207843 15.64778 -9.012731 9.418843 14.81978 -8.534832 9.418744 14.81998 -8.534933 8.733142 8.935479 -16.76103 8.682143 8.967577 -16.82153 8.707242 8.951679 -16.79163 7.513942 -11.34192 -18.16003 6.952842 -11.47392 -18.37133 -7.888158 -14.82502 -11.57893 7.650641 -21.00872 -3.68993 7.725841 -20.97592 -3.684132 7.475142 -21.08522 -3.70343 7.725841 -11.29192 -18.08043 7.542942 -11.33512 -18.14913 8.855744 16.34788 -9.416933 -7.288158 -10.41552 -8.155132 -7.605158 -10.47462 -9.800532 -7.605158 -9.736624 -9.124531 6.952842 -21.31362 -3.743931 -7.288158 -9.736624 -9.124531 6.952842 -21.49563 -2.829531 7.936542 -20.81842 -3.65633 7.725841 15.89188 -14.28033 7.519142 15.96018 -14.34203 7.261842 16.04538 -14.41873 -7.288158 -11.48712 -6.62503 6.952842 16.14728 -14.51053 8.358842 -20.50302 -3.600632 7.725841 21.24138 2.796469 8.111742 15.67488 -14.08473 8.358842 20.76438 2.733469 4.983842 16.35108 -14.69413 8.489844 12.46938 -7.79353 8.358842 20.58458 3.638069 5.276842 -11.60932 -18.58813 4.983842 -11.61952 -18.60453 4.983842 -10.95662 -19.04753 8.489844 11.62538 -7.25553 6.038842 16.29938 -14.64763 5.402142 16.33078 -14.67583 -7.288158 -11.48722 -6.62493 6.038842 -10.92262 -18.98753 -8.45106 -14.78632 -8.529432 6.038842 -11.58292 -18.54603 -8.451159 -14.78612 -8.529232 -6.189858 15.67158 9.048971 -4.634958 14.27538 8.24287 9.264741 11.45168 -13.61633 -7.883158 19.97898 -3.509232 -7.815558 20.06248 -3.523931 6.293642 -11.55262 -18.49743 -7.722358 20.17748 -3.54413 6.593041 16.20718 -14.56463 -3.205058 15.31378 8.84297 7.725841 21.05758 3.721369 9.418843 11.00268 -13.08143 9.418843 11.00268 -13.08133 6.652041 16.19738 -14.55573 -8.234159 19.23498 -3.37813 -8.18636 19.33638 -3.39603 -8.120059 19.47718 -3.420832 8.523343 13.30738 -15.82663 8.609843 13.23748 -15.74333 -8.44616 18.03938 -4.81653 -8.44616 18.35668 -3.222832 0.591342 10.97938 17.52317 7.711842 8.742777 -10.38883 -7.288158 -11.48742 -6.624631 8.499843 -20.32892 -3.569931 -7.288158 -11.48802 -6.623831 -8.424758 18.44528 -3.23843 -8.377658 18.64038 -3.27293 6.038842 -21.70062 -2.856531 6.677942 -11.50662 -18.42393 0.5936422 4.322077 20.21157 7.942442 20.89568 3.69277 4.983842 -8.375624 -20.31953 7.711842 8.739977 -10.39073 6.038842 -8.349623 -20.25653 7.711842 8.739377 -10.39113 -7.605158 -12.64862 -6.696531 -8.49376 17.66848 -3.101431 7.711842 8.235378 -10.74393 -7.605158 -11.76062 -6.23453 5.330742 -21.56212 -3.78783 6.038842 -21.51692 -3.779831 8.489844 6.930377 -12.86953 -5.984158 8.356377 20.07647 -7.288158 -11.76062 -6.23453 8.489844 3.152377 -13.18853 8.611642 20.27228 3.582869 8.489844 6.467377 -11.98153 8.654943 19.52208 6.350168 7.711842 3.152377 -13.18853 8.358842 19.87508 6.464869 -4.016158 11.04338 19.05847 -5.071158 11.00938 18.99847 6.654841 -21.37993 -3.75563 6.709542 -21.36772 -3.75353 7.725841 20.33168 6.61307 7.985942 20.14418 6.55217 9.437541 11.75958 -13.98313 -4.016158 8.462377 20.33147 -8.239158 17.79158 -3.123131 -8.45106 16.85098 -2.957231 -5.071158 8.436377 20.26747 -8.451159 16.85048 -2.95713 -7.326058 -15.39062 -12.02083 -7.395158 -15.34652 -11.98643 -7.451958 -15.28652 -11.93953 -8.098958 18.10988 -3.179232 -8.23886 17.79228 -3.12323 7.729842 -19.71352 -3.46183 6.956942 -20.07652 -3.525831 6.956841 -20.07652 -3.525831 7.729942 -19.71352 -3.46183 8.362842 -19.20642 -3.372431 9.207843 11.61738 -13.81353 -8.239158 -15.61462 -9.007533 6.956742 -20.07652 -3.525831 -8.239158 -15.61462 -9.007533 4.986842 -20.36552 -3.57683 7.729842 19.04768 6.195969 8.293642 18.61268 6.054668 8.362842 18.55918 6.03727 8.419742 18.48668 6.01367 -8.09906 -15.89432 -9.169033 8.658143 18.18198 5.914669 8.358842 15.53558 -13.95923 -7.887958 18.58888 -3.26403 6.041841 -20.29252 -3.56393 6.041742 -20.29252 -3.56393 -7.717758 18.81358 -3.303831 -7.888158 18.58858 -3.263931 7.729842 19.74728 3.48987 7.729942 19.74718 3.48987 8.362842 19.24008 3.400469 -7.888058 -16.31542 -9.411931 -7.888158 -16.31542 -9.411831 -8.44616 16.17838 9.32147 -8.43006 16.22768 9.369871 -8.44476 16.17398 9.338871 8.850844 20.32438 0.005468368 8.489844 -0.3626232 -13.49653 -1.319258 13.32968 15.84797 9.202842 19.56838 0.005468368 -8.44616 16.16878 9.335869 9.202842 19.40138 2.55447 8.185644 12.58738 -14.96943 8.243042 12.62498 -15.01423 -1.711558 13.32968 15.84797 8.362842 12.56238 -14.93953 9.413844 18.51538 2.437469 -8.51566 15.28198 8.823969 7.446042 12.98038 -15.43773 9.413844 18.67438 0.005468368 7.711842 9.917279 -4.84683 7.729842 12.89358 -15.33433 7.729942 12.89358 -15.33423 -7.605158 -4.137623 -13.83753 -4.016158 -20.34932 8.224869 -7.605158 -0.4056234 -14.49653 -7.288158 11.81038 6.82477 -7.288158 11.80978 6.825569 6.956841 13.13038 -15.61553 -3.204158 -20.34932 8.225069 -7.391158 0.01737684 -20.89283 -7.391158 -2.684623 -20.71553 -2.504358 13.32978 15.84797 -3.598558 13.32978 15.84797 -1.589858 -20.34952 8.22437 -7.395958 0.01737684 -20.88673 0.4250417 -20.34942 8.224869 -0.4399581 -20.34942 8.22477 -4.993958 -20.29092 8.20097 -6.758158 -18.47362 10.69647 8.850844 20.27858 -0.6953316 -1.527958 13.32978 15.84797 -7.288158 11.04838 7.912769 -7.288158 10.72328 8.37707 9.112243 19.71848 -0.6758309 -1.879858 13.32978 15.84797 -8.451159 13.46958 10.52187 -2.193158 13.32978 15.84787 -7.395158 0.01737684 -19.50133 -5.138758 -20.27212 8.193369 -5.177158 -20.26402 8.190071 7.358642 12.58398 -14.96533 6.161342 13.25298 -15.76243 -5.984158 -20.09482 8.12147 9.202842 19.52418 -0.6691303 -2.346958 13.32978 15.84787 4.986842 13.31848 -15.84043 -8.45946 13.36648 10.44137 -6.758158 -18.48262 10.67827 -6.752658 -18.48472 10.67947 9.260643 19.27988 -0.6606312 -6.720958 -18.49692 10.68647 9.370244 18.81638 -0.6445313 9.368543 18.82368 -0.6447315 9.367042 18.83028 -0.645031 9.365544 18.83638 -0.6452313 -5.071158 -20.28632 8.19907 9.413844 18.63228 -0.6381302 -2.038858 13.32978 15.84787 9.364242 18.84198 -0.6454315 9.363042 18.84718 -0.6456299 9.361844 18.85198 -0.645731 6.041841 13.27148 -15.78443 9.332042 18.97808 -0.6501312 9.316041 19.04578 -0.6525307 9.359843 18.86058 -0.6460304 6.041841 13.27148 -15.78443 -6.041958 -20.07112 8.11187 -6.971358 13.65328 16.23277 -6.758158 13.75698 16.35657 -6.762858 -18.47952 10.67647 -5.984158 13.97808 16.61977 -7.395158 -4.034723 -19.05133 -7.326258 -4.046423 -19.10603 -6.524858 -19.87222 8.03137 -6.758158 -19.77622 7.992569 -7.451758 -4.019023 -18.97713 -6.009058 13.97098 16.61127 9.360843 18.85648 -0.6459313 9.433143 18.34858 -0.62813 -7.391158 -4.319523 -20.39053 -7.459158 -4.301823 -20.30713 -7.586558 -4.268523 -20.15073 8.866044 18.81638 -0.6445313 8.896642 18.74618 -0.6421299 9.207843 18.03208 -0.6171303 -7.391158 -7.954622 -19.30353 9.232644 17.92018 -0.6131306 -4.016158 -7.494324 -20.61863 9.418843 17.07868 -0.5837307 -5.283558 -17.79562 10.28127 7.371342 12.57678 -14.95683 -5.987958 -17.64892 10.19697 9.427144 16.94838 -0.5791302 -2.645158 -7.494923 -20.61853 -2.530158 -7.494823 -20.61853 0.4434419 -7.494823 -20.61853 -3.096558 -7.494823 -20.61853 -3.011858 -7.494923 -20.61853 -5.988158 -17.64882 10.19697 -2.926758 -7.494923 -20.61853 -3.183358 -7.494923 -20.61843 -7.391158 -7.118923 -19.58723 -7.313358 -7.139023 -19.64263 -2.839158 -7.494823 -20.61853 -2.746358 -7.494823 -20.61853 -5.988258 -17.64882 10.19687 -6.022458 -17.63472 10.18877 -6.672458 -17.36692 10.03397 -7.553258 -7.049223 -19.39603 -4.016158 -4.548123 -21.46363 6.952842 13.26938 -17.22953 7.725841 13.05938 -16.95753 -1.567958 -4.547823 -21.46373 -3.177458 -4.548123 -21.46363 0.4425421 -4.547623 -21.46373 -0.4209581 -4.548023 -21.46363 -4.660058 -4.539523 -21.42283 8.855842 18.83988 -0.6453304 6.952842 13.96928 -16.61573 8.760043 18.96828 -0.6498318 -5.071158 -4.534023 -21.39723 8.787242 18.93178 -0.648531 8.815143 18.89438 -0.6472302 8.843843 18.85598 -0.6459313 7.475042 13.82048 -16.43813 -6.504058 13.82948 16.44297 7.517042 13.80838 -16.42383 7.725841 13.74868 -16.35253 -5.338858 -19.01842 7.686569 -6.718458 13.76828 16.37007 -5.988158 -18.87302 7.627769 7.936542 13.64618 -16.23033 -7.288158 10.71838 8.38397 8.358842 13.44008 -15.98473 -5.984158 -4.490823 -21.19523 -7.605158 10.92938 9.81247 -6.762158 -18.53372 7.49057 -5.429658 -4.517123 -21.31793 -6.677358 -18.57112 7.505669 8.358842 12.76638 -16.57553 -7.605158 10.19138 9.136469 -4.471658 13.30948 15.82397 -5.163758 -4.529723 -21.37673 -6.990758 -18.36152 7.420969 -6.289358 -4.462523 -21.06293 -7.288158 10.45458 8.76067 -7.288158 10.19138 9.136469 -6.514858 -4.441623 -20.96513 -6.758158 -4.419223 -20.85963 -7.147558 -4.357923 -20.57113 -7.288158 11.81038 6.824669 -6.758158 -8.138624 -19.74753 -5.071158 -7.471123 -20.55463 -4.730658 -7.478523 -20.57543 6.038842 13.39338 -17.39353 -4.269158 -7.488523 -20.60343 4.983842 13.43638 -17.44853 -5.984158 -7.400223 -20.36063 -5.368258 -7.448124 -20.49153 8.682542 19.07208 -0.6534309 -5.184358 -7.462423 -20.53063 -4.019158 -19.14582 7.73807 4.983842 14.14588 -16.82633 5.693542 14.11568 -16.79033 -5.074158 -19.07762 7.710468 -4.137058 -19.13822 7.73497 6.038842 14.10098 -16.77283 -7.288158 11.81278 6.821369 -6.758158 -7.282923 -20.03793 -6.709558 -7.290222 -20.05823 -8.451159 14.82038 8.55747 -6.236858 -7.361822 -20.25523 -5.176758 -19.05472 7.701269 -8.451159 14.82038 8.55747 6.649941 14.01288 -16.66793 6.340542 14.05758 -16.72113 -8.239158 15.64838 9.03547 6.952842 21.39738 -3.759031 7.470842 21.17078 -3.719231 -8.239158 15.64838 9.03547 -6.000258 -7.397722 -20.35393 -7.888058 16.34818 9.439869 7.512042 21.15278 -3.71603 -7.888158 16.34808 9.439869 -8.098958 15.92798 9.196869 4.983842 21.66798 -3.806631 5.336342 21.64558 -3.802631 -7.189958 -7.171022 -19.73043 6.038842 21.60068 -3.794731 4.078742 13.31848 -15.84043 -6.762158 -17.33002 10.01267 6.647042 21.46548 -3.77083 6.650042 21.46478 -3.770731 -6.762358 -17.32982 10.01267 -7.237758 -16.99502 9.81937 -7.395158 -6.658724 -18.32403 -5.338558 -4.250623 -20.06613 -7.288158 11.81508 6.818069 4.077742 20.39858 -3.58283 -7.288158 11.81608 6.816568 -7.883158 -2.603623 -20.10253 -4.019158 -4.279123 -20.20053 -8.234159 -2.504623 -19.35253 -8.44616 -2.387623 -18.46653 -4.137258 -4.277423 -20.19253 -8.236458 0.01737684 -19.50823 -8.234159 0.01737684 -19.51783 -5.074158 -4.263823 -20.12833 -5.176858 -4.258723 -20.10423 -8.44616 0.01737684 -18.62383 -8.446959 0.01737684 -18.61213 -8.451159 16.25348 5.28797 -3.612158 -4.342023 -20.49643 -8.45946 16.12928 5.24757 6.957242 20.10938 -3.531832 6.956841 20.10958 -3.531832 8.733544 19.00378 -0.6510315 6.041841 20.32658 -3.570131 6.041042 20.32668 -3.570131 -7.883158 0.01737684 -20.27383 -5.073758 -17.83912 10.30637 -5.074158 -17.83912 10.30637 -8.230659 0.01737684 -19.52523 8.707742 19.03838 -0.6522312 6.956342 20.10968 -3.531832 -4.470958 -17.87582 10.32747 -4.019158 13.32968 15.84797 -4.019158 -17.90312 10.34337 4.986842 20.39858 -3.58283 -5.073958 13.28298 15.79177 -7.605158 14.39938 3.147469 -5.074158 13.28298 15.79177 -7.605158 13.10338 6.708469 -5.284058 13.25048 15.75287 -5.988058 13.14098 15.62277 -7.605158 13.42138 2.930469 -7.605158 12.21538 6.246469 0.5679417 11.79248 -14.02263 -6.758158 20.69638 -5.527531 -5.283458 -7.018623 -19.31283 -5.987658 -6.961023 -19.15413 -7.288158 13.45178 2.583469 -7.288158 13.42138 2.930469 -4.016158 21.66798 -3.806431 -5.988158 -6.960922 -19.15403 -5.988158 -4.218023 -19.91323 -7.288158 12.21538 6.246469 -7.883158 -4.191023 -19.78653 0.378542 21.66798 -3.806631 -3.109958 21.66798 -3.80653 -3.026458 21.66798 -3.80653 -2.942558 21.66798 -3.80653 -2.856258 21.66798 -3.80653 -8.049558 -4.116523 -19.43653 -8.234159 -4.034023 -19.04793 -2.665058 21.66798 -3.80653 -2.551758 21.66798 -3.80653 -2.764858 21.66798 -3.80653 -1.778158 -19.14572 7.73827 -8.023159 -4.128323 -19.49203 -3.284458 21.66798 -3.80653 -3.195458 21.66798 -3.80653 -6.677258 -4.149923 -19.59333 -5.988558 -6.960922 -19.15383 -6.022758 -6.955322 -19.13853 -6.672358 -6.849724 -18.84813 -6.762158 -6.835123 -18.80793 -6.762158 -4.141523 -19.55393 -8.31906 -3.959923 -18.69853 -8.39616 -3.892623 -18.38153 -8.44616 -3.848824 -18.17563 -6.762458 -6.835024 -18.80773 -7.237858 -6.702423 -18.44433 -6.990258 -4.103024 -19.37283 -4.368558 21.64558 -3.80253 -7.605158 14.72938 -0.6275311 -4.280958 21.65118 -3.803431 -7.605158 13.11638 -4.058531 -7.605158 13.72938 -0.5835304 7.729842 9.410079 -17.65333 -5.071158 21.60068 -3.794731 7.644742 9.429079 -17.68913 -7.288158 13.10988 -4.072531 -7.288158 13.11638 -4.058531 -1.527558 -17.90312 10.34347 -1.711158 -17.90312 10.34347 -7.288158 13.72938 -0.5835304 -1.879558 -17.90312 10.34347 -6.502858 21.17078 -3.719131 -6.011958 21.38528 -3.75663 -5.984158 21.39738 -3.758831 8.293744 9.194977 -17.24903 -8.234159 -6.649223 -18.29783 8.362842 9.168679 -17.19953 8.419643 9.132879 -17.13223 8.657544 8.983078 -16.85053 -8.234159 -7.428623 -18.03353 -8.38006 -6.439024 -17.72023 -6.758158 21.05958 -3.699631 -6.721958 21.07528 -3.702431 -7.605158 14.07138 -4.359531 -8.44616 -7.086622 -17.20653 -6.972458 20.89938 -3.671331 9.461442 17.66848 -3.101431 -7.350458 19.43878 -7.834131 -5.681658 21.46478 -3.770731 -5.196158 21.57278 -3.78993 7.725841 10.73338 -18.51153 -8.420259 -6.381224 -17.56133 -7.391158 19.41008 -7.822631 -8.44616 -6.343924 -17.45883 6.952842 10.90638 -18.80853 9.207543 17.79228 -3.12323 -8.474358 -3.762623 -17.77033 7.516642 10.08998 -18.93213 9.207843 17.79158 -3.123131 -7.424358 19.37138 -7.807031 7.516642 10.08998 -18.93213 6.952842 10.20758 -19.15303 9.418744 16.85098 -2.957231 9.418843 16.85048 -2.95713 -7.496358 19.28758 -7.773331 7.725841 10.04648 -18.85003 -8.469558 -6.226223 -17.13573 -5.988158 13.14098 15.62277 -2.038358 -17.90312 10.34347 -5.283858 20.27678 -3.561232 -2.192858 -17.90312 10.34347 -5.988258 13.14098 15.62267 -6.022458 13.13048 15.61027 -5.987758 20.10958 -3.53203 -5.988158 20.10948 -3.53203 -2.346658 -17.90312 10.34347 -2.504058 -17.90312 10.34337 7.902142 9.983777 -18.73203 -5.988558 20.10938 -3.53203 -6.022458 20.09348 -3.52923 -6.671958 19.78888 -3.47533 -7.326358 18.14538 -7.311231 -4.019158 -7.061024 -19.42893 -7.395158 18.09348 -7.290331 -4.471158 -7.050423 -19.39933 -5.073558 -7.035824 -19.36003 -7.451758 18.02318 -7.262031 -5.074158 -7.035824 -19.36003 8.358842 9.821079 -18.42603 -2.668058 -17.90312 10.34347 -3.598658 -17.90312 10.34347 8.358842 10.49338 -18.09453 -6.762158 12.90438 15.34047 -6.569958 12.96328 15.41047 8.496743 9.739977 -18.27333 -7.193358 12.67888 15.07207 -6.762158 19.74658 -3.467932 -6.762458 19.74628 -3.467831 -1.318858 -17.90302 10.34357 -7.237258 19.36598 -3.401131 -7.237858 12.65568 15.04437 -3.598458 -7.060923 -19.42903 -1.779658 -4.279123 -20.20063 4.983842 10.33678 -19.39573 4.983842 11.04338 -19.04753 6.038842 10.30458 -19.33513 5.750542 10.31328 -19.35153 -2.616258 -21.57972 3.825869 -2.498858 -21.57972 3.825769 6.038842 11.00938 -18.98753 -2.903758 -21.57972 3.825769 -2.814258 -21.57972 3.825769 -2.719558 -21.57972 3.825769 -7.391158 18.13928 -10.45073 -3.077158 -21.57972 3.825769 -2.990658 -21.57972 3.825769 -3.165758 -21.57972 3.825869 -4.019158 20.39858 -3.582731 -5.073358 20.32668 -3.57003 -5.074158 20.32658 -3.57003 -4.471458 20.36768 -3.577332 -7.389458 18.14038 -10.45133 -1.318458 -7.061623 -19.42883 -1.710858 -7.061623 -19.42883 -7.343658 18.17058 -10.46873 -5.984158 10.90638 18.82047 -6.758158 10.73338 18.52247 -1.527258 -7.061623 -19.42883 6.290842 10.27778 -19.28483 -4.016158 11.67508 18.63637 -1.642058 11.67498 18.63647 -3.262158 11.67498 18.63647 7.725841 21.42438 0.005468368 6.648842 10.23988 -19.21353 0.3808417 11.67518 18.63637 -0.487658 11.67528 18.63617 -2.346558 -7.061523 -19.42883 -2.503958 -7.061623 -19.42883 8.358842 20.94338 0.005468368 -7.395158 16.92088 -9.747431 -5.071158 11.63888 18.57787 -4.295458 11.66548 18.62087 -1.879258 -7.061523 -19.42883 8.358842 20.89598 -0.7169304 -5.313758 11.60988 18.53157 -5.984158 11.52978 18.40397 -3.598558 20.39858 -3.58263 -2.038258 -7.061623 -19.42883 8.492042 20.72898 -0.7111302 -2.192658 -7.061623 -19.42883 -5.209658 11.62238 18.55147 7.725841 21.37588 -0.7340317 -1.527258 20.39858 -3.58263 -1.710958 20.39858 -3.58263 -6.548858 11.39638 18.19127 -6.556358 11.39458 18.18847 0.5912418 9.720579 -18.23713 -6.758158 11.34708 18.11247 7.896342 21.24658 -0.7294312 -7.227058 11.15838 17.81077 -1.879358 20.39858 -3.582731 -2.038258 20.39858 -3.58263 -7.218558 -11.10642 -17.78443 -2.192658 20.39858 -3.582731 -2.346458 20.39858 -3.582731 -2.503858 20.39858 -3.58263 -7.391158 16.62438 -12.71753 -4.019158 10.97898 17.52347 -4.136958 10.97458 17.51657 -5.074158 10.93998 17.46127 -5.176858 10.92678 17.44027 -5.988158 10.82308 17.27427 -5.339458 10.90598 17.40697 -8.072158 18.45998 -7.437931 -8.211858 18.18088 -7.325531 -6.762158 10.62908 16.96367 -7.883158 18.83728 -7.590831 -6.677258 10.65048 16.99787 -1.318458 20.39858 -3.582731 -8.234159 18.13628 -7.30753 2.011942 9.720579 -18.23713 3.640242 9.720377 -18.23723 -6.990258 10.53088 16.80637 -3.598158 -20.36482 3.611269 2.962342 9.720678 -18.23703 -1.318458 -20.36482 3.611469 -1.879158 -20.36482 3.611469 -7.881758 17.60448 -10.14203 -7.830858 17.65998 -10.17413 -2.667858 20.39858 -3.582731 -1.527258 -20.36482 3.611568 -1.710758 -20.36482 3.611568 -7.883158 17.60298 -10.14113 -7.884258 17.60088 -10.14003 7.004242 20.15308 -8.122733 6.952842 20.17418 -8.131332 7.729842 20.01468 -0.6863308 -8.234159 16.94798 -9.763133 -8.19746 17.01648 -9.802533 6.952842 21.02738 -5.617531 -2.038258 -20.36482 3.611469 8.293744 19.55658 -0.6703301 7.481742 19.95618 -8.043231 8.362842 19.50058 -0.6684303 8.419544 19.42458 -0.6657314 8.657943 19.10508 -0.6546307 5.969942 20.36988 -8.210331 4.983842 20.42918 -8.234333 -1.778458 10.97898 17.52347 -8.45096 17.24188 -6.947031 4.983842 21.29338 -5.68753 -2.346458 -20.36482 3.611469 -2.503858 -20.36482 3.611568 -8.40746 17.45838 -7.034531 -8.432959 17.35888 -6.99433 6.038842 20.36578 -8.208731 4.986842 9.720579 -18.23713 -2.192558 -20.36482 3.611469 4.148942 9.720579 -18.23713 6.038842 21.22738 -5.67053 6.956841 9.582279 -17.97713 -8.44616 17.30728 -6.973531 5.105142 9.716677 -18.22983 6.041841 9.686079 -18.17243 6.099242 20.35308 -8.203533 6.145041 9.674477 -18.15053 -8.26406 16.62718 -6.698631 -6.758158 8.225378 19.75947 -8.239158 16.73098 -6.740631 -6.758158 7.330577 20.06317 -6.717058 7.336777 20.08017 -6.248258 7.407777 20.27507 6.610442 20.24598 -8.160331 -7.928858 17.39358 -7.008331 -7.898458 17.45838 -7.034531 -4.019158 -20.36482 3.61137 -6.007458 7.444377 20.37537 -5.984158 7.447877 20.38517 9.413844 16.17838 9.32147 -4.470958 -20.33392 3.60607 -5.073558 -20.29282 3.598669 -5.074158 -20.29282 3.598669 -7.180558 7.221177 19.76167 -5.283358 -20.24312 3.589869 -5.987458 -20.07602 3.559969 -5.988158 -20.07582 3.55987 -4.016158 4.592677 21.48397 -4.644258 4.584277 21.44417 -5.988758 -20.07552 3.55987 -6.022058 -20.06002 3.55707 -6.530458 4.484877 20.97867 -6.758158 4.463877 20.87997 9.413844 16.16878 9.335869 9.483344 15.28198 8.823969 -7.888158 17.48028 -7.043331 -6.301158 4.506077 21.07807 9.412444 16.17398 9.338871 -5.984158 4.535377 21.21517 9.365842 16.34488 9.437569 9.202842 2.739877 -19.32293 9.202842 5.097377 -18.85353 9.182744 2.745877 -19.36583 -5.988158 -10.78022 -17.26243 -5.339458 -10.86322 -17.39503 -6.249858 -20.37982 3.61347 -6.677358 -10.60722 -16.98623 -6.762158 -10.58582 -16.95203 8.850844 5.292377 -19.58453 -6.991158 -10.48722 -16.79453 9.418843 13.46958 10.52187 -7.717758 16.54588 -9.530931 8.850844 6.944077 -19.02453 9.427144 13.36648 10.44137 9.085143 6.772177 -18.55213 4.986842 19.18228 -7.730731 9.202842 6.685777 -18.31483 -6.672558 -19.75582 3.503368 7.644942 18.60758 -7.498631 6.956841 18.90948 -7.620531 9.480044 2.479477 -17.47343 9.413844 2.615277 -18.43843 5.104942 19.17478 -7.727731 -4.019158 -10.93632 -17.51233 6.041841 19.11408 -7.703231 -4.137058 -10.93192 -17.50533 -5.074158 -10.89712 -17.44933 6.144742 19.09118 -7.693931 9.413844 4.865377 -17.99053 -5.176858 -10.88402 -17.42833 -6.762158 -19.71382 3.496069 -7.883158 -7.718622 -18.73253 -6.762658 -19.71342 3.49597 -7.237858 -19.33282 3.429169 -5.443458 4.560877 21.33487 -7.883158 16.13338 -12.34053 -8.234159 15.53438 -11.88053 -7.883158 -6.907522 -19.00753 -7.806558 -6.940424 -19.09773 -8.43136 16.22788 -9.347631 -4.016158 -21.20662 5.699469 -8.44546 16.17628 -9.317831 8.489844 10.92938 9.81247 9.438842 6.254777 -17.13093 -5.984158 -20.94062 5.629469 -5.071158 -21.14062 5.681469 8.489844 10.19138 9.136469 -8.44616 16.17378 -9.316431 0.5928421 19.18238 -7.730531 2.014142 19.18228 -7.730931 9.413844 6.380377 -17.47593 -8.44616 14.82438 -11.33653 7.711842 10.19138 9.136469 7.711842 10.45458 8.76067 -8.17936 -6.689423 -18.40853 -8.12386 -6.730324 -18.52073 -8.515958 15.28388 -8.802731 -6.758158 -20.60962 5.539469 9.343543 6.482077 -17.75503 9.356042 6.463977 -17.70533 -7.691858 15.25518 -13.70653 2.964541 19.18248 -7.730431 3.641742 19.18238 -7.730731 4.151042 19.18228 -7.730731 9.327544 6.505377 -17.81893 -7.883158 15.07668 -13.54583 8.850844 2.845177 -20.07173 8.822341 2.850177 -20.10713 -8.234159 14.51568 -13.04123 -8.057358 14.79848 -13.29543 -8.025259 14.84988 -13.34173 -5.983658 -21.30932 3.777969 -5.679258 -21.37702 3.789968 6.952842 18.85318 -10.86283 7.401842 18.68058 -10.76313 -5.984158 -21.30922 3.777969 9.200543 15.01798 8.67157 4.986642 19.09198 -11.00073 6.038842 19.03198 -10.96613 9.123944 15.70748 9.069569 -8.32036 14.24578 -12.79863 -8.40036 13.99538 -12.57353 -8.44616 13.85228 -12.44473 8.855842 16.34838 9.43957 4.983842 19.09218 -11.00083 8.855842 16.34838 9.43957 -5.166858 -21.49112 3.810169 -8.239158 0.01737684 -18.03133 -5.071158 -21.51243 3.813869 -8.45096 0.01737684 -17.07633 6.041342 19.03148 -10.96583 9.207843 15.64838 9.03547 6.597542 18.92268 -10.90303 -8.451159 0.01737684 -17.07533 -6.500958 -21.08352 3.737669 9.207843 15.64838 9.03547 9.365942 2.643577 -18.63933 9.418843 14.82038 8.55747 -7.887658 0.01737684 -18.83993 -6.758158 -20.97152 3.717869 -6.691958 -21.00042 3.72287 9.418843 14.82038 8.55747 -7.888158 0.01737684 -18.83933 9.369842 2.641277 -18.62303 -6.973958 -20.81032 3.689369 -8.238759 0.01737684 -18.03213 9.401944 2.622277 -18.48833 9.373044 2.639377 -18.60953 9.371343 2.640377 -18.61653 9.367143 2.642877 -18.63433 -8.489459 13.37928 -12.01893 9.368442 2.642076 -18.62883 9.364844 2.644277 -18.64393 -4.016158 -21.57982 3.825569 9.335742 2.661377 -18.76593 9.320142 2.670577 -18.83123 9.362842 2.645377 -18.65233 9.363842 2.644777 -18.64823 -4.251858 -21.56482 3.822868 -4.371358 -21.55712 3.821569 -8.263958 -3.706323 -17.50563 -8.239158 -3.729623 -17.61503 -8.451159 -3.530923 -16.68133 -7.288158 10.10308 -9.069831 -8.45946 -3.503823 -16.55353 -6.758158 -21.33762 0.005468368 -7.928758 -3.878023 -18.31313 -7.605158 10.03438 -10.69653 -7.898358 -3.892623 -18.38153 -4.016158 -21.95662 0.005468368 -5.071158 -21.88762 0.005468368 -7.605158 9.357378 -9.958532 -5.984158 -21.68162 0.005468368 8.866342 2.639377 -18.60953 8.896743 2.629677 -18.54063 -4.016158 -21.90582 0.7813683 9.418843 16.25348 5.28797 -7.288158 8.745079 -10.38713 9.207843 2.530177 -17.83353 -7.288158 9.357378 -9.958532 9.427144 16.12928 5.24757 -1.472758 -21.90582 0.7815685 -3.069258 -21.90582 0.7814694 4.986842 17.93978 -10.33573 6.956942 17.68558 -10.18903 -0.3350582 -21.90582 0.7817688 9.232644 2.514477 -17.72243 6.956841 17.68558 -10.18903 -8.263958 13.32978 -11.97433 9.418843 2.397077 -16.88813 -8.239158 13.41288 -12.04913 6.041742 17.87658 -10.29923 -7.888158 -3.897523 -18.40453 8.489844 14.39938 3.147469 6.041841 17.87658 -10.29923 -5.984158 -21.63142 0.7712689 -6.195558 -21.53763 0.76787 9.427144 2.378877 -16.75863 6.956642 17.68568 -10.18903 8.489844 13.42138 2.930469 -8.451159 12.70348 -11.41063 -6.469958 -21.41602 0.7633686 -6.758158 -21.28822 0.7591686 -8.45946 12.60648 -11.32333 8.734244 2.665477 -18.79493 8.815742 2.650277 -18.68673 -6.932058 -21.15632 0.7547684 7.711842 13.42138 2.930469 7.711842 13.45178 2.583469 7.711842 12.95398 4.21567 8.489844 13.10338 6.708469 -7.928858 13.94408 -12.52733 -7.898858 13.99538 -12.57353 8.489844 12.21538 6.246469 -4.301858 -21.88732 0.7807694 -5.071158 -21.83712 0.7789688 -5.739258 -21.68672 0.7733688 6.952842 17.27938 -13.21953 4.983842 17.49738 -13.38653 -5.097958 -21.83102 0.7787685 6.038842 17.44238 -13.34453 8.683341 2.674977 -18.86253 -7.326358 14.54658 -13.06903 8.489844 14.72938 -0.6275311 -7.395158 14.50498 -13.03163 8.489844 13.72938 -0.5835304 -7.717858 -6.510624 -17.91743 -7.451758 14.44858 -12.98083 -7.888158 14.01368 -12.59003 4.077342 17.93978 -10.33573 -5.336558 -20.50482 0.7326698 -1.785158 -10.93622 -17.51243 8.855842 2.642776 -18.63343 -4.019158 -20.64182 0.7370701 8.844344 2.644876 -18.64863 -4.137058 -20.63372 0.7367687 -5.074158 -20.56812 0.7347698 -3.390858 20.42908 -8.234532 -5.176958 -20.54332 0.7339687 -1.752758 20.42938 -8.233832 0.291842 20.42918 -8.234333 -0.585958 20.42928 -8.234231 -1.778158 19.18248 -7.73033 8.787843 2.655477 -18.72373 8.760743 2.660577 -18.75983 -8.45106 -5.829023 -16.04493 -8.451159 -5.828922 -16.04473 -4.016158 21.29338 -5.68753 -8.239158 -6.156023 -16.94293 -5.071158 21.22738 -5.67053 -7.288158 10.10318 -9.069731 -5.984158 21.02738 -5.617531 -7.887958 -6.432623 -17.70303 -7.888158 -6.432524 -17.70283 8.708442 2.670277 -18.82923 -8.23896 -6.156223 -16.94343 -8.09916 -6.266422 -17.24613 -5.071158 4.578477 21.41717 -5.182558 4.573277 21.39257 8.850844 0.02537727 20.28627 9.200444 0.02537727 19.53547 9.202842 0.02537727 19.53027 -7.137758 4.403977 20.59817 9.204442 0.02537727 19.52367 8.850844 -2.801223 20.07417 8.814542 -2.807523 20.11937 -4.016158 20.42918 -8.234433 -5.002258 20.36998 -8.210131 -5.071158 20.36588 -8.208433 -7.391158 -11.03702 -17.67323 -7.456458 -10.99352 -17.60363 -5.131558 20.35318 -8.203331 -5.283158 20.32138 -8.190431 -5.984158 20.17438 -8.130831 -6.035758 20.15318 -8.122231 -7.326258 -10.34312 -16.56373 -7.395158 -10.31352 -16.51623 -6.600558 19.92058 -8.028131 -6.758158 19.85568 -8.002032 -7.451758 -10.27342 -16.45183 9.418843 8.030477 -15.05983 9.427144 7.969177 -14.94463 -7.391158 -14.73562 -14.77253 -7.563758 -13.24732 -15.78963 -5.988158 18.90958 -7.620331 -5.337858 19.05508 -7.679431 -6.762158 18.57038 -7.482831 -6.677258 18.60778 -7.498031 -6.990758 18.39828 -7.413031 8.681544 6.544377 -17.92613 -4.019158 19.18238 -7.730531 -4.137158 19.17488 -7.72753 -5.074158 19.11418 -7.703131 -5.176958 19.09118 -7.693931 -7.395158 -12.53002 -14.93493 8.855842 6.464277 -17.70613 -2.591858 19.09218 -11.00083 0.2584419 19.09218 -11.00083 -3.217858 19.09218 -11.00083 -7.391158 -13.38652 -15.95563 -3.134758 19.09218 -11.00073 -7.307758 -13.42712 -16.00413 -2.971958 19.09218 -11.00073 8.855744 6.464277 -17.70633 -2.799058 19.09218 -11.00073 -2.702058 19.09218 -11.00083 9.207843 6.187577 -16.94643 -3.053558 19.09218 -11.00083 9.207843 6.187577 -16.94653 -2.888058 19.09218 -11.00083 9.418744 5.860577 -16.04843 -2.038758 -13.28682 -15.83603 9.418843 5.860377 -16.04803 0.4164419 4.592977 21.48387 -1.318858 17.93978 -10.33563 -1.711158 17.93988 -10.33553 -0.447958 4.592477 21.48397 -1.600458 4.592477 21.48397 -2.668358 -13.28692 -15.83603 -3.211958 4.592677 21.48397 -4.016158 7.542577 20.64367 -1.319258 -13.28692 -15.83603 -1.711558 -13.28692 -15.83603 -2.346658 17.93988 -10.33553 -2.503958 17.93988 -10.33563 -3.598658 17.93988 -10.33553 -1.527958 -13.28692 -15.83603 -3.190958 7.542477 20.64367 -3.104958 7.542477 20.64377 -2.038358 17.93988 -10.33553 -2.757958 7.542477 20.64377 -2.657658 7.542477 20.64367 -2.543658 7.542477 20.64377 0.4028421 7.542377 20.64377 -1.879858 -13.28692 -15.83603 -7.288158 10.10868 -9.063132 -3.021058 7.542477 20.64367 -2.193158 -13.28692 -15.83603 9.176942 -2.703723 19.38157 -2.936658 7.542477 20.64367 -2.849958 7.542477 20.64377 9.202842 -2.695923 19.32637 -1.527458 17.93978 -10.33563 -7.288158 11.83348 -6.809331 -8.451159 15.84558 -6.382831 -1.879558 17.93978 -10.33563 -3.598558 -13.28692 -15.83603 8.489844 3.369377 -14.16553 -2.192858 17.93978 -10.33563 -2.504358 -13.28692 -15.83603 -8.45946 15.72458 -6.333931 6.952842 7.436677 -20.37763 6.952842 5.666377 -20.97853 -4.016158 19.09218 -11.00073 -7.391158 -10.40662 -18.09453 7.725841 5.576377 -20.64653 -5.381558 7.494577 20.51327 -4.302458 19.07588 -10.99133 -4.018858 19.09208 -11.00063 -5.071158 19.03218 -10.96583 -5.191358 7.509277 20.55367 -5.071158 7.518677 20.57927 -7.883158 -10.09662 -17.55853 -8.44616 -9.272624 -16.12853 7.730041 0.02537727 21.38307 8.358842 0.02537727 20.90427 -2.346958 -13.28702 -15.83593 -5.073558 19.03168 -10.96553 -4.715558 7.526777 20.60077 7.725841 0.02537727 21.38627 8.362242 0.02537727 20.90007 -4.276158 7.536777 20.62767 -5.984158 18.85328 -10.86263 7.725841 -2.954223 21.16317 -5.217058 19.00368 -10.94933 -7.288158 11.83308 -6.81033 7.774742 -2.949123 21.12637 -6.758158 18.55578 -10.69133 -6.755958 18.55668 -10.69183 -5.988158 -20.34752 0.7270699 8.358842 7.155177 -19.60443 -6.032258 18.83478 -10.85203 8.358842 -2.887423 20.68707 -6.677258 -20.02132 0.7153683 -6.762158 -19.98102 0.7139683 -6.743458 18.56148 -10.69463 8.358842 5.452377 -20.18253 -6.672258 -12.88812 -15.36203 -6.990458 -19.79602 0.7073689 -5.987558 7.003577 19.16507 -5.988158 7.003477 19.16497 -5.988158 4.260577 19.92417 -6.762158 4.184277 19.56577 -6.762158 -12.86062 -15.32923 -6.672458 17.40368 -10.02603 -6.677358 4.192677 19.60517 -5.988658 7.003477 19.16477 -6.022158 6.997977 19.14977 -6.762358 -12.86052 -15.32903 -6.990158 4.145777 19.38477 -7.288158 11.83288 -6.810631 -8.45106 14.81998 -8.534933 -8.451159 14.81978 -8.534832 -1.777658 -20.64192 0.7366696 -5.283858 17.83288 -10.27363 -5.987958 17.68568 -10.18903 -8.234159 -9.719624 -16.90353 -5.988158 17.68568 -10.18903 -5.988258 17.68558 -10.18893 -8.44616 -9.836524 -15.75193 6.038842 5.719377 -21.17853 -7.888058 16.34798 -9.416831 -8.49746 -9.437124 -15.11313 -7.888158 16.34778 -9.416731 -6.758158 -21.15463 -2.784531 4.983842 5.737377 -21.24453 -6.758158 -20.97582 -3.68453 -6.694258 -21.00362 -3.68943 -6.507058 -21.08522 -3.703732 -8.047558 -10.52162 -16.84963 -8.234159 -10.30932 -16.50943 -7.983358 -10.59482 -16.96673 -6.762158 17.36678 -10.00473 -5.985958 -21.31282 -3.743631 -5.984158 -21.31362 -3.743731 -6.762358 17.36668 -10.00473 -7.883158 -10.70912 -17.14923 -5.984158 -21.49563 -2.829531 -7.237758 17.03178 -9.811431 -5.071158 -21.70062 -2.856531 -4.016158 -21.76862 -2.86553 -7.749558 -10.79822 -17.29153 -4.016158 -21.58423 -3.791431 -7.288158 11.83288 -6.810731 -8.239158 15.64778 -9.012731 -3.079858 -21.58412 -3.791731 -8.38916 -9.963624 -15.95533 -8.39496 -9.950623 -15.93453 -5.283458 -13.20692 -15.74113 -5.987958 -13.09812 -15.61093 -5.988158 -13.09812 -15.61083 -5.988358 -13.09812 -15.61083 -6.022458 -13.08762 -15.59833 7.729842 0.02537727 20.02727 7.730442 0.02537727 20.02677 8.362842 0.02537727 19.51227 -7.883158 -12.98952 -15.48233 -7.801158 -13.05582 -15.56113 -4.471158 17.91288 -10.31973 -5.073958 17.87668 -10.29893 -7.883158 -14.29762 -14.33553 -5.073658 7.078977 19.37187 -5.074158 7.078977 19.37187 -7.237458 -12.61252 -15.03303 -5.074158 17.87668 -10.29893 -8.234159 -12.50402 -14.90443 -8.175559 -12.58512 -15.00103 -8.116258 -12.66712 -15.09863 -4.471258 7.093377 19.41147 -5.283858 7.061677 19.32437 -5.337758 4.293377 20.07797 -8.37526 -12.12242 -14.44953 -4.019158 17.93988 -10.33543 -8.41806 -12.00672 -14.31163 7.729842 -2.763523 19.80817 -8.44616 -11.93072 -14.22103 8.293642 -2.699723 19.35497 -3.260158 -21.58423 -3.791632 8.362842 -2.691923 19.29927 -3.168158 -21.58423 -3.791632 -4.019158 4.321777 20.21167 -2.620258 -21.58423 -3.791632 -2.502958 -21.58412 -3.791731 -8.47126 -11.69372 -13.93873 8.419742 -2.681323 19.22387 -5.074158 4.306577 20.14027 -4.137158 4.320077 20.20367 -4.471558 -13.26652 -15.81193 -6.022458 17.67148 -10.18083 -5.074058 -13.23942 -15.77973 -5.074158 -13.23942 -15.77973 -5.176858 4.301477 20.11607 -4.019158 -13.28682 -15.83603 -8.263958 -9.475924 -15.17513 -6.979058 -13.58792 -16.19493 -8.239158 -9.535223 -15.26993 -6.758158 -13.69572 -16.32283 -8.09906 15.92718 -9.174033 -8.23906 15.64798 -9.012831 -8.451159 -9.029324 -14.46073 9.413844 0.02537727 18.63627 9.414443 0.02537727 18.62817 -4.016158 17.49738 -13.38653 -5.071158 17.44238 -13.34453 -8.45946 -8.960224 -14.35023 -5.984158 -13.91632 -16.58613 9.413844 -2.571223 18.44097 -6.758158 17.00638 -13.01053 -6.703258 -13.71152 -16.34153 9.478742 -2.438123 17.49517 -6.494758 -13.77102 -16.41263 -5.994258 -13.91342 -16.58273 -5.984158 17.27938 -13.21953 -7.928858 -9.913723 -15.87553 -7.898658 -9.950623 -15.93453 9.398343 -2.580323 18.50597 9.370841 -2.596623 18.62147 9.369142 -2.597623 18.62867 9.367543 -2.598523 18.63517 9.366143 -2.599423 18.64117 9.364844 -2.600123 18.64677 9.363542 -2.600924 18.65187 9.362442 -2.601523 18.65657 9.361442 -2.602223 18.66097 9.360444 -2.602723 18.66507 9.332843 -2.619023 18.78077 9.316943 -2.628423 18.84737 -4.019158 7.104377 19.44097 -7.288158 11.83188 -6.812631 -7.888158 -9.963324 -15.95493 -7.605158 12.46938 -7.79353 -7.605158 11.62538 -7.25553 -1.778458 4.321877 20.21167 9.207843 -2.487223 17.84447 -7.288158 11.62538 -7.25553 8.896743 -2.586823 18.55157 -4.016158 -10.95662 -19.04753 -4.016158 -8.375624 -20.31953 8.865942 -2.596623 18.62147 9.232644 -2.471623 17.73327 -2.993458 -21.58423 -3.791632 9.418843 -2.354323 16.89997 -2.906858 -21.58423 -3.791731 -2.817658 -21.58412 -3.791731 -2.723258 -21.58423 -3.791632 9.427144 -2.336123 16.77057 8.759943 -2.617723 18.77197 7.644842 14.91668 -13.40293 -7.288158 8.744977 -10.38723 -4.016158 -11.61982 -18.60433 6.956841 15.15928 -13.62123 6.041841 15.32338 -13.76893 6.145041 15.30498 -13.75243 -5.071158 -21.51692 -3.779732 -1.711058 7.104477 19.44097 -4.362958 -21.56222 -3.787531 7.711842 -1.844123 13.27507 7.711842 -1.582623 13.29787 -4.254158 -21.56912 -3.788731 -1.560558 -11.61922 -18.60483 -3.167258 -11.61972 -18.60443 0.4502421 -11.61952 -18.60453 -5.686558 -21.37993 -3.755531 -2.346658 7.104377 19.44097 -2.504058 7.104477 19.44097 -3.598458 7.104677 19.44097 -0.4115582 -11.61972 -18.60443 -5.984158 -8.269623 -20.06553 -5.169158 -21.49502 -3.77593 8.855842 -2.599823 18.64447 8.815042 -2.607523 18.69867 8.843743 -2.602123 18.66067 -6.758158 -10.64662 -18.51153 -6.968958 -20.81822 -3.656731 -5.071158 -8.349623 -20.25653 7.711842 -1.844923 13.27497 -6.510558 -11.34932 -18.17393 -6.546258 -11.34092 -18.16053 -7.288158 8.742777 -10.38873 -7.288158 8.744177 -10.38783 8.787143 -2.612723 18.73577 -5.984158 -11.47362 -18.37143 -5.984158 -10.81962 -18.80853 -1.318758 7.104477 19.44097 4.986842 15.37808 -13.81823 5.105242 15.37198 -13.81273 -5.074058 -20.29262 -3.56373 -5.074158 -20.29252 -3.56373 -7.288158 8.744177 -10.38773 -1.527458 7.104477 19.44097 7.711842 -1.852223 13.27437 -6.758158 -11.29122 -18.08083 0.588542 15.37808 -13.81813 -5.071158 -10.92262 -18.98753 2.011242 15.37808 -13.81813 2.961642 15.37818 -13.81803 3.638041 15.37818 -13.81813 4.147642 15.37808 -13.81823 -8.295358 11.45428 -13.61943 8.733443 -2.622723 18.80707 8.682542 -2.632223 18.87477 -4.471158 -20.33432 -3.571131 -7.717558 -12.25162 -14.60373 -5.283358 -20.24312 -3.554932 -5.988058 -20.07652 -3.52593 8.707643 -2.627623 18.84137 -5.988158 -20.07652 -3.52593 -5.988258 -20.07642 -3.52593 -6.022358 -20.06042 -3.52313 -8.451159 11.00268 -13.08143 -4.309358 -11.60962 -18.58793 -8.451159 11.00268 -13.08133 -5.071158 -11.58342 -18.54573 8.657943 -2.636823 18.90737 -5.154658 -11.57352 -18.52973 -5.325858 -11.55302 -18.49723 -5.074158 15.32388 -13.76843 -5.177058 15.30548 -13.75193 -1.879558 7.104477 19.44097 -5.988158 15.15978 -13.62073 -5.340458 15.27618 -13.72553 -8.239158 -11.58492 -13.80903 -6.677258 14.91718 -13.40233 -6.762158 14.88718 -13.37533 -8.23906 -11.58502 -13.80923 -6.990158 14.74968 -13.25153 -7.887958 -12.10472 -14.42853 -7.888158 -12.10452 -14.42833 8.489844 -2.914623 14.17747 -2.038458 7.104477 19.44097 -8.09906 -11.79232 -14.05623 8.489844 -2.697623 13.20047 -2.192858 7.104477 19.44097 7.711842 -2.697623 13.20047 9.207843 0.02537727 18.04227 9.207444 0.02537727 18.04307 8.855842 0.02537727 18.85127 -1.783358 15.37848 -13.81773 -7.288158 8.741678 -10.38953 9.418642 0.02537727 17.08727 9.418843 0.02537727 17.08627 9.483842 -5.647123 15.01497 9.483842 -6.475622 12.88147 8.855342 0.02537727 18.85187 9.483842 -7.513023 14.16527 -7.391158 -19.79862 -6.422531 -4.019158 15.37848 -13.81773 -7.605158 6.930377 -12.86953 -7.391158 -19.26562 -7.992531 -4.137258 15.37248 -13.81223 -7.605158 3.152377 -13.18853 -7.693058 -19.43862 -6.305631 -7.605158 6.467377 -11.98153 9.483842 -5.473324 15.09407 -7.288158 3.152377 -13.18853 -7.288158 6.467377 -11.98153 -7.436858 -19.74422 -6.404731 9.483842 -5.987423 16.50577 -7.391158 15.53578 -13.95903 -7.237658 6.746077 18.45597 -5.285158 10.02838 -4.644531 -7.288158 10.02838 -4.644531 -6.762158 6.877977 18.81887 -5.285158 10.54938 -3.303532 -6.672258 6.892577 18.85907 -7.288158 10.54938 -3.303532 -7.472058 15.46028 -13.89113 -6.762458 6.877877 18.81867 9.483842 -4.511623 17.00647 9.483842 -8.227724 15.50927 -5.285158 0.1133766 -3.19153 -7.555758 13.30758 -15.82633 3.380842 9.917279 -4.84683 -7.326058 -18.57872 -6.026131 -7.395158 -18.52532 -6.008631 -7.451958 -18.45292 -5.985031 -4.479058 11.07178 13.15717 -4.814058 11.26928 13.39247 -1.578158 13.68208 7.900469 -5.285158 10.89238 -1.905531 -7.288158 10.89238 -1.905531 -5.285158 11.04838 -0.4745312 -7.288158 11.04838 -0.4745312 -5.285158 11.01738 0.9644699 -7.288158 11.01738 0.9644699 -5.285158 10.79838 2.387468 -7.288158 10.79838 2.387468 -5.285158 10.39538 3.769468 -7.288158 10.39538 3.769468 -5.285158 9.815379 5.087469 -7.288158 9.815379 5.087469 -5.285158 9.069377 6.317469 -7.288158 9.069377 6.317469 -7.391158 -18.06722 -10.42303 -7.321858 -18.11282 -10.44933 -5.285158 8.168377 7.44047 -7.288158 8.168377 7.44047 -7.395658 -18.06242 -10.42023 -5.285158 7.128377 8.435469 -7.288158 7.128377 8.435469 -5.285158 5.967377 9.286469 -7.288158 5.967377 9.286469 -5.285158 4.705377 9.97947 -7.288158 4.705377 9.97947 -5.285158 3.363377 10.50047 -7.288158 3.363377 10.50047 -3.875458 -20.31632 -3.567831 -3.923158 -20.36562 -3.57653 -5.285158 3.248377 0.08346939 -4.019158 -20.36562 -3.57653 -0.2901583 10.89238 -1.905531 -0.2901583 11.04838 -0.4745312 -0.2901583 11.01738 0.9644699 -7.395158 12.56288 -14.93903 -0.2901583 10.79838 2.387468 -0.2901583 10.39538 3.769468 -0.2901583 9.815379 5.087469 -0.2901583 9.069377 6.317469 -0.2901583 8.168377 7.44047 -0.2901583 7.128377 8.435469 -0.2901583 5.967377 9.286469 -6.135358 -20.21902 -3.551031 -0.2901583 4.705377 9.97947 -7.391158 12.76638 -16.57553 -0.2901583 3.363377 10.50047 -7.391158 13.44018 -15.98463 -7.395158 -16.88852 -9.742631 -7.323458 13.47318 -16.02403 -6.672358 -19.75562 -3.469332 -0.2901583 3.248377 0.08346939 -4.016158 2.914377 21.81747 -6.758158 2.833377 21.20447 -7.391158 -16.43342 -12.83633 -5.984158 2.878377 21.54447 -5.071158 2.906377 21.74947 -7.420358 -16.40452 -12.81363 -7.467158 -16.35812 -12.77743 -6.758158 0.04337692 21.38747 -6.762158 -19.71352 -3.46183 -4.016158 0.04337692 22.00547 -5.071158 0.04337692 21.93747 -6.762258 -19.71352 -3.46183 -8.234159 -17.99562 -7.466531 -8.03586 -18.89952 -6.13063 -8.234159 -18.49352 -5.998331 -5.984158 0.04337692 21.73147 -8.024458 -18.92292 -6.138231 -7.237658 -19.33262 -3.39423 -8.23106 -16.88182 -9.738831 -8.183659 -16.97022 -9.789731 -7.883158 -17.53102 -10.11353 -7.883158 -18.69462 -7.75553 -8.23616 -16.86852 -9.731131 -8.234159 -16.87602 -9.735431 0.5946417 -2.855223 20.46207 -8.44616 -17.16962 -7.12353 8.850844 -5.205624 19.59647 -7.326058 9.195178 -17.24883 -7.395158 9.168877 -17.19943 -7.451858 9.133077 -17.13223 -7.883158 -19.21192 -6.232031 8.850844 -6.902924 19.02037 -4.016158 0.02537727 22.00427 -2.346958 -20.36552 -3.57683 -1.687058 -3.040723 21.77517 -3.313358 -3.040223 21.77527 -4.016158 -3.040023 21.77527 0.3437419 -3.040123 21.77527 -0.5273581 -3.040323 21.77517 -6.762358 0.02537727 21.38307 -1.319058 -20.36552 -3.57683 -6.758158 0.02537727 21.38627 -6.570358 -2.966323 21.24547 -6.700358 -2.958323 21.18847 -5.984158 -3.001923 21.50267 -7.812558 -17.60792 -10.15793 -5.071158 -3.030323 21.70757 -7.391158 10.49338 -18.09453 -7.391158 9.821477 -18.42583 -4.095758 -3.039323 21.77017 -8.44616 -17.64532 -5.722031 -7.473858 9.772777 -18.33433 -7.528958 9.740279 -18.27323 -3.207158 -19.64712 -3.44973 6.038842 17.30248 13.51597 -5.239858 -3.025023 21.66977 -5.915858 -3.004024 21.51797 -3.287058 -20.36562 -3.57653 -3.250158 -20.10172 -3.52993 -3.185858 -19.67942 -3.455431 -3.563158 -19.99012 -3.510231 6.107042 17.29038 13.50647 -8.31976 -18.15082 -5.88653 -8.388858 -17.87462 -5.796532 -2.668258 -20.36562 -3.576731 7.725841 -5.489624 20.65847 -6.758158 -2.954723 21.16307 6.952842 17.14068 13.38957 6.622142 17.19928 13.43527 8.358842 -5.365623 20.19347 4.983842 17.35708 13.55857 -7.814358 13.09888 -15.57743 -6.807158 -2.949523 21.12617 -7.883158 12.38938 -16.08453 -7.883158 13.04328 -15.51123 7.725841 -7.278322 20.05147 7.669142 16.88908 13.19337 -8.234159 11.92938 -15.48453 -8.122159 12.71268 -15.11793 -8.234159 12.55768 -14.93343 -8.18546 12.62508 -15.01363 -8.42416 12.04358 -14.32143 -4.022758 0.02537727 22.00387 -8.379058 12.16568 -14.46683 -2.504258 -20.36552 -3.576731 7.493042 16.95098 13.24157 -8.44616 11.98398 -14.25043 -5.071158 0.02537727 21.93627 -8.44616 11.38538 -14.77553 -5.978458 0.02537727 21.73157 -5.984158 0.02537727 21.73027 5.961041 17.30658 13.51907 -5.989158 0.02537727 21.72807 8.156442 -7.166424 19.74417 -8.46986 11.75958 -13.98313 -7.717958 -16.51332 -9.526031 -1.527858 -20.36552 -3.576731 -1.711458 -20.36552 -3.576731 -1.879758 -20.36552 -3.57683 -4.019158 0.02537727 20.68827 -5.073158 0.02537727 20.61527 -5.074158 0.02537727 20.61527 8.358842 -7.113924 19.59987 -5.987258 0.02537727 20.39547 8.521842 -7.044023 19.40787 -7.883158 10.18338 -17.55853 8.566843 -7.024723 19.35487 -2.038658 -20.36552 -3.576731 -5.988158 0.02537727 20.39527 -7.883158 9.531277 -17.88043 -5.988858 0.02537727 20.39487 -6.762158 0.02537727 20.02727 -6.762758 0.02537727 20.02677 6.952842 18.85738 10.86847 6.952842 18.84788 10.88277 7.420442 18.66798 10.77907 -2.193058 -20.36562 -3.576731 -8.234159 9.806379 -16.90353 -7.929058 -17.80722 -5.774631 -7.898258 -17.87462 -5.796532 6.038842 19.03638 10.97147 -8.140358 9.271577 -17.39233 -8.234159 9.176677 -17.21413 4.983842 19.09638 11.00547 -5.988158 -2.815023 20.17167 -5.340358 -2.836723 20.32637 9.413844 -4.778623 18.00147 -6.676958 -2.769523 19.84817 -6.762158 -2.763923 19.80807 6.605342 18.91598 10.92187 -8.058659 9.354177 -17.54743 -6.990358 -2.738123 19.62467 6.044442 19.02568 10.98517 9.437343 -6.221024 17.14717 -7.888158 -17.89672 -5.80373 9.413844 -6.339323 17.47197 4.990442 19.08608 11.02007 6.038842 19.02678 10.98587 9.202842 -5.010624 18.86547 -8.44616 9.359377 -16.12853 -8.29446 9.057277 -16.98973 -8.40046 8.847377 -16.59553 -8.44616 8.756978 -16.42563 4.983842 19.08648 11.02027 9.347642 -6.435223 17.73527 9.352944 -6.427624 17.71427 9.202842 -6.644623 18.31067 9.323642 -6.469923 17.83077 8.850844 -15.94642 -12.45483 9.091643 -6.726223 18.53487 -4.019158 -2.855923 20.46207 -1.776258 -2.855923 20.46197 -5.074158 -2.845723 20.38987 -4.137658 -2.854723 20.45387 9.183444 -15.38432 -12.01573 8.681241 -6.507624 17.93417 -5.177358 -2.842223 20.36527 9.413844 -14.64702 -11.43983 9.402442 -14.68502 -11.46953 9.362643 -14.81802 -11.57343 9.361144 -14.82292 -11.57733 9.366044 -14.80662 -11.56453 9.364242 -14.81252 -11.56913 9.359744 -14.82752 -11.58083 9.358544 -14.83182 -11.58423 9.357343 -14.83572 -11.58723 9.326442 -14.93872 -11.66773 9.309943 -14.99392 -11.71083 9.355243 -14.84282 -11.59273 9.356244 -14.83932 -11.59013 9.202842 -15.35142 -11.99013 9.355943 -16.31412 -9.411333 9.411944 -16.10882 -9.292832 9.413844 -16.10182 -9.288831 9.483142 -15.21762 -8.778431 6.952842 15.40538 15.36747 6.038842 15.55038 15.51347 -8.497658 8.401679 -15.75763 6.344242 14.06558 16.72457 9.418044 -14.59872 -11.40213 6.038842 14.10978 16.77707 -5.285158 1.965377 10.84347 -7.288158 1.965377 10.84347 -5.285158 0.5343771 10.99947 -7.288158 0.5343771 10.99947 -5.285158 -0.904623 10.96847 -7.288158 -0.904623 10.96847 4.983842 15.60038 15.56247 8.658244 -15.03412 -11.74223 5.689242 14.12458 16.79487 -0.2901583 1.965377 10.84347 -0.2901583 0.5343771 10.99947 -0.2901583 -0.904623 10.96847 4.983842 14.15428 16.83017 -5.285158 0.3953772 7.369469 8.866044 -14.80662 -11.56453 8.896743 -14.75112 -11.52113 9.207843 -14.18822 -11.08143 -0.2901583 0.3953772 7.369469 9.232644 -14.09982 -11.01243 -5.285158 -2.326623 10.74947 -7.288158 -2.326623 10.74947 -5.285158 -0.3056231 7.369469 8.760144 -14.92632 -11.65803 -8.239158 11.61738 -13.81353 -0.2901583 -2.326623 10.74947 -0.2901583 -0.3056231 7.369469 -7.888158 12.13738 -14.43253 8.787242 -14.89762 -11.63563 8.815143 -14.86812 -11.61253 8.843843 -14.83782 -11.58883 9.418843 -7.993124 15.06807 9.427144 -7.931723 14.95257 -7.779558 12.23098 -14.54423 8.855842 -14.82502 -11.57893 -7.717658 12.28448 -14.60773 8.362842 -6.653723 18.33547 7.729842 -6.829823 18.81937 7.729942 -6.829823 18.81937 2.016442 16.30528 12.73687 8.733743 -14.95432 -11.67983 2.965042 16.30508 12.73727 3.642241 16.30528 12.73697 8.707843 -14.98162 -11.70123 8.682744 -15.00822 -11.72193 8.489844 -6.475622 12.88147 4.150342 16.30528 12.73687 -8.239158 8.478878 -15.90293 8.489844 -6.012623 11.99347 -8.26406 8.426279 -15.80403 4.986842 16.30528 12.73687 -7.928958 8.814079 -16.53293 7.644742 15.81668 12.35517 6.956841 16.07368 12.55597 -7.898058 8.847377 -16.59553 5.105242 16.29888 12.73187 6.041841 16.24818 12.69227 6.145041 16.22868 12.67707 9.418744 -14.78632 -8.529432 9.418843 -14.78612 -8.529232 -7.888158 8.858179 -16.61573 6.952842 20.11438 8.31947 6.952842 20.65758 6.718969 6.038842 20.30538 8.39847 6.655942 20.72128 6.739769 6.584742 20.73658 6.74477 8.855842 -6.427423 17.71407 8.855744 -6.427523 17.71427 -7.605158 3.369377 -14.16553 9.207843 -6.150824 16.95437 9.207843 -6.150824 16.95447 4.983842 20.36838 8.424469 -7.391158 5.452377 -20.18253 -0.2901583 -1.795623 2.640469 9.418744 -5.823824 16.05637 5.412142 20.89228 6.795269 4.983842 20.91848 6.803869 0.5902414 -16.27232 -12.70923 9.418843 -5.823624 16.05597 -0.2901583 -1.247623 2.948469 -7.391158 7.155377 -19.60433 -7.320058 7.173877 -19.65493 -0.2901583 -0.6506233 3.144468 -0.2901583 -0.3056231 3.185968 -0.2901583 0.3953772 3.18717 6.038842 20.85368 6.782768 -0.2901583 0.6003771 3.171469 -0.2901583 1.205377 3.00247 -0.2901583 1.765377 2.717468 -7.562958 7.081377 -19.40163 -0.2901583 2.260377 2.32947 -0.2901583 2.669377 1.852468 2.012042 -16.27242 -12.70923 -0.2901583 2.977377 1.305469 2.962542 -16.27232 -12.70933 3.639942 -16.27242 -12.70913 -0.2901583 3.173377 0.7074699 -0.2901583 3.200377 -0.5425301 -0.2901583 3.031377 -1.148531 -0.2901583 2.747377 -1.70853 -0.2901583 2.359377 -2.203531 -0.2901583 1.882377 -2.612532 -0.2901583 1.334377 -2.92053 9.360644 -8.816523 16.61637 9.359044 -8.819523 16.62207 9.357644 -8.822323 16.62727 9.356444 -8.824825 16.63217 9.355142 -8.827223 16.63657 -0.2901583 0.7373772 -3.116531 -7.417358 6.680177 -18.30053 -7.395158 6.690377 -18.32853 4.986842 -16.27232 -12.70923 9.354043 -8.829424 16.64077 9.353042 -8.831524 16.64457 9.323843 -8.889624 16.75387 9.306941 -8.923124 16.81667 9.202842 -9.130524 17.20577 7.729842 -15.75172 -12.30263 9.202842 -9.719624 16.91547 9.413844 -9.272624 16.14047 7.644842 -15.78362 -12.32753 6.956841 -16.04062 -12.52833 5.925042 17.38298 10.03687 8.293744 -15.39082 -12.02073 5.193242 17.92788 10.35147 6.041841 17.87638 10.32247 8.362842 -15.34662 -11.98623 4.986842 17.94028 10.35857 4.077641 17.94028 10.35857 5.105142 -16.26582 -12.70413 6.041841 -16.21422 -12.66393 6.574942 17.76568 10.25777 6.956942 17.68608 10.21187 8.419643 -15.28662 -11.93943 6.956841 17.68608 10.21187 6.144942 -16.19472 -12.64863 6.956742 17.68618 10.21187 4.148942 -16.27232 -12.70923 -7.391158 2.931376 -20.68373 -7.488658 2.914277 -20.56243 8.850844 -10.09662 17.56947 8.850844 -12.30262 16.09547 -0.2901583 -1.679623 -2.689531 -0.2901583 -2.173623 -2.301531 -0.2901583 -2.582623 -1.824532 -0.2901583 -2.891623 -1.277531 -0.2901583 -3.086623 -0.6795311 -0.2901583 -3.114623 0.5704689 -0.2901583 -2.944623 1.175468 -7.326058 2.742877 -19.34383 -0.2901583 -2.660624 1.736469 -7.395158 2.734977 -19.28833 -0.2901583 -2.272623 2.23147 -7.451958 2.724377 -19.21293 -0.2901583 -0.5136232 -3.14353 -0.2901583 -1.118623 -2.974531 6.952842 21.58238 2.841469 7.517342 21.14858 3.737268 7.468142 21.17008 3.74107 6.952842 21.39548 3.780569 6.038842 21.78738 2.868469 8.855842 -16.31532 -9.412033 4.983842 21.85538 2.87747 8.855744 -16.31542 -9.412033 -8.234159 2.739877 -19.32293 9.207843 -15.61462 -9.007533 9.207843 -15.61462 -9.007533 -8.234159 5.097377 -18.85353 -7.883158 5.292377 -19.58453 -7.883158 6.943777 -19.02463 8.850844 -14.29762 -14.33553 -5.285158 -1.795623 2.640469 -7.288158 -1.795623 2.640469 -5.285158 -1.247623 2.948469 -7.288158 -1.247623 2.948469 6.038842 21.59868 3.816269 -5.285158 -0.6506233 3.144468 5.340042 21.64338 3.824169 -8.44616 2.615277 -18.43843 -7.288158 -0.6506233 3.144468 -5.285158 -0.3056231 3.185968 6.952842 -15.31862 -15.35653 6.038842 -15.46362 -15.50153 4.983842 21.66608 3.828169 6.646742 21.46348 3.792469 -7.288158 -0.3056231 3.185968 7.725841 -15.07462 -15.11253 -5.285158 0.3953772 3.18717 6.649542 21.46288 3.79237 -5.285158 0.6003771 3.171469 -8.44616 4.865377 -17.99053 -8.512358 2.479477 -17.47343 8.358842 -14.73562 -14.77253 -7.288158 0.6003771 3.171469 -7.288158 0.3953772 3.18717 -5.285158 1.205377 3.00247 4.983842 -15.51362 -15.55053 -7.288158 1.205377 3.00247 -5.285158 1.765377 2.717468 -7.288158 1.765377 2.717468 7.415542 20.46268 6.655569 7.522642 20.41748 6.640869 -5.285158 2.260377 2.32947 -7.288158 2.260377 2.32947 -5.285158 2.669377 1.852468 -7.288158 2.669377 1.852468 -5.285158 2.977377 1.305469 -8.44616 6.380377 -17.47593 -8.42286 6.413977 -17.56803 -7.288158 2.977377 1.305469 -5.285158 3.173377 0.7074699 -7.288158 3.173377 0.7074699 6.038842 -14.04812 -16.74313 6.355041 -14.00262 -16.68893 -7.288158 3.248377 0.08346939 -5.285158 3.200377 -0.5425301 -7.288158 3.200377 -0.5425301 -5.285158 3.031377 -1.148531 -7.288158 3.031377 -1.148531 -5.285158 2.747377 -1.70853 -7.288158 2.747377 -1.70853 -5.285158 2.359377 -2.203531 -7.288158 2.359377 -2.203531 -5.285158 1.882377 -2.612532 -7.288158 1.882377 -2.612532 4.983842 -14.09302 -16.79653 -5.285158 1.334377 -2.92053 -7.288158 1.334377 -2.92053 4.986842 19.67558 6.399969 7.644642 19.08618 6.208469 -5.285158 0.7373772 -3.116531 6.956841 19.39628 6.309269 -7.288158 0.7373772 -3.116531 5.105342 19.66768 6.397469 6.041841 19.60618 6.377369 5.677042 -14.06352 -16.76143 -7.288158 0.1133766 -3.19153 6.145242 19.58248 6.36977 -7.288158 1.304777 -0.7845306 -7.288158 1.475377 0.4784699 -7.288158 1.548377 0.01446908 -7.288158 1.261377 0.8974686 4.986842 20.39828 3.60467 -7.288158 0.9283772 1.229469 6.956942 20.10928 3.55377 6.956841 20.10928 3.55377 -7.288158 0.5093765 1.442469 6.041841 20.32628 3.591969 6.041642 20.32628 3.591969 -7.288158 0.3953772 1.460569 6.956742 20.10938 3.55377 -8.405158 2.639377 -18.60953 -8.43416 2.622277 -18.48833 -7.288158 1.475377 -0.450531 2.015442 19.67558 6.39987 3.642842 19.67558 6.39987 2.965542 19.67548 6.40037 4.151142 19.67558 6.399969 -8.26406 2.514477 -17.72243 -5.285158 -2.173623 -2.301531 -5.285158 -1.679623 -2.689531 -7.288158 -2.173623 -2.301531 -7.288158 -1.679623 -2.689531 -5.285158 -2.582623 -1.824532 -1.781658 -16.27182 -12.71003 -7.288158 -2.582623 -1.824532 -4.019158 -16.27182 -12.71003 -5.285158 -2.891623 -1.277531 -5.074158 -16.21372 -12.66453 -4.137158 -16.26532 -12.70493 -7.288158 -2.891623 -1.277531 -5.285158 -3.086623 -0.6795311 -7.288158 -3.086623 -0.6795311 -5.176858 -16.19422 -12.64933 -5.988158 -16.04022 -12.52883 -5.339258 -16.16342 -12.62523 -7.288158 -3.161623 -0.05553048 -5.285158 -3.114623 0.5704689 -6.762158 -15.75152 -12.30293 -6.677158 -15.78332 -12.32783 -7.288158 -3.114623 0.5704689 -5.285158 -2.944623 1.175468 -7.288158 -2.944623 1.175468 -6.991158 -15.60502 -12.18833 -5.285158 -2.660624 1.736469 -7.288158 -2.660624 1.736469 -5.285158 -2.272623 2.23147 -7.288158 -2.272623 2.23147 -5.285158 -0.5136232 -3.14353 -7.288158 -0.5136232 -3.14353 -5.285158 -1.118623 -2.974531 -7.288158 -1.118623 -2.974531 -7.288158 -1.215023 -0.7845306 -7.288158 -0.3056231 1.460669 -7.288158 -0.4196234 1.442469 -7.288158 -0.8386231 1.229469 -7.288158 -1.171623 0.8974686 -7.288158 -1.385623 0.4784699 -7.288158 -1.458623 0.01446908 -7.288158 -1.385623 -0.450531 0.4766421 -14.09302 -16.79653 -2.918658 -14.09302 -16.79643 -2.634958 -14.09312 -16.79643 -2.519058 -14.09312 -16.79643 -3.268158 -14.09302 -16.79643 -3.177158 -14.09312 -16.79643 -3.089758 -14.09312 -16.79643 -3.004358 -14.09312 -16.79643 -2.830358 -14.09312 -16.79643 -2.736958 -14.09312 -16.79643</float_array>
          <technique_common>
            <accessor source="#obj_0-mesh-positions-array" count="5211" stride="3">
              <param name="X" type="float"/>
              <param name="Y" type="float"/>
              <param name="Z" type="float"/>
            </accessor>
          </technique_common>
        </source>
        <source id="obj_0-mesh-normals">
          <float_array id="obj_0-mesh-normals-array" count="32487">4.72497e-4 -0.9902452 -0.1393352 0 -0.9902347 -0.13941 0.9060528 -0.2788649 0.3182809 -2.6081e-5 -0.9902426 -0.1393547 -0.06611186 -0.7501242 -0.6579841 -0.0663045 -0.7501159 -0.657974 -0.2187803 -0.7335862 -0.6434178 0.9731284 -0.1518701 0.1730799 0.4056952 0.9120476 -0.05983823 -0.2196097 -0.7334247 -0.6433195 -0.2186958 -0.7335861 -0.6434467 0.9063568 -0.2786089 0.3176389 0.4059486 0.9119325 -0.05987393 0.4058507 0.9119823 -0.0597791 -1.36076e-4 -0.9902486 -0.1393123 -2.11387e-4 -0.7658866 -0.6429757 -1.78258e-4 -0.7659738 -0.6428719 1.64987e-4 -0.9900541 -0.1406877 0.06481808 0.9957661 -0.06518131 1.72113e-4 -0.9902167 -0.1395381 0.06512528 0.995754 -0.0650615 0.06505393 0.9957631 -0.06499302 0 -0.9900365 -0.1408112 1 0 0 0.9166609 -0.1656419 0.3637246 -0.06612825 -0.6579762 -0.7501296 -0.06602478 -0.6579942 -0.750123 0.220243 0.9733525 -0.0638597 -0.06607449 -0.6579501 -0.7501572 -0.06576889 -0.6579354 -0.7501971 0.2194624 0.9735496 -0.06354159 0.2194224 0.9735564 -0.06357592 0.2196502 0.973499 -0.0636686 -0.2187943 -0.6434385 -0.733564 -0.2186998 -0.6434363 -0.7335941 -0.2188995 -0.643423 -0.7335462 -1 0 0 -1 0 0 2.27296e-4 -0.9901973 -0.1396761 3.00046e-5 0.9978759 -0.0651437 0 0.9978645 -0.06531935 -0.4064702 -0.6027054 -0.6866793 7.52854e-5 0.9954193 -0.09560579 3.68647e-4 -0.03344851 -0.9994404 -1 -6.42533e-7 0 0.9731296 -0.2064891 -0.101887 -1 3.14284e-7 0 0 0.88313 0.4691284 -1 -9.13953e-7 0 -0.9979752 0.02636635 -0.05788266 -0.9979782 0.02633941 -0.05784267 0.9722498 -0.1762603 0.153827 0.9734834 -0.1717702 0.1510801 -9.35861e-5 0.8828465 0.4696617 3.42352e-4 0.8828806 0.4695975 2.20681e-4 0.8829561 0.4694557 3.99553e-4 0.8828128 0.469725 0.9740571 -0.1696016 0.1498272 0.9706028 -0.1822797 0.1571763 0.9745743 -0.1677075 0.1485907 -1.20189e-4 0.8828969 0.4695672 0.9160773 -0.1662296 0.364925 0.9718648 -0.1776832 0.1546213 0.9730826 -0.1732814 0.1519341 0.973198 -0.1728204 0.1517199 0.9754818 -0.1641295 0.1466177 0.9733977 -0.1719897 0.1513825 0.9044629 -0.3825294 -0.1887276 0.8005934 -0.2483535 0.5453171 0.9127906 -0.170825 0.3709883 0.9127889 -0.1708251 0.3709922 0.9127876 -0.1708267 0.3709949 0.8010007 -0.2481415 0.5448153 -5.6204e-5 0.8821498 0.470969 0 0.8838374 0.4677945 0.906278 -0.3790437 -0.1870458 -1.26477e-4 0.883131 0.4691264 -3.98836e-6 0.882977 0.4694164 -3.78875e-6 0.8829768 0.4694166 -3.8322e-6 0.8829769 0.4694164 8.44856e-4 0.8756393 0.482965 8.44963e-4 0.8756394 0.4829648 8.44905e-4 0.8756394 0.4829646 1.86319e-5 0.8826815 0.4699718 8.48514e-4 -0.882828 -0.4696959 -6.54982e-5 -0.8828613 -0.4696338 0.9062775 -0.3790444 -0.1870468 0.8013193 -0.2479971 0.5444124 5.4023e-5 0.8823347 0.4706226 0.90631 -0.3177153 0.2786738 -1 -6.62279e-7 0 -1 1.6519e-7 0 0.9062187 -0.317933 0.278723 -2.07406e-4 0.8832827 0.4688407 0.9061903 -0.3179687 0.2787743 0.9731162 -0.1731465 0.151872 -1 3.94883e-7 0 0.8013231 -0.2480221 0.5443954 0.8010097 -0.2481566 0.5447954 -0.003760278 0.8910071 0.4539738 -1 -6.66124e-7 0 0.9731345 -0.1731039 0.1518036 -5.30405e-4 0.8836284 0.4681886 -0.9168208 0.1655057 -0.3633835 0.8013335 -0.248009 0.5443862 -1 -7.06178e-7 0 -2.82463e-4 0.8833147 0.4687805 3.6471e-4 0.9396935 0.3420177 4.45559e-4 0.9398651 0.341546 -1 -5.37682e-7 0 0.9731745 -0.2063427 -0.101755 0.973145 -0.1914161 0.1278625 7.0108e-5 0.939682 0.3420496 1.83222e-5 0.9396767 0.3420642 -3.43186e-5 0.9396862 0.342038 0 0.9396862 0.3420379 0 0.9396859 0.3420388 0.997695 -0.05642765 0.03769159 -0.9758757 0.09048253 -0.1986947 -0.9758757 0.09048265 -0.1986948 -0.9758758 0.09048235 -0.1986944 -0.9979779 0.02633982 -0.05784845 -0.9979782 0.02632236 -0.05785036 -1.75755e-4 0.8829328 0.4694994 0.9731669 -0.2179136 -0.07389199 0.9731746 -0.2178801 -0.07388913 0.001514256 0.8822401 0.4707977 0.8013473 -0.4192537 0.4266954 0.8009127 -0.4196214 0.4271497 0.801577 -0.4189977 0.4265155 8.68602e-4 -0.3098343 0.9507903 0.9735967 -0.2162687 -0.07305848 3.90088e-5 0.6675767 0.7445411 5.0274e-6 0.6684761 0.7437338 0 0.6683099 0.7438831 0.05162119 -0.8958104 -0.4414286 0.05161756 -0.8958102 -0.4414294 0.05161559 -0.8958098 -0.4414304 0 0 1 -1.85209e-4 0.9396364 0.3421745 0 0.9396346 0.3421799 0 0.9396346 0.3421799 0 0.9396344 0.3421801 7.01194e-5 0.9396903 0.3420267 -9.574e-7 0.9396386 0.3421688 -3.69735e-7 0.9396474 0.3421446 0 0.9396386 0.3421688 0.9729217 -0.2188306 -0.07440888 0.9750825 -0.2105599 -0.06984764 0.9750825 -0.21056 -0.06984764 0.9750825 -0.2105599 -0.06984764 0.9730767 -0.2182528 -0.07407802 -0.001114189 0.6767795 0.736185 -0.00111413 0.6767795 0.736185 -0.00111413 0.6767795 0.736185 -3.52686e-5 0.9396751 0.3420686 0.9759417 -0.2072197 -0.06780779 0.9719517 -0.2224076 -0.07645261 2.56449e-5 0.6686817 0.7435488 0.9976983 -0.03769481 0.05636698 0.9731042 -0.1519039 0.1731863 -0.3057249 0.8800279 0.3634325 -0.305725 0.8800283 0.3634317 -0.3057249 0.880028 0.3634323 5.87546e-6 0.9396159 0.342231 -1.77932e-4 0.939655 0.3421237 3.25781e-4 0.6642925 0.7474727 0.9732645 -0.1516242 0.1725292 5.32766e-5 0.9396294 0.3421937 0.9727038 -0.2196363 -0.0748828 0.9741251 -0.2143287 -0.07171815 0.9733863 -0.2171246 -0.07332187 0.9727441 -0.2193858 -0.07509183 0.9729983 -0.2185206 -0.07431715 0.9717368 -0.2231132 -0.07712393 4.32134e-7 0.9396504 0.3421365 7.49249e-7 0.9396402 0.3421642 0 0.9396504 0.3421365 0.9731456 -0.1517906 0.1730533 -4.38523e-5 0.669865 0.7424829 0.2782039 0.9605221 0 0.2782039 0.9605221 0 0.2782064 0.9605213 2.41096e-7 6.61143e-5 0.9396824 0.3420484 -0.001127958 0.6736766 0.7390255 0.9730666 -0.1519462 0.1733606 -1 -1.2924e-6 0 -1 -2.14304e-7 0 1.1522e-4 0.9396036 0.3422648 0.9977002 -0.04468953 0.05096209 -3.60851e-4 0.9394626 0.3426517 -3.90686e-5 0.9396909 0.3420251 -1.69736e-4 0.6692042 0.7430786 0.997698 -0.04469203 0.05100351 -0.7998952 0.2487506 -0.5461602 -0.7998983 0.2487471 -0.5461574 -0.7998992 0.2487453 -0.5461565 -6.55612e-5 0.9396948 0.3420141 0.9976928 -0.0447669 0.05103999 -0.9168356 0.1654998 -0.363349 0.9724674 -0.1755256 0.15329 0.9731543 -0.1730186 0.1517741 -7.22708e-5 0.9395981 0.3422797 -1.47272e-4 0.6695305 0.7427847 0 0.9396836 0.3420449 -2.23834e-6 0.9396836 0.3420449 0 0.9396833 0.3420457 0.002265214 0.6604679 0.750851 0.801308 -0.419309 0.4267147 0.9065129 -0.3998135 -0.1355863 -7.09924e-4 0.9393506 0.3429577 3.81247e-5 0.9396731 0.3420742 -1.52619e-4 0.9395816 0.342325 -1.23421e-5 0.9395808 0.3423272 2.73857e-4 0.9397171 0.3419529 2.91304e-4 0.9397686 0.3418112 -1 -6.91059e-6 0 -0.3267602 0.8131232 0.4817246 -0.3267585 0.8131235 0.4817252 -0.3267427 0.813135 0.4817165 4.80698e-4 0.9397876 0.3417588 0.906321 -0.4001469 -0.1358854 0.9976905 -0.05106258 0.04479342 3.49648e-4 0.9397759 0.3417913 1.26656e-4 0.9397189 0.3419482 -2.73982e-4 0.9396119 0.3422418 1.71352e-4 0.9397426 0.341883 3.54541e-4 0.9396935 0.3420178 5.33979e-4 0.6674874 0.7446209 5.33979e-4 0.6674874 0.744621 5.34044e-4 0.6674875 0.7446209 8.43363e-4 0.66659 0.7454241 0.9062953 -0.4002032 -0.1358909 -0.003002822 0.6759715 0.7369217 0.9976978 -0.0510118 0.04468774 -9.34524e-4 0.6709794 0.7414754 -9.34535e-4 0.6709794 0.7414754 -9.34509e-4 0.6709794 0.7414755 0.9162485 -0.2807778 0.2857496 0.003192782 0.6613497 0.750071 0.003192842 0.6613498 0.7500709 0.003192901 0.6613498 0.7500709 -0.6049659 -0.05291932 0.794491 0.2203962 0.1904448 -0.956638 0.9763708 -0.1514946 0.154109 -0.7765511 -0.04184091 0.6286635 -0.7765511 -0.04184091 0.6286636 -0.7765511 -0.04184091 0.6286635 -1 9.54154e-7 0 -2.54721e-5 0.4999564 -0.8660506 3.89746e-4 -0.03373456 -0.9994308 -0.003125011 0.5022041 -0.8647435 -0.003124833 0.5022041 -0.8647435 -0.00312519 0.5022042 -0.8647435 3.68518e-4 0.4996736 -0.8662139 0 0.6696605 0.7426674 -1.35411e-4 0.6690165 0.7432476 -6.29267e-5 0.6690395 0.7432269 -1.15919e-4 0.6690235 0.7432413 -1.31043e-4 0.6690134 0.7432504 -1.12354e-4 0.6690198 0.7432447 -9.08844e-5 0.6691319 0.7431437 -0.001073479 0.6690363 0.743229 0.002368748 0.6692636 0.7430213 -4.31886e-4 -0.7661896 -0.6426145 8.31404e-4 -0.7654438 -0.6435023 2.56009e-4 -0.7657756 -0.643108 -8.36792e-5 0.7658874 0.6429747 -8.76037e-5 0.7659735 0.6428722 -6.36072e-4 -0.7663366 -0.642439 0 -0.3090278 0.9510531 6.35228e-4 0.7664377 0.6423184 1.69195e-4 0.7660704 0.6427568 4.09676e-4 -0.9902091 -0.1395918 -0.6305761 -0.06064581 0.7737544 4.14897e-6 -0.3090041 0.9510608 5.06263e-5 -0.03483164 -0.9993932 8.78823e-4 0.7662199 0.6425779 -0.8007504 -0.04679697 0.5971676 0.916848 -0.2797985 0.2847854 0.8010611 -0.5795547 -0.1497244 0.8003903 -0.5804232 -0.1499484 -1.75781e-5 -0.3097037 0.9508332 0 -0.3085947 0.9511937 0.4058223 0.178445 -0.8963625 7.48859e-5 -0.3125157 0.9499127 -2.06002e-4 -0.3083134 0.9512848 -3.27159e-4 0.9902838 0.1390608 -2.86912e-4 -0.3066701 0.9518159 0.9432427 -0.2327945 0.2368544 0.9432428 -0.2327942 0.2368543 0.9432427 -0.2327942 0.2368543 0.8901661 -0.4408276 -0.1152189 0.890161 -0.440838 -0.1152183 0.8901671 -0.4408253 -0.11522 0.8009144 -0.5797459 -0.1497697 0.9763079 -0.1516206 0.1543835 3.55081e-4 -0.3118544 0.9501299 0.9979781 -0.04453539 0.04534775 0.9979804 -0.04451286 0.0453214 4.24082e-4 -0.3125358 0.9499059 -0.001536965 -0.3013918 0.9534992 -0.001733183 -0.767235 -0.6413639 -0.001733243 -0.767235 -0.6413639 -0.001733183 -0.767235 -0.6413639 -6.49743e-4 -0.3067148 0.9518013 -0.001032531 -0.7666097 -0.6421125 0.8011777 -0.579405 -0.1496808 2.94038e-4 -0.3112394 0.9503315 -2.67686e-5 -0.3094087 0.9509292 0.001301229 0.7666745 0.6420347 0.001301229 0.7666746 0.6420347 0.001301229 0.7666745 0.6420348 7.56273e-4 -0.7655615 -0.6433622 2.07323e-4 -0.7657825 -0.6430997 0.8006985 -0.5800411 -0.1497813 0.8010834 -0.5795286 -0.1497067 -8.00399e-4 0.7656369 0.6432725 0.6043826 0.1555278 -0.7813661 0.001765191 -0.316253 0.9486733 -0.002402484 -0.7673576 -0.641215 -3.41921e-6 -0.3093435 0.9509504 -5.95276e-5 -0.7657117 -0.643184 0 -0.7660903 -0.6427329 9.57832e-4 -0.7677845 -0.6407076 0 -0.7659777 -0.6428671 -4.60587e-4 -0.3078569 0.9514327 -0.001581907 -0.3037758 0.9527423 0 0.766228 0.6425688 0.003230988 0.7673569 0.6412122 0 0.7660399 0.6427931 0.002452969 -0.3167665 0.9485004 -5.67486e-5 -0.3088615 0.9511071 0.1248486 0.9876214 -0.09495723 0.1248486 0.9876214 -0.09495711 0.1248486 0.9876214 -0.09495705 0.9163889 -0.2805402 0.2855321 -7.06478e-5 -0.3088868 0.9510989 -5.42529e-5 -0.3090949 0.9510313 0.9165931 -0.2803242 0.2850886 1 -7.36723e-6 -3.20375e-7 1 -4.63426e-6 9.76957e-7 1 -7.98609e-7 1.48173e-6 0.2340474 0.9677624 -0.09304767 9.14659e-4 -0.3098281 0.9507922 0.001383066 -0.3102625 0.95065 0.003596782 -0.3118565 0.9501224 0.06439781 0.1945151 -0.9787834 0.9763008 -0.1517302 0.1543199 3.98623e-4 -0.3095501 0.9508831 -5.10699e-4 -0.03536808 -0.9993742 -5.42919e-4 -0.03537499 -0.999374 -1.09671e-4 -0.03501409 -0.9993869 0.9979803 -0.04451757 0.04531759 -1.37035e-4 -0.7657984 -0.6430808 -1.21988e-4 -0.7658199 -0.6430553 -1 3.46702e-7 0 0 -0.03485333 -0.9993925 -1.20901e-4 -0.03485357 -0.9993925 4.52228e-5 -0.03489893 -0.9993909 -2.72385e-5 -0.03482437 -0.9993935 0 -0.03485321 -0.9993925 -0.781708 -0.2004837 0.5905413 -0.7817324 -0.2004684 0.5905142 1.04013e-4 -0.7659453 -0.642906 0.06506603 -0.7056129 -0.7056039 0.06505721 -0.7056043 -0.7056134 0.0650646 -0.7056121 -0.7056048 -1.77893e-5 -0.7659997 -0.6428411 1.55665e-4 -0.03491258 -0.9993904 -5.52868e-5 -0.03482437 -0.9993935 -1 7.10002e-7 0 -0.6038691 -0.2562412 0.7547732 -1 4.48672e-7 0 -2.85111e-4 -0.7659022 -0.6429572 0.1834964 -0.7361451 -0.6514748 0.1835075 -0.736145 -0.6514719 0.1835116 -0.7361453 -0.6514704 -6.88926e-4 -0.7659082 -0.6429497 3.10318e-4 -0.03499466 -0.9993876 -2.13182e-4 -0.9395663 -0.342367 -1 -5.34716e-7 0 -3.92065e-5 -0.03485149 -0.9993925 -1.26619e-4 -0.7658025 -0.643076 -4.40791e-5 -0.9395945 -0.3422895 -0.7817099 -0.04149818 0.6222602 -0.7817527 -0.03907358 0.6223633 -0.9077127 -0.02787846 0.4186651 0.4455906 0.8911501 -0.08544427 0.4455907 0.89115 -0.08544427 0.4455906 0.8911501 -0.08544427 0.4278244 0.8997353 -0.08627068 -0.9066697 -0.02731984 0.4209558 -0.9066461 -0.02802348 0.4209603 0.4055549 -0.8654776 -0.2940643 -0.9717509 -0.01570928 0.2354858 -1 6.23869e-6 0 0.4062969 -0.8651916 -0.2938815 -0.906588 -0.08225339 0.4139235 0.4058269 -0.8653575 -0.2940424 0.2334626 0.9679044 -0.09303879 -0.9065606 -0.08225202 0.4139836 0.2342227 0.9677442 -0.09279525 0.1938433 0.9765528 -0.09364581 0.1938443 0.9765539 -0.09363251 0.1938443 0.9765539 -0.09363251 -0.7823705 -0.1216827 0.6108108 -1 1.01195e-6 0 0 0.9954189 -0.09561008 -0.7821789 -0.1217121 0.6110503 0.06871098 0.9930585 -0.09546571 -1 -4.04196e-7 0 0.6043376 -0.3523037 0.7146035 0.6043142 -0.3523272 0.7146117 0.06824475 0.9930981 -0.09538805 0.06887823 0.9930526 -0.09540748 -0.7821204 -0.1214333 0.6111808 -0.7817256 -0.1215438 0.6116635 -0.7815148 -0.2005234 0.5907834 -0.7817046 -0.200469 0.5905506 0.6038938 -0.7547033 -0.256389 0.6040335 -0.754592 -0.2563875 0.6046637 -0.3522986 0.7143301 0.6043071 -0.7544547 -0.2561467 -1 -6.84818e-7 0 0 -0.7660551 0.6427749 0.7815268 -0.2758786 0.5595595 0.7816445 -0.5905992 -0.2005606 -0.906638 -0.08239227 0.4137865 -0.9067971 -0.08231967 0.4134522 0.7817971 -0.5904326 -0.2004566 0.06516963 0.4413858 0.8949478 0.06512027 0.441403 0.894943 -0.9729372 -0.04512614 0.2266206 0.2205612 0.4314332 0.8747675 0.7818017 -0.5904262 -0.2004567 -6.32577e-6 -0.9063073 0.4226194 -0.00610876 -0.8944316 0.4471631 -0.00610882 -0.8944318 0.4471626 -0.006108701 -0.8944319 0.4471625 -1 -5.65345e-7 0 0.01273834 -0.928815 0.3703249 0.01273834 -0.928815 0.3703249 0.0127384 -0.928815 0.3703248 -3.56826e-5 -0.9062442 0.4227547 0.1969912 -0.961506 -0.1915741 0.1969965 -0.9615041 -0.1915786 0.1969664 -0.9615151 -0.191554 -0.006122887 -0.8944166 0.4471932 -0.006122887 -0.8944158 0.4471944 -0.006122767 -0.8944164 0.4471933 0.06474035 -0.8949753 -0.4413931 -2.92587e-6 -0.7660615 0.6427674 -8.13881e-5 0.9902259 0.1394731 2.67294e-5 0.9902063 0.1396121 0 -0.9067451 0.4216794 0.2201141 -0.8748553 -0.4314836 -5.56872e-6 0.9902613 0.1392214 -4.37483e-4 0.9903783 0.1383863 8.76491e-5 0.9902541 0.1392723 -0.8006137 -0.04681831 0.5973491 -1 8.79897e-7 0 0 -1 0 0 -1 0 -1 -4.86597e-7 0 0 -0.3421201 0.9396563 -4.37955e-4 -0.7662605 0.6425299 0 -1 8.45594e-7 0 -0.5734326 0.8192527 -0.9729091 -0.01539337 0.2306752 -0.9729272 -0.01349258 0.230718 0.8013122 -0.247998 0.5444225 0.8010873 -0.2481027 0.5447058 -2.53139e-5 0.4999462 -0.8660565 -0.997706 -0.001741528 0.06767344 -0.9977006 -0.004543185 0.06762409 -0.9972568 -0.004930675 0.07385587 0 -0.08731967 0.9961804 0.4057897 0.6027464 0.6870455 0.8008141 -0.2481369 0.5450916 -0.9976921 -0.01325958 0.06659317 0.800948 -0.2481335 0.5448964 -2.34785e-5 0.8827952 0.4697582 -0.001745939 0.8834041 0.4686089 -6.12721e-5 0.8828199 0.4697119 0.001507878 0.668062 0.7441042 0.001059591 0.6684 0.7438014 7.60482e-4 0.6685793 0.7436406 0.003358304 0.6670808 0.7449778 -1.73368e-4 0.8829198 0.4695239 -8.39162e-4 0.6696119 0.7427108 -0.9976779 -0.01329129 0.06680017 9.89878e-4 0.8824234 0.4704552 9.56383e-4 0.882582 0.4701578 0.001551032 0.8822482 0.470782 8.56222e-4 0.8824387 0.4704266 -0.9976896 -0.01325011 0.06663364 0 0.194921 -0.980819 -0.9730056 -0.07418149 0.2185342 0 0.194921 -0.9808189 -0.9729423 -0.0742219 0.2188024 -0.9728819 -0.07431125 0.2190403 0.6042726 -0.4426295 0.6625209 -0.9976866 -0.02184164 0.06437677 0.6045406 -0.4425994 0.6622964 -4.30836e-6 -0.7659367 -0.642916 -0.9976897 -0.02184605 0.06432706 -0.9976963 -0.02179574 0.0642423 0 0.5804289 0.814311 -0.9730449 -0.04517972 0.2261468 0.7821546 -0.4106196 0.4686424 0.7817813 -0.4111419 0.4688075 0.06915241 0.579034 0.8123654 0 0.990315 0.1388395 0.4061203 -0.6026589 0.6869269 8.37075e-5 0.9901691 0.1398764 -0.9729381 -0.0451042 0.2266211 -2.87897e-4 -0.7661208 0.6426967 -0.9728115 -0.04522228 0.227141 -1 0 0 0.8013369 -0.5791878 -0.1496691 0 -0.7659783 -0.6428664 -1.18042e-4 -0.7659782 -0.6428666 -3.21836e-4 -0.7659236 0.6429316 2.67765e-4 -0.7660188 0.6428182 -0.07658344 -0.7744548 0.6279768 -0.07660877 -0.7744586 0.6279689 -0.07659983 -0.7744571 0.627972 0 -0.7659043 0.6429547 0 -0.7659043 0.6429547 0 -0.7659049 0.6429541 -0.972898 -0.07434773 0.2189564 6.70941e-4 -0.6584451 0.7526285 8.33861e-5 0.07835692 -0.9969254 -0.9068297 -0.1354737 0.3991328 0.06959849 0.07810992 -0.9945124 4.82718e-5 -0.7659408 0.6429113 0.6044651 -0.5250792 0.5990942 0.6045438 -0.5250784 0.5990155 -0.9067715 -0.135558 0.3992364 0.6035847 -0.525813 0.5993382 -0.9068825 -0.1355178 0.3989976 -0.9066815 -0.1356236 0.3994181 0.7821698 -0.4106792 0.4685651 0 0.5804345 0.814307 0.001205623 0.6683171 0.7438756 -1.30218e-4 0.07821244 -0.9969367 0 -0.7659475 0.6429032 0.7818921 -0.4687623 0.4109826 0.7818217 -0.4688405 0.4110274 0.4065204 0.5075842 0.7596707 0.2339556 -0.9412434 -0.2435687 0.2188152 -0.7334675 0.6435413 0.4064728 0.5076351 0.7596622 0.2183647 -0.7336179 0.6435229 0 0.3421176 -0.9396572 0.4284834 -0.8748622 -0.225872 0 0.5737017 -0.8190644 4.355e-4 0.6687375 0.7434985 0.2191916 -0.7334868 0.6433913 0.4063532 0.4037328 0.819681 0.8011785 -0.5793993 -0.1496987 0.495507 0.06816941 -0.8659249 0.4954991 0.06816965 -0.8659293 0.4954907 0.06817007 -0.8659341 0.4063267 -0.6868582 0.6025981 0.06529861 0.5543346 0.8297284 -0.9979777 -0.02634775 0.05784684 -0.997985 -0.02629882 0.05774521 0.4063637 -0.6868405 0.6025933 0.6299033 0.0606873 -0.7742991 0 0.5555204 0.831503 1.85446e-5 0.8478825 -0.5301842 -0.997977 -0.02634841 0.05785953 0.0650534 0.5544192 0.8296911 0.06503897 0.5544092 0.8296991 -1.13815e-5 -0.3092033 0.9509961 7.70347e-4 -0.309606 0.9508646 1.04637e-5 -0.3092163 0.9509918 -1 7.33136e-6 0 0.2191624 0.5420038 0.8112951 0.233111 0.07612419 -0.969466 0.2190802 0.5420744 0.8112702 0.219064 0.5420659 0.8112802 -1.70411e-4 -0.3090924 0.9510321 -1.57708e-4 -0.3090604 0.9510424 -0.9168234 -0.1655159 0.3633725 -9.67882e-6 -0.3091697 0.9510069 5.54349e-4 -0.3092521 0.95098 2.00557e-5 -0.3091824 0.9510028 -2.76862e-4 -0.3093478 0.950949 0 0.1737669 0.9847868 3.64745e-4 -0.9902135 -0.1395611 8.63444e-4 -0.9901666 -0.1398905 1.84656e-4 -0.9902325 -0.1394261 5.94313e-6 -0.08734875 0.9961778 -2.14105e-5 -0.3091621 0.9510093 -4.52336e-4 0.8829594 0.4694492 9.21016e-6 -0.3092077 0.9509946 5.8562e-4 0.8829268 0.4695103 1.70822e-4 0.07834833 -0.996926 0 0.07830017 -0.9969298 3.14355e-4 -0.3089377 0.9510822 0.001626372 -0.310554 0.9505544 6.80852e-4 -0.3096367 0.9508547 0.001867592 -0.3103261 0.9506283 4.60972e-5 -0.309239 0.9509844 0.4290539 0.07048052 -0.900525 0.4273504 0.07093238 -0.9012992 -2.17533e-5 -0.7659538 -0.6428956 0.629373 0.06063175 -0.7747345 5.30061e-4 -0.3096096 0.9508637 -0.8006429 -0.2482332 0.5452992 7.75661e-5 -0.7660007 -0.6428398 0.2201647 -0.9236968 -0.313547 -1.79876e-5 -0.7659105 -0.6429474 -5.13851e-4 -0.7655566 -0.6433683 1.09757e-4 -0.7659946 -0.6428471 -5.85374e-6 -0.700614 0.7135406 2.16837e-4 -0.7661296 -0.6426862 2.84514e-5 -0.3091827 0.9510027 0.8011838 0.04674845 -0.5965895 -8.71761e-4 0.6720575 0.7404985 0.2203216 -0.9236786 -0.3134906 -5.18797e-6 -0.700614 0.7135405 0.6296558 -0.5443626 0.5542591 0.6300004 -0.5441773 0.5540494 0.2201284 -0.9237081 -0.3135393 0.2201068 -0.9237169 -0.3135287 0.6295983 -0.5444094 0.5542784 0.5916089 -0.5649403 0.5751883 0.5916275 -0.5649309 0.5751783 0.5916303 -0.5649313 0.5751751 0.8011642 0.04674226 -0.5966163 0.2167384 0.07661539 -0.9732187 0.2167398 0.07661521 -0.9732185 0.2167392 0.07661527 -0.9732186 0.2337464 0.07630169 -0.9692991 0.8009678 -0.4195124 0.4271535 0.8006071 -0.4198685 0.4274798 0.218906 0.5421127 0.8112916 0.2190496 0.4311268 0.8752982 2.7896e-5 -0.7660051 -0.6428345 -3.90522e-4 -0.9902862 -0.1390443 3.96024e-4 -0.9901883 -0.1397397 -8.04119e-4 -0.9903349 -0.138695 -0.9761379 -0.08999156 0.197627 -0.9758639 -0.09049904 0.1987446 -0.9758645 -0.09049779 0.1987432 -0.9758642 -0.09049832 0.1987439 -3.77102e-4 -0.9902279 -0.1394585 1 -2.0401e-7 0 -9.07373e-4 -0.9903117 -0.1388595 1.41922e-5 -0.9902382 -0.1393855 6.63983e-5 0.5804136 0.8143219 -4.15347e-5 0.5804275 0.8143121 0.4049021 -0.8658437 -0.293886 -0.9168348 -0.1655139 0.3633441 0.001003444 -0.9901304 -0.140146 -3.77582e-5 -0.9902381 -0.1393861 0 0.9065626 -0.4220715 0.06424582 -0.9449759 -0.3207696 -3.5631e-4 0.8472963 -0.5311205 0.001188158 -0.9902372 -0.1393883 0 -0.9902383 -0.1393849 3.76214e-5 -0.990237 -0.1393947 0 0.9847874 -0.1737635 -0.8009807 -0.2480323 0.5448944 -3.18543e-4 -0.9902157 -0.1395456 -1.01294e-4 -0.9902467 -0.139326 5.57755e-5 -0.9901979 -0.139672 -3.05218e-6 -0.990237 -0.1393939 2.7108e-4 0.8483368 -0.5294571 0.1456761 0.3106151 -0.9393066 0.1456769 0.3106148 -0.9393066 0.1456776 0.3106159 -0.939306 -0.2727414 0.3804368 -0.8836741 -0.2727379 0.380438 -0.8836747 -0.2727116 0.380439 -0.8836824 0 0.5804287 0.8143112 0.06478023 -0.944978 -0.3206558 0.4273897 0.5246273 0.7362774 1.34993e-7 0.5803253 0.8143848 0 0.5802924 0.8144083 0 0.5803253 0.8143848 0.0646367 -0.9449976 -0.3206273 -6.88691e-5 -0.9902261 -0.1394717 0 -0.9902384 -0.1393845 6.40714e-5 -0.9902365 -0.139398 -2.16803e-5 0.9063369 -0.4225558 0.2337436 0.564231 0.7918381 0 -0.7006142 0.7135403 0.2338366 0.5641961 0.7918354 0.571711 0.476115 0.6681775 0.5717122 0.4761137 0.6681774 0.57172 0.4761083 0.6681746 -2.7687e-4 0.6696103 0.7427127 -4.85846e-4 -0.3094225 0.9509246 2.34571e-4 -0.3094093 0.950929 0 0.6690112 0.7432523 -1 -5.86414e-7 0 0 -0.9469692 -0.3213247 2.84478e-5 0.7520014 -0.6591616 0 0.9062842 -0.4226692 -5.34686e-5 -0.9681732 -0.2502816 -0.9979783 -0.02632242 0.05784988 0.2339549 0.5642108 0.79179 0 0.6593925 -0.7517988 0 -0.9681589 -0.2503368 3.75233e-5 -0.9681565 -0.2503459 0 -0.968159 -0.2503364 -1 1.76318e-7 0 0 0.6593986 -0.7517936 0 0.6593935 -0.7517981 4.96001e-5 -0.9681547 -0.2503527 4.51778e-4 0.8480604 -0.5298993 -1.21154e-4 0.6594819 -0.7517205 0 0.6593976 -0.7517944 1.32803e-4 0.659294 -0.7518853 -2.20455e-5 0.6594157 -0.7517786 0 0.6593912 -0.7518 -1.94082e-4 -0.3086235 0.9511843 -0.7970632 -0.2503406 0.5495634 -0.797064 -0.2503399 0.5495625 -0.7970591 -0.2503434 0.549568 0 -0.3091754 0.9510051 0.06887668 0.579041 0.8123838 0.06932181 0.5789045 0.8124433 0.2798769 0.5571244 0.7818449 0.2798669 0.5571293 0.7818449 0.279891 0.5571205 0.7818426 -9.98295e-5 -0.3091909 0.951 0 -0.3092494 0.950981 -1 -3.18094e-7 0 0 -0.3092503 0.9509807 -3.10458e-4 0.8477682 -0.530367 0.4048157 -0.8200721 -0.4044823 6.15768e-4 0.8478567 -0.5302252 2.98329e-5 0.8478842 -0.5301815 -9.08669e-5 0.8479243 -0.5301174 9.25923e-6 0.7006173 -0.7135373 0 0.7006172 -0.7135374 -7.01102e-4 0.8479615 -0.5300574 3.12175e-5 0.8479255 -0.5301154 0 0.8479265 -0.5301139 0 0.8479258 -0.530115 0.8012177 -0.4193651 0.4268292 0.802073 -0.4186181 0.4259554 0.4050886 -0.8199935 -0.4043688 7.06992e-5 0.8479237 -0.5301183 -1 5.82055e-7 0 0.8000557 -0.4203421 0.4280461 -2.4346e-5 0.8479007 -0.5301552 1 -3.31139e-7 0 0 0.7006174 -0.7135372 -2.83323e-5 0.8479111 -0.5301384 0.4057407 -0.8198385 -0.404029 0.4134527 -0.8167257 -0.4025121 5.41403e-4 0.7661345 0.6426801 0 0.9062843 -0.4226688 0.8015195 -0.4191088 0.4265145 0.6039025 -0.714954 -0.3523388 -2.62635e-5 0.7659462 0.6429046 -0.3031706 -0.8804902 -0.3644514 -0.3031718 -0.8804897 -0.3644515 -0.3031642 -0.8804916 -0.3644533 0.5974357 -0.7192925 -0.3545264 -6.34765e-5 -0.9396321 -0.3421863 0 -0.7659603 -0.6428879 -1.67144e-4 -0.7660449 -0.6427871 -2.50724e-4 -0.9396606 -0.3421083 -7.429e-5 -0.9396227 -0.3422125 0.2913456 -0.956618 5.84465e-7 0.2913455 -0.956618 -2.58209e-7 0.2913373 -0.9566204 -2.25613e-7 4.94436e-5 -0.9396165 -0.3422295 0 0.7006182 -0.7135364 -8.41626e-6 0.7006173 -0.7135373 0 0.7659513 0.6428986 5.4301e-5 -0.9396126 -0.3422399 -3.474e-5 0.9063354 -0.4225593 -4.46397e-4 0.7657032 0.6431941 0 0.7659669 0.6428802 6.59242e-5 -0.9396227 -0.3422123 0.604355 -0.7145742 -0.3523334 0.001438796 0.7667007 0.6420031 8.9433e-4 0.7664602 0.6422912 0.001277208 0.7666467 0.642068 0.4097939 0.9121782 0 0.4097939 0.9121782 -2.41911e-7 0.4097895 0.9121801 -2.5396e-7 0.781826 -0.5592254 -0.2757082 0.7763099 -0.565324 -0.27884 0.9979801 -0.04451406 0.04532313 -0.8008831 -0.2481065 0.5450041 0 0.7006171 -0.7135374 0 0.5736742 -0.8190837 0 0.7659618 0.6428861 -0.8008301 -0.2481215 0.5450752 0 0.7660539 -0.6427764 2.93744e-4 -0.765783 -0.6430992 0.7823015 -0.5585908 -0.2756463 0 -0.765931 -0.6429229 -5.06903e-6 0.7006162 -0.7135384 0.7823087 -0.5585802 -0.275647 0 0.573513 -0.8191965 -0.08152675 0.4434529 -0.8925822 -0.08152633 0.4434534 -0.892582 -0.08152663 0.4434529 -0.8925822 6.47811e-5 0.5738296 -0.8189747 1.73071e-5 -0.939614 -0.3422363 2.33539e-4 -0.9396873 -0.3420349 2.44389e-4 -0.9397742 -0.3417959 0.8011534 -0.4194199 0.4268963 2.8775e-4 -0.9397315 -0.3419136 0 0.7659314 -0.6429224 -4.79521e-5 0.7659401 -0.642912 -0.001007437 0.7654463 0.6434991 -0.3327757 -0.8075347 -0.4869787 -0.3327748 -0.8075345 -0.4869793 -0.3327764 -0.8075346 -0.4869784 0 0.7659592 0.6428892 -4.33229e-4 0.7657872 0.643094 0 0.7660534 -0.642777 3.02575e-4 -0.9397022 -0.3419938 -4.24366e-4 0.6700035 0.7423579 0 0.3419972 -0.939701 0 -0.7659906 -0.6428518 -1.8867e-4 -0.7660591 -0.6427702 0 0.7006174 -0.7135372 0 0.7659531 -0.6428966 1.71771e-4 0.7658735 -0.6429913 0.001317739 0.7666218 0.6420977 6.62878e-4 0.7662577 0.6425331 0 0.7659702 0.6428762 0.8609051 0 -0.5087658 0.8609051 0 -0.5087658 0.8609059 0 -0.5087644 5.07344e-5 -0.7659543 -0.6428952 0.06741178 -0.894803 -0.4413427 6.73319e-5 -0.7659317 -0.642922 2.08208e-5 -0.939631 -0.3421895 0 0.7006222 -0.7135325 -2.23395e-5 0.5736667 -0.8190888 0 0.7659556 0.6428936 -1.9199e-5 0.7659509 0.6428993 -2.41578e-4 -0.9395885 -0.3423063 -1.63899e-5 0.7659538 0.6428956 0 0.7659641 0.6428834 0.8009272 -0.4195444 0.4271982 0 0.765962 0.6428859 0 0.7659594 0.642889 1.79682e-4 -0.939744 -0.341879 -1 -1.5497e-7 0 -0.001534938 0.7651851 0.6438087 5.04973e-5 0.499875 -0.8660976 -0.007834494 0.4998678 -0.8660664 -0.007834494 0.4998678 -0.8660664 -0.007834553 0.4998678 -0.8660664 -1 5.62659e-7 0 -0.001743495 0.7650781 0.6439352 -0.002381742 0.7647088 0.6443718 9.49609e-5 -0.9396377 -0.3421711 -1 -1.90001e-7 0 0.001052439 0.7662999 0.6424822 4.85947e-4 0.7660742 0.6427521 0 0.9847834 -0.1737863 0 0.341997 -0.9397011 4.12629e-5 0.6690948 0.7431771 0.0654807 -0.8950514 -0.4411296 0 0.7519922 -0.659172 7.32397e-5 0.6690083 0.743255 -1.24209e-4 0.6690881 0.7431831 7.42556e-5 0.669009 0.7432543 -7.94565e-4 0.3422651 -0.9396031 -7.94839e-4 0.3422652 -0.939603 -7.94815e-4 0.3422653 -0.939603 -6.19533e-5 0.6689853 0.7432757 0.2210057 -0.8746874 -0.4313681 -0.00100857 0.6696329 0.7426917 1.77076e-4 0.6689546 0.7433034 0.2199453 -0.8749137 -0.4314513 -1 6.23881e-6 0 -1.96572e-4 0.66934 0.7429563 6.32665e-5 0.6689798 0.7432805 1 3.94883e-7 0 1 -3.53089e-7 0 -0.06551069 0.7503781 -0.6577547 0.2199597 -0.8749103 -0.4314509 -0.4052062 0.6873703 -0.6027687 0.4057103 0.2940313 0.8654159 5.59175e-5 0.669009 0.7432543 -1 -1.0629e-6 0 -4.30966e-5 0.669095 0.7431769 -1.04002e-5 0.6690562 0.7432119 -0.8012508 -0.04697149 0.596482 0.2204628 0.3137693 0.9235502 0 0.6690127 0.743251 -0.916737 -0.03137314 0.3982577 6.19561e-4 0.6690126 0.7432509 1.18521e-4 0.6690551 0.7432128 3.67123e-5 0.6690638 0.743205 -0.001006007 0.6687369 0.7434985 -0.2333982 0.6813935 -0.6937062 5.05212e-4 0.6687439 0.7434928 0.001201808 0.6683424 0.7438528 -3.31181e-4 0.6690216 0.7432429 0.4050162 0.2937867 0.8658242 0.4049571 0.2938103 0.8658438 0 0.7006181 -0.7135366 5.73052e-4 0.08686029 -0.9962204 2.98366e-4 0.6688305 0.7434149 3.0567e-4 0.6688221 0.7434225 0 -0.6592167 0.7519531 0.8010829 -0.4932965 -0.3390057 -0.001022279 0.9900982 0.1403729 2.87988e-4 0.9902463 0.1393278 4.93317e-4 0.9903184 0.138814 4.48803e-5 0.9902277 0.1394602 1.3069e-4 0.9901922 0.1397125 2.35061e-4 0.9903494 0.1385932 0 -0.6592177 0.7519522 -2.24518e-4 0.9902406 0.139369 -8.78877e-4 -0.6599265 0.7513297 8.32257e-4 -0.658419 0.7526513 -7.5986e-4 -0.6599476 0.7513113 5.13123e-4 0.9902456 0.1393325 -0.4278173 0.6334891 -0.6447201 -0.4280666 0.6334027 -0.6446395 -7.41485e-5 0.9902526 0.1392832 0 -0.6591677 0.751996 9.06101e-4 -0.6584691 0.7526074 -8.87103e-4 -0.659772 0.7514653 -0.6301535 0.544086 -0.5539649 0.4049217 0.1782054 0.8968173 0 -0.7659072 -0.6429511 0 -0.7659077 -0.6429508 -5.3832e-4 -0.6700945 -0.7422756 0.06525689 0.3207584 0.9449104 0.0652219 0.3207417 0.9449185 -8.44413e-5 0.9902009 0.1396508 -1 1.95156e-7 0 0 0.9848102 -0.1736346 -7.45175e-4 -0.7656297 -0.6432812 6.29371e-5 0.9901905 0.1397245 0.064529 0.3210018 0.9448778 7.29928e-4 -0.7661598 -0.6426498 0 0.9904574 0.1378199 0.6296964 -0.6403464 -0.4398169 0.2204208 0.3137606 0.9235633 0 -0.6592166 0.7519531 4.97333e-5 0.9847865 -0.1737694 -0.002468883 0.9850105 -0.172477 -0.06509959 -0.6578174 0.7503589 -0.06517356 -0.6578027 0.7503653 0.2205582 0.3137719 0.9235266 0.06970316 -0.8220544 -0.5651266 0.01272678 0.082385 -0.9965193 0.0127291 0.08238506 -0.9965193 0.01272696 0.08238506 -0.9965194 -1 -2.76672e-7 0 0 0.087085 -0.9962009 0.2203259 0.313862 0.9235514 0 0.9961868 0.08724588 -0.01189613 0.09162592 -0.9957225 -0.01189613 0.09162598 -0.9957225 -0.01189619 0.09162592 -0.9957225 0 0.9397473 0.3418701 -1 -2.53548e-7 0 -4.2314e-5 -0.6690138 -0.74325 -1.71664e-4 -0.6696909 -0.74264 -1.93626e-4 -0.669766 -0.7425722 -1.86938e-4 -0.6697378 -0.7425978 0.6290811 -0.64064 -0.4402697 -4.51495e-4 0.9396516 0.3421329 6.76742e-5 0.9397439 0.3418793 0.2204924 0.1901021 0.956684 0.2202524 0.1900709 0.9567455 -1 4.30978e-7 0 -1 0 0 2.99537e-5 -0.765909 -0.6429492 -2.04164e-5 -0.6691015 -0.743171 0 -0.6690606 -0.7432079 -5.37416e-5 -0.6691753 -0.7431046 -1 -5.47115e-7 0 -1 0 0 1.70716e-4 -0.7659907 -0.6428518 0.2204985 0.1900903 0.956685 0.004859268 0.9956378 0.0931763 0.004859447 0.9956378 0.09317648 0.004859387 0.9956378 0.09317648 5.46094e-5 -0.7520048 0.6591576 0 -0.7519868 0.6591783 -2.457e-5 -0.751931 0.6592418 0.06449174 0.1945183 0.9787765 -0.07149088 0.9974412 0 0.06455826 0.1944909 0.9787777 -2.30278e-7 -0.8240741 -0.5664821 0 -0.8240741 -0.5664821 1.62473e-6 -0.8240695 -0.5664889 0.06451851 0.1944811 0.9787821 0.06953722 -0.822095 -0.5650879 -2.82046e-4 0.6698696 0.7424787 1 6.8751e-5 0 -1 -1.07183e-6 0 0.1904606 0.9301329 0.3139709 0.190462 0.9301323 0.3139713 0.1904594 0.9301332 0.3139703 1 -1.0146e-6 0 -0.2193486 -0.7334719 0.6433547 -0.006816148 0.9968454 0.07907575 -0.006816089 0.9968454 0.07907539 -0.00681585 0.9968454 0.07907468 -0.03110182 0.09860867 -0.9946402 -0.03110003 0.0986104 -0.9946401 -0.03110218 0.09860861 -0.9946402 -1.59908e-4 0.7659107 0.642947 -1.68833e-4 0.6695768 0.7427429 -1 4.07173e-7 0 5.09522e-4 0.7661726 0.6426347 -0.4060054 -0.6869295 0.6027334 -0.4058789 -0.6869927 0.6027467 -0.02009272 0.9978087 0.06304115 -0.02009254 0.9978088 0.06304049 -0.02009195 0.9978088 0.06303912 4.61177e-5 0.9961829 0.08729046 0 0.2669115 0.963721 3.26744e-5 0.9961835 0.08728432 -3.75267e-5 0.08703345 -0.9962055 0 0.08700287 -0.9962081 0 0.3420526 -0.9396808 5.96724e-4 0.3424099 -0.9395505 0 0.4225525 0.9063385 0 0.9781374 -0.2079598 0.496481 -0.7153218 -0.4917533 0.4964814 -0.7153197 -0.4917559 0.4964821 -0.7153161 -0.4917606 4.60448e-4 0.7661635 0.6426457 -0.001006901 0.7657598 0.643126 -9.89197e-5 0.3421299 -0.9396527 9.66746e-5 0.34216 -0.9396417 0 0.4998443 -0.8661153 0 0.4998443 -0.8661153 -2.10047e-6 0.4998446 -0.8661152 8.60183e-4 0.4998524 -0.8661103 4.25678e-6 0.4998394 -0.8661182 5.90944e-4 0.7662302 0.6425659 0 0.4226559 0.9062902 0 0.4226881 0.9062753 -3.68339e-5 0.422668 0.9062846 -0.9761985 -0.01701992 0.2162104 2.7546e-5 0.499867 -0.8661022 -3.55336e-4 0.5001221 -0.8659549 -0.976136 -0.01705539 0.2164897 0 0.6427624 0.7660657 -0.8934522 -0.03525012 0.4477729 -0.8934524 -0.03524988 0.4477726 -0.8934521 -0.03525018 0.4477731 -1.00128e-4 0.4999407 -0.8660597 0.8134388 -0.5816505 0 0.8134418 -0.5816462 0 0.8134388 -0.5816505 0 3.59441e-5 0.6428976 0.7659522 0 0.4999582 -0.8660497 0 0.4999737 -0.8660407 -2.10208e-7 0.4999582 -0.8660495 -0.976076 -0.01697993 0.2167658 -0.9803974 -0.01537823 0.1964296 -0.9803974 -0.01537829 0.1964295 -0.9803974 -0.01537823 0.1964294 -2.87619e-4 0.7658339 0.6430385 0 0.2669112 0.9637212 -7.55018e-5 0.4998813 -0.866094 0 0.2671316 0.9636601 0 0.2671316 0.9636601 0 0.2671318 0.9636601 0.6932722 0.2188311 -0.6866489 0.6932439 0.2188464 -0.6866725 0.6932534 0.218842 -0.6866644 0.2326354 0.2597345 0.93724 -4.76868e-4 0.7657871 0.6430941 0.9976933 -0.04477554 -0.05102312 -0.06885278 0.6989422 -0.7118562 -1.95232e-5 0.499905 -0.8660802 -1.02696e-4 0.9781095 -0.2080909 -3.3948e-5 0.9781073 -0.2081015 -0.2334129 0.6813918 -0.6937029 0.997697 -0.0447207 -0.05099737 0 0.9781063 -0.2081063 -2.4843e-5 0.7658469 0.6430231 -6.98275e-5 0.6691246 0.7431503 -6.92859e-4 0.6683291 0.7438655 3.07993e-4 0.4996024 -0.8662549 -0.009253799 0.5103853 -0.8598961 0.00779277 0.4922942 -0.8703941 0.02496671 0.4669243 -0.8839449 0.02496677 0.4669243 -0.8839449 0.02496659 0.4669242 -0.8839449 -2.9543e-4 0.5002065 -0.8659061 -1.51829e-4 0.7658774 0.6429867 -4.3115e-4 0.6694558 0.7428517 3.11738e-4 0.6686034 0.7436192 -3.86325e-5 0.6690611 0.7432075 8.04995e-5 0.9780959 -0.2081548 6.38985e-4 0.9781064 -0.2081044 -0.3489586 0.6959031 0.6276519 -0.3489586 0.6959031 0.6276518 -0.3489581 0.6959034 0.6276517 3.23165e-4 0.765901 0.6429586 -8.5259e-5 0.6691313 0.7431442 -9.13719e-5 0.9781101 -0.2080881 6.75185e-5 0.499824 -0.8661271 3.26194e-4 0.4996372 -0.8662347 3.35021e-4 0.499634 -0.8662367 7.54504e-5 0.4998296 -0.8661237 -6.91064e-5 0.6691138 0.74316 0 0.7006165 -0.713538 5.38636e-5 0.6685934 0.7436283 -0.06889116 0.6989455 -0.7118493 0.4056478 -0.6872212 -0.6026417 -0.9979779 -0.004973888 0.06336784 0.9979799 -0.0368753 -0.05173587 0 0.2669173 0.9637194 4.15793e-5 0.2669121 0.9637209 7.53896e-5 0.7659156 0.6429412 0.06887388 0.266438 0.9613882 -0.9979764 -0.004978239 0.06339186 -0.9979765 -0.004966139 0.06339055 -0.9979808 -0.004957914 0.06332284 0 0.7659054 0.6429532 0.06990468 0.2662579 0.9613637 0.06944453 0.266248 0.9613997 2.14879e-5 0.6688163 0.7434278 -4.81582e-5 0.6689934 0.7432685 -1.02741e-5 0.6689682 0.7432911 2.30751e-6 0.6427687 0.7660604 -0.7667217 -0.05048531 0.6399916 -0.9169214 -0.03130048 0.3978386 0 -0.9395433 0.3424304 -8.3499e-5 -0.939598 0.3422803 8.5235e-5 -0.9396038 0.3422642 0 -0.9396041 0.3422635 -1.90417e-4 0.7659641 -0.6428833 -0.5079365 0.6119844 -0.6061976 -0.5079659 0.6119707 -0.606187 -0.507936 0.6119794 -0.6062032 -0.001005053 0.7659815 -0.6428618 -0.916948 -0.03131538 0.3977761 -0.9167492 -0.03136974 0.3982297 8.45867e-6 -0.9395891 0.3423047 7.58681e-5 0.6689103 0.7433432 4.42613e-5 0.6593596 -0.7518277 -1.81392e-4 0.6696295 0.7426954 -1.44738e-4 0.6696043 0.7427181 -0.06608706 0.6579203 -0.7501823 1.29065e-4 -0.9395978 0.3422809 -0.06592524 0.6579006 -0.7502138 -0.06575989 0.6580026 -0.7501388 3.09962e-5 0.6689184 0.7433359 0 0.6690565 0.7432116 3.14477e-5 -0.9396027 0.3422673 4.84593e-5 0.087044 -0.9962046 -1 6.49877e-7 0 0 -0.7006143 0.7135401 -0.06620275 0.6579672 -0.750131 0 0.6690383 0.743228 -1.16854e-4 0.6695698 0.7427492 0.2332941 0.2597174 0.937081 -0.2191404 0.6432387 -0.7336358 -0.2192167 0.6432662 -0.733589 -2.37831e-4 0.6698223 0.7425214 0.2344142 0.2593189 0.9369118 -0.2189676 0.6434092 -0.7335379 1 -1.1533e-6 0 -1 -5.88364e-7 0 -0.2182992 0.6435804 -0.7335869 -1.31729e-4 0.6694175 0.7428864 0 0.669057 0.7432112 5.33821e-4 0.6674582 0.7446471 4.4778e-4 0.6676362 0.7444875 0.427568 0.2411405 0.8712272 0.4840853 0.233406 0.8433168 0.4840835 0.2334063 0.8433177 0.4840856 0.2334061 0.8433166 -6.2751e-4 0.6703907 0.742008 -5.59874e-4 0.6702641 0.7421225 -0.4051176 0.6027646 -0.687426 -3.28046e-4 0.6696956 0.7426357 0.1879056 0.2619907 0.9466004 0.187908 0.2619907 0.9466 0.1879068 0.2619909 0.9466001 -0.4045153 0.6029458 -0.6876218 -0.4051253 0.6027598 -0.6874257 0 -1 -1.83627e-7 -0.4077321 0.6023672 -0.6862276 0 -1 -4.24316e-7 2.4934e-4 0.9780816 -0.2082219 0.782149 -0.4685984 0.4106808 -0.4064444 0.6027044 -0.6866952 8.34034e-5 0.9781125 -0.2080769 6.36723e-4 0.978064 -0.2083041 -8.04136e-5 0.9781097 -0.2080902 0.2187672 -0.7336372 -0.6433643 0 0.08708512 -0.9962009 -0.6045341 0.5252192 -0.5989019 -0.6034852 0.5260275 -0.5992501 1.8421e-4 0.9781496 -0.2079021 0.001098632 0.9783037 -0.207173 -0.003447234 0.8180993 0.5750669 -1.52866e-5 0.8190991 0.5736521 0.2184681 -0.7336227 -0.6434823 0.003665506 0.08846342 -0.9960727 0.003665626 0.08846342 -0.9960727 0.003665506 0.08846348 -0.9960728 1 2.72398e-7 0 9.83533e-5 0.8190757 0.5736855 -1.3899e-4 -0.9396294 0.3421939 -4.19656e-4 -0.9397606 0.3418334 0 0.6428024 0.7660321 0 -0.8242808 -0.5661814 4.2554e-7 -0.8242808 -0.5661814 0 -0.8242808 -0.5661813 1 1.2924e-6 0 3.3408e-4 0.766144 0.6426688 1 1.0145e-6 0 0.2333055 -0.8013442 -0.5508322 0 0.8191304 0.5736075 0.006539583 0.8166543 0.57709 -1.08288e-4 -0.9395777 0.3423358 -1.28312e-5 0.7660033 0.6428366 -0.07066309 -0.9424443 0.3268111 -0.07066792 -0.9424446 0.3268093 -0.07066738 -0.9424445 0.3268097 0 0.6427778 0.7660527 -1.25065e-5 0.6427727 0.766057 1 0 0 -3.30471e-4 0.7658714 0.6429938 8.36875e-4 0.766307 0.6424741 -1.9926e-5 0.7659257 0.6429291 1.5425e-4 0.7659486 0.6429019 -4.70827e-4 0.7657498 0.6431385 -5.45075e-5 -0.9396112 0.3422438 6.06047e-4 0.7661209 0.6426962 6.49168e-4 0.7661308 0.6426844 0.07066547 -0.9318689 0.3558466 0.07066714 -0.9318687 0.3558468 0.07066863 -0.9318684 0.3558474 -2.64373e-5 0.8191623 0.5735619 5.82025e-4 -0.6157823 0.7879162 7.40399e-4 -0.6158792 0.7878404 -0.003230512 -0.6119071 0.7909231 6.73781e-4 -0.6158357 0.7878744 -9.88598e-4 -0.6147857 0.7886936 0.06532549 -0.8296862 0.5543946 -4.7778e-4 -0.6151374 0.7884199 -1 -7.26566e-7 0 1 0 0 0.06505215 -0.8296457 0.5544874 -2.49996e-5 -0.6155573 0.7880921 0 -0.6154973 0.7881391 2.72495e-4 -0.6154989 0.7881377 7.21199e-5 -0.6155009 0.7881362 -6.39852e-4 -0.7661942 -0.6426088 0.2203986 0.1901156 0.956703 0 -0.8969773 -0.4420768 0.001804769 -0.7650799 -0.6439329 0.0651738 -0.8944941 0.4423041 0.06512546 -0.8954545 0.4403635 0.06512546 -0.8954545 0.4403635 0.06512546 -0.8954545 0.4403635 0.220275 0.06420153 0.9733227 4.14067e-4 0.766141 0.6426725 0.06418472 0.06538903 0.9957935 0.06467181 0.06520622 0.995774 1 1.81447e-6 0 0.2194144 0.06392747 0.9735351 0 0.9397011 0.341997 -1.64243e-4 0.7658763 0.642988 0.428908 0.2413751 0.8705034 2.64189e-5 -0.8240602 -0.5665023 1 2.65494e-7 0 -1.5103e-4 -0.765997 -0.6428443 1 -3.8038e-7 0 1 -1.0226e-6 0 0.4048532 -0.1782012 0.8968491 0.001095652 0.7665516 0.6421818 -1.28988e-4 -0.7659368 -0.642916 0 0.8190838 0.573674 0 0.4998392 -0.8661183 0 0.4998416 -0.8661168 -1 2.1319e-7 0 0.2212932 -0.06470644 0.9730583 0.2212933 -0.06470644 0.9730583 0.2212932 -0.06470644 0.9730584 1 -1.38499e-6 0 0.4017987 -0.06089001 0.9137014 0.9979804 -0.05235224 -0.03597772 1 6.23869e-6 0 0 -0.06661021 0.9977791 0.06046479 -0.06648868 0.9959535 0.9979784 -0.05238568 -0.03598481 0.06420016 -0.06636714 0.9957278 0.06418573 -0.06499838 0.995819 0.06526166 -0.7503719 -0.6577865 0.219413 -0.06412243 0.9735226 0.2193952 -0.06487661 0.9734767 0.06630367 -0.7501185 -0.6579712 0.218884 -0.7336267 -0.6433364 -1.24855e-4 -0.6155529 0.7880956 0.001129925 -0.6154417 0.7881817 -8.143e-4 -0.6155723 0.7880801 0.2192241 -0.7334885 -0.6433781 1 8.05713e-7 0 1 -1.75794e-7 0 -1 -1.03196e-5 0 0 0.6428018 0.7660326 -0.7814971 -0.2759189 0.5595812 0.9979783 -0.05238425 -0.03598749 -2.83597e-5 -0.9469839 -0.3212814 0 -0.946967 -0.3213312 -6.23562e-5 -0.8828494 -0.4696565 -1 3.18965e-7 0 0 0.4420763 -0.8969775 0 0.9397008 0.3419977 0.2204301 -0.1901247 0.9566939 1 1.12532e-6 0 0 -0.9681596 -0.2503338 0 0.8190829 0.5736753 4.32579e-6 0.9902591 0.1392377 0 0.4420235 -0.8970036 2.68828e-5 0.4421001 -0.8969657 0 0.4420362 -0.8969973 0 0.4420263 -0.8970022 7.27167e-4 0.9901617 0.1399267 0 0.4225537 0.906338 0 0.5555819 -0.8314619 0 -0.3091784 0.9510042 1.98341e-4 -0.309938 0.9507569 2.02518e-4 -0.3099438 0.9507549 -0.06505215 0.5546488 -0.8295378 -1.40559e-4 -0.308758 0.9511407 -1 -1.15006e-6 0 -1.88494e-4 -0.3087366 0.9511476 1 -4.00259e-7 0 1 6.7925e-7 0 -0.06512159 0.4411375 -0.8950737 0.9740536 -0.1486835 -0.1706246 0.06557857 -0.895311 0.440588 -0.0658493 0.5543763 -0.8296571 -0.06423395 0.4414576 -0.89498 0.2188276 -0.8112562 0.5421975 -0.781566 -0.2758941 0.5594974 -0.2208905 0.4314428 -0.8746798 -0.2209342 0.4314493 -0.8746656 -6.58154e-5 -0.8829795 -0.4694119 -0.6043766 -0.3523508 0.7145474 -0.4045814 -0.8659772 -0.2939342 0.2199288 -0.8112559 0.5417519 -0.06512457 0.441139 -0.8950727 0.9164718 -0.2322209 -0.325811 -1 -1.04598e-6 0 0.9763512 -0.1254732 -0.1760538 -0.2201555 0.5419606 -0.8110551 0.2201015 -0.8761789 0.4287959 0.2199172 -0.8750603 0.431168 -0.2193392 0.5422912 -0.8110552 0.2199908 -0.8751114 0.4310269 0.9979705 -0.03696888 -0.05184853 -1 -3.39021e-7 0 0.2178266 -0.8757954 0.4307366 -1 5.58554e-7 0 -0.2201669 0.4313237 -0.8749207 0.9163973 -0.2323651 -0.3259183 0.9099107 -0.240748 -0.3377914 0.9099121 -0.2407473 -0.3377882 0.9099126 -0.2407469 -0.3377871 -0.2201915 0.431297 -0.8749278 0.9763806 -0.1253967 -0.175945 0.2187496 -0.733507 0.6435186 -0.2203435 -0.8748094 -0.4314595 0.4062907 -0.6868791 0.6025985 -1.16139e-5 0.7659267 -0.6429281 0.1254868 0.8587515 -0.4967888 0.125469 0.8587441 -0.4968061 0.1254701 0.858745 -0.4968042 -0.6037716 0.3523656 -0.7150512 0.4062647 -0.6868814 0.6026135 -4.10872e-4 0.7660439 -0.6427882 -0.4050586 0.4042758 -0.8200541 -0.4050336 0.4042627 -0.820073 0.6034341 -0.59942 0.5258927 -0.8011744 -0.2480756 0.5445899 0.6044499 -0.5991201 0.5250671 0.6045433 -0.599052 0.5250374 -0.4053878 -0.8655532 -0.2940722 -2.2249e-5 -0.07825082 0.9969337 2.07741e-5 -0.07828336 0.9969311 0 -0.7519586 0.6592105 -0.4054252 0.4040751 -0.8199719 0.06608146 -0.750125 0.6579861 -0.4053969 -0.8655496 -0.29407 0.06530499 -0.7503523 0.6578045 0.0653057 -0.7503538 0.6578028 -0.4046108 -0.8658182 -0.2943623 -0.4046108 -0.8658182 -0.2943622 0 -0.0782414 0.9969344 -0.6043378 0.3523578 -0.7145767 -0.4049829 0.5079302 -0.7602604 4.48108e-4 0.8818773 0.4714789 -2.97066e-4 0.8824637 0.4703806 -0.6039494 -0.7546576 -0.2563927 -0.008262217 -0.499916 -0.8660345 -4.47693e-5 -0.4999471 -0.866056 6.92849e-5 -0.4998639 -0.8661041 0.06888419 -0.07808053 0.9945644 -0.4052101 0.5079364 -0.7601352 0 -0.8963316 0.4433844 -5.68591e-6 0.8823563 0.470582 -0.6042704 0.4426308 -0.6625219 -0.413354 -0.8167667 -0.4025305 -0.4053022 -0.8200138 -0.4041131 0 -0.8314621 0.5555816 3.12091e-5 -0.07829242 0.9969305 0 -0.7519584 0.6592106 -3.43395e-7 -0.9469743 -0.3213092 -4.28637e-4 0.8829928 0.4693864 -1 5.54592e-7 0 -3.41757e-4 0.9903977 0.1382473 0 -0.9469729 -0.3213137 -7.23671e-5 0.882829 0.4696947 0 -0.946967 -0.3213309 -0.06424838 -0.9449642 -0.3208032 0 -0.8972602 0.4415022 -0.4285315 0.3743948 -0.8223072 0 -0.8974206 0.4411762 0 -0.8973837 0.4412511 0 -0.8973838 0.4412511 0 -0.8973837 0.4412511 0 -0.8973652 0.4412888 0 -0.8973652 0.4412888 0 -0.8973652 0.4412888 -0.604905 -0.52486 0.5988423 0 -0.8963072 0.4434336 0 -0.8973752 0.4412683 0 -0.8973752 0.4412683 0 -0.8973752 0.4412683 -1.15063e-5 -0.3090804 0.951036 0 -0.8963879 0.4432705 -3.66162e-4 -0.9079256 0.4191315 -3.66164e-4 -0.9079256 0.4191315 -3.66135e-4 -0.9079256 0.4191315 -0.06455099 -0.9449982 -0.3206427 0 -0.8973103 0.4414005 0 -0.8973974 0.4412234 0 -0.8973974 0.4412235 0 -0.8973974 0.4412234 0 -0.8972759 0.4414705 -0.06463664 -0.9449861 -0.320661 -0.7820196 -0.4108016 0.4687083 -0.2331938 0.4028993 -0.8850384 -0.2337545 0.4028257 -0.8849239 -0.06505215 -0.8296449 0.5544885 -0.234804 0.4031215 -0.8845112 -0.06517189 -0.8946956 0.4418966 -0.06365907 -0.8944975 0.4425176 -0.2203572 -0.9236625 -0.3135132 -0.2203427 -0.9236655 -0.3135145 -4.6016e-4 -0.3072124 0.951641 -0.2335873 -0.8714997 0.4311906 -0.06532549 -0.8296862 0.5543946 -1 2.97107e-7 0 -6.44996e-5 -0.8829309 -0.469503 -0.2203818 -0.9236557 -0.3135159 -0.2190557 -0.8112135 0.5421692 -0.2243764 -0.9227794 -0.3132628 8.74163e-6 -0.8828108 -0.4697289 -0.4056919 -0.8192421 0.4052858 -0.2341716 -0.9411925 -0.2435581 -0.234848 0.4031256 -0.8844978 0 -0.8828051 -0.4697397 -0.2201581 -0.8112129 0.5417233 3.2685e-4 -0.8825533 -0.4702125 -3.27862e-4 -0.8830468 -0.4692849 4.10845e-4 -0.8821802 -0.4709119 -1.05724e-6 -0.8827694 -0.4698065 -1.57846e-5 -0.8827493 -0.4698446 -1.12277e-4 -0.8828331 -0.4696871 -2.84075e-6 -0.8827348 -0.4698715 -5.56509e-4 -0.8837782 -0.4679059 -1 -7.00449e-7 0 -1 -1.7179e-6 0 -0.06483197 -0.8953932 0.4405315 -0.06513321 -0.8938202 0.4436702 -1.88423e-4 -0.8832785 -0.4688485 0.004862666 0.6197299 -0.7848002 9.70514e-4 0.6163108 -0.7875025 0.001835286 0.6167149 -0.7871845 0.003453791 0.6177022 -0.7864046 0.002269506 0.6169469 -0.7870015 -9.43678e-5 -0.8831184 -0.4691501 2.39151e-4 -0.5000842 -0.8659768 -1 5.44495e-7 0 -1.46716e-4 -0.883225 -0.4689496 -1 5.20395e-7 0 -0.2201777 -0.87433 0.4325148 -0.2201652 -0.875114 0.4309325 -0.2196725 -0.8764765 0.4284075 0 -0.8828639 -0.4696291 -7.71089e-6 -0.8828831 -0.4695929 6.01706e-5 -0.8827431 -0.4698562 -0.2340371 -0.9412328 -0.2435315 1.82856e-5 -0.7519903 0.6591743 -0.0660817 -0.7501291 0.6579814 0 -0.968217 -0.250112 -0.6303173 -0.7516806 -0.1941044 -0.06530737 -0.7503578 0.6577981 -0.06545192 -0.7503746 0.6577644 0.4919497 -0.06830382 0.8679403 0.49195 -0.0683043 0.8679399 0.4919503 -0.06830394 0.8679399 -0.2190446 -0.7334555 0.643477 -0.219124 -0.7334312 0.6434777 -0.4057873 -0.6870286 0.6027673 -0.4058505 -0.687017 0.602738 -0.2189844 -0.7335303 0.6434122 -0.6033525 -0.5994554 0.5259459 0.2186813 -0.07655537 0.9727887 0.2186847 -0.07655549 0.9727879 0.2186831 -0.07655549 0.9727883 0.2336609 -0.07627695 0.9693216 0 0.3214361 -0.9469313 -4.65249e-5 -0.4999377 -0.8660614 0 -0.07827883 0.9969316 0 0.3214309 -0.9469331 0 0.3214361 -0.9469313 0 0.3214355 -0.9469315 0 0.3214318 -0.9469329 0 0.321437 -0.9469311 -9.48947e-5 0.6160234 -0.787728 -4.08015e-5 -0.3086591 0.9511728 0.4283745 -0.07087016 0.9008178 0 -0.4999532 -0.8660525 0.06884044 -0.07806664 0.9945686 -1.84589e-4 -0.3086059 0.95119 5.44616e-4 -0.3092445 0.9509825 0 0.3214372 -0.946931 2.18765e-5 0.3214188 -0.9469372 0 0.3214668 -0.9469209 0.2332141 -0.07611799 0.9694418 -3.60284e-4 0.3215814 -0.9468819 0.068578 -0.0780946 0.9945845 0.2331128 -0.07612389 0.9694657 -0.6048714 0.5248813 0.5988574 4.38096e-5 0.3214352 -0.9469317 2.07561e-4 0.9902534 0.1392772 -1.38244e-4 0.9902569 0.139253 -3.58379e-4 0.9902414 0.1393627 0.9731853 0.1278535 0.1912173 0.9731974 0.1277942 0.1911951 0 0.9902533 0.1392778 -0.2327948 -0.9416294 -0.2431887 0.9153755 0.1669231 0.3663663 0.9153723 0.1669263 0.366373 0.9153752 0.166924 0.3663667 0.976038 0.1248401 0.1782274 0.9736847 0.127239 0.1890724 0.9730684 0.1278803 0.1917932 0.9731844 0.1278499 0.1912242 0 -0.4999542 -0.8660519 0 -0.4999537 -0.8660523 -0.06429898 0.3207878 -0.9449661 -0.06444185 0.3207671 -0.9449633 6.90712e-5 -0.3102036 0.9506701 1.61689e-4 -0.3104246 0.950598 8.46347e-5 -0.3102324 0.9506608 0.007590532 -0.5011511 -0.8653267 -0.001150369 -0.4997581 -0.8661643 -1.2105e-4 -0.4998934 -0.8660869 4.28395e-4 -0.3107283 0.9504987 1.38388e-4 -0.3103946 0.9506078 2.27188e-4 -0.3104586 0.9505869 -0.06453156 0.3206685 -0.9449907 -0.06458276 0.32068 -0.9449834 1.44292e-4 -0.3103993 0.9506064 1.72613e-4 -0.3108246 0.9504673 0.9730927 -0.2065464 0.102124 0.9730228 -0.2120974 0.0907821 -3.96743e-4 -0.3074345 0.9515693 0.9976983 -0.06077814 0.03006774 0.9976848 -0.06171101 0.02858155 -3.89736e-4 -0.3074585 0.9515614 -0.001097142 -0.3032935 0.9528967 -0.001097142 -0.3032935 0.9528967 -0.001097202 -0.3032935 0.9528967 -3.47859e-4 -0.3075171 0.9515425 8.57501e-4 -0.3129048 0.9497842 1.42677e-4 -0.3096786 0.9508414 0 -0.3091777 0.9510043 0.9717646 0.1295686 0.1971945 0.9729679 0.1280221 0.1922079 0.9731686 0.1277801 0.1913512 0.9973729 -0.06489193 0.03219604 0.9751139 0.1255488 0.1827305 0.9752729 0.1255369 0.1818882 0.9707599 0.1303453 0.201582 0.9977052 -0.05090826 0.04463905 0.9723056 0.1287397 0.195059 0.9723056 0.1287397 0.195059 0.9723055 0.1287397 0.195059 -0.6036661 0.1556387 -0.7818977 0.9059305 0.2352943 0.3520324 0.9059543 0.2353113 0.3519595 0.001051068 -0.8971674 -0.4416896 9.09225e-4 -0.8971709 -0.4416827 0.9976969 -0.05639636 0.03768652 0.001504838 0.8482571 -0.5295824 0.001084923 -0.8971495 -0.4417259 -0.001061737 -0.8968369 -0.44236 0 -0.8969768 -0.4420779 -9.92192e-4 -0.8967953 -0.4424445 0 -0.8969773 -0.4420768 0 -0.8969776 -0.4420762 6.43388e-4 -0.7655844 0.6433352 -0.001081943 -0.8968022 -0.4424304 0.001018047 -0.8971084 -0.4418093 2.99525e-4 -0.1736644 -0.9848049 2.57291e-4 -0.7658356 0.6430364 0.9060938 0.2350562 0.3517706 -3.17671e-5 -0.751998 -0.6591656 3.2472e-5 -0.7519376 -0.6592342 3.05004e-4 -0.7657618 0.6431243 -3.49457e-4 -0.824051 -0.5665157 0.9977122 0.03758251 0.05619627 -0.2206012 0.3134239 -0.9236345 -0.2206003 0.3134211 -0.9236357 -1.42399e-4 -0.7657939 0.6430862 4.8354e-4 -0.7657171 0.6431774 0.7822729 0.3460962 0.5179448 -4.94416e-4 -0.7662528 0.642539 -0.2205275 0.3134413 -0.9236462 0.9979798 -0.05734831 0.02734208 0.9979802 -0.05733209 0.02735966 0.9979816 -0.05731725 0.02734196 -4.3183e-5 -0.6153661 0.7882415 -0.2205901 0.3134571 -0.9236258 1.74511e-4 -0.6160458 0.7877104 -3.18482e-5 0.990263 0.1392098 3.24097e-4 0.9902541 0.1392722 3.68594e-6 0.9902556 0.139262 0.9976917 0.03764498 0.05651837 2.72911e-4 -0.6161673 0.7876153 1.49286e-5 0.9902567 0.1392536 -0.4054622 0.2937695 -0.8656211 -0.4052308 0.2938374 -0.8657065 -0.4076459 0.2934643 -0.8646985 0.9976868 0.03775072 0.05653196 3.51166e-6 0.9902617 0.1392181 -0.4055091 0.2937783 -0.8655962 3.5938e-4 -0.8240873 -0.5664628 -3.60605e-4 -0.8240278 -0.5665493 -8.97707e-4 0.9903665 0.1384681 3.50909e-4 0.9902136 0.1395596 -0.7822147 0.3462058 0.5179593 -0.782382 0.3460482 0.5178119 -0.4043197 0.2939139 -0.8661064 0 -1 0 0 -1 0 3.52737e-4 -0.8241084 -0.5664321 -0.6036171 0.2563069 -0.7549526 0 -1 0 -0.6038923 0.2561426 -0.7547882 0 -1 0 0.9164639 0.2322852 0.3257874 -5.96287e-5 -0.8240746 -0.5664814 0 -0.8240581 -0.5665053 -5.65468e-4 0.5001338 -0.865948 0 0.4999294 -0.8660663 0.9763873 0.1253774 0.1759219 0 -0.8240587 -0.5665047 0 0.4143118 -0.910135 0 0.4999274 -0.8660674 0 0.4999372 -0.8660617 -0.06894028 0.4133366 -0.9079649 -9.25181e-5 0.4999359 -0.8660625 -0.06922841 0.4133357 -0.9079434 1.37863e-5 -0.6425443 -0.7662486 -1.72009e-6 -0.6426018 -0.7662004 3.29719e-4 -0.8240647 -0.5664956 5.50636e-4 0.4995585 -0.8662801 0.8011799 0.3474085 0.4872559 0.8003587 0.3480113 0.4881744 5.11694e-4 0.4995958 -0.8662585 6.00491e-4 0.4995909 -0.8662614 0 0.848487 -0.5292163 1.82843e-4 0.8478412 -0.5302503 5.5774e-4 0.4996106 -0.8662499 2.44431e-4 0.8479915 -0.5300098 -1.65051e-4 0.84803 -0.5299484 -5.59369e-4 0.5002438 -0.8658845 -6.05336e-4 0.5002694 -0.8658697 -0.629619 0.4510354 0.6325717 -1.19483e-4 0.8480598 -0.5299006 -5.42096e-4 0.5002901 -0.8658577 -5.86511e-4 0.500327 -0.8658363 0.8014854 0.3471435 0.486942 0.800862 0.3476594 0.4875993 5.8934e-4 0.4996521 -0.8662261 5.47445e-4 0.4996766 -0.8662119 -1.72957e-4 0.8476421 -0.5305684 -5.05057e-4 0.5003095 -0.8658466 1.63262e-4 0.8480772 -0.5298729 2.6899e-4 0.8481925 -0.5296881 -4.68622e-4 0.5002989 -0.8658527 -8.49788e-4 0.8441835 -0.5360538 0 -0.4226592 -0.9062888 -1.37307e-4 0.8454065 -0.5341234 1.86981e-4 0.848953 -0.5284683 0 -0.1736826 -0.9848018 0 0.4999305 -0.8660656 -2.53142e-5 0.4999039 -0.8660809 0 0.4143084 -0.9101366 0 0.4143257 -0.9101287 3.69201e-5 0.8488848 -0.5285781 0 0.8502818 -0.5263279 -0.7820773 0.4686498 0.4107584 0 0.08705389 -0.9962037 3.16818e-4 0.08855533 -0.9960713 -1.92971e-5 0.08699125 -0.9962091 -2.23495e-4 0.8445971 -0.5354026 -6.01619e-5 -0.8969842 -0.4420625 -0.06912839 0.4133232 -0.9079567 -1.27824e-4 0.8479986 -0.5299987 -1.27841e-4 0.8479985 -0.5299987 -1.27812e-4 0.8479986 -0.5299987 -0.06473994 -0.8949682 -0.4414078 -0.05680918 -0.8954067 -0.4416102 -0.7819088 0.468759 0.4109547 1.86e-4 0.9396762 0.3420651 1.60861e-4 0.9396718 0.3420774 -2.646e-4 0.8473022 -0.5311111 -0.2265367 -0.8735544 -0.4307945 -0.003300726 0.5014835 -0.865161 3.62342e-4 0.9396979 0.3420056 -0.06552541 -0.8950566 -0.4411125 0.8007311 0.3477627 0.4877406 0.8018347 0.3467933 0.4866164 0.7994561 0.3489648 0.4889721 -0.06558513 -0.8950555 -0.4411059 0.001765847 0.8518631 -0.5237616 0.02673691 0.9009352 -0.4331292 0.02674037 0.9009336 -0.4331324 0.02673584 0.9009357 -0.4331283 -0.4284099 0.3744187 -0.8223599 -0.629764 0.3218793 -0.7069591 -6.69179e-5 0.8476357 -0.5305787 4.92674e-4 0.8491119 -0.5282129 1.05214e-4 0.8481845 -0.5297011 3.00254e-4 0.9396491 0.3421398 6.7662e-5 0.9396401 0.3421646 -0.001344144 0.8451843 -0.5344735 -0.2204927 -0.8747571 -0.4314892 -0.2201938 -0.874857 -0.4314397 2.34298e-4 0.8482676 -0.5295677 -0.4045761 -0.8201932 -0.4044767 -0.4040101 -0.8203275 -0.4047698 -0.4041143 -0.820376 -0.4045674 0.4048499 -0.1782028 0.8968504 8.42115e-5 0.8481095 -0.5298212 -2.3735e-4 0.6164053 -0.7874291 -2.07919e-4 0.6164219 -0.7874161 -0.6015638 -0.7165446 -0.3531076 0.2203631 -0.1900951 0.9567153 -0.00111097 0.8475381 -0.5307334 -0.6043494 -0.7145729 -0.3523456 -0.003211021 0.8424614 -0.5387471 -3.45315e-4 -0.7661661 0.6426426 -4.41887e-4 -0.7662623 0.6425279 2.20078e-5 0.6157904 -0.7879101 0.4057984 -0.2940326 0.8653743 -0.001076221 0.3746606 0.9271614 0.001509785 0.3748564 0.9270817 0.06457746 -0.1945126 0.978772 -0.2334396 0.4028837 -0.8849807 0.06428253 -0.1945211 0.9787898 0.06455057 -0.1945236 0.9787716 0.2205496 -0.190149 0.9566615 -0.06921035 0.4133295 -0.9079476 -0.67679 0.3050003 -0.6700225 -0.6767888 0.305 -0.6700239 -0.6767929 0.3049992 -0.67002 -0.01097375 -0.639796 -0.7684665 -0.01097375 -0.6397963 -0.7684664 -0.01097375 -0.6397963 -0.7684663 0.2203713 -0.1900975 0.9567129 0.9110827 -0.3721622 0.1772674 0.9110829 -0.3721617 0.1772675 0.9110825 -0.3721626 0.1772675 0.9764819 -0.1946421 0.09272289 0.06453782 -0.3209901 0.9448811 0.0645886 -0.320996 0.9448757 -0.428137 0.3745687 -0.8224337 -0.4274551 0.3748915 -0.8226411 6.96006e-4 -0.7663061 -0.6424755 3.81863e-4 -0.7660306 -0.6428042 0.00106132 0.9398432 0.3416045 -0.8009287 0.347617 0.48752 -5.22284e-5 0.4998649 -0.8661035 0.001642644 0.4985669 0.8668498 0.06522536 -0.3207595 0.9449122 -3.78567e-4 0.9395446 0.3424263 0.001184582 0.4990686 0.8665618 0.9980032 -0.05701732 0.02717953 6.13026e-5 0.9395769 0.342338 -4.32424e-4 0.9395518 0.3424066 0.2202996 -0.3137606 0.9235921 0.2203114 -0.3137578 0.9235903 -0.001965761 0.5016185 0.8650867 -0.007093906 0.5027176 -0.8644216 3.11556e-4 0.4997839 -0.86615 0.3023564 0.9048836 0.2996103 0.3023378 0.904891 0.2996071 0.3023382 0.9048911 0.2996058 0.2205668 -0.3137897 0.9235185 -2.75634e-4 0.9395471 0.3424197 0.906188 0.3179791 0.2787696 0.9726499 0.1749974 0.152736 0.9730647 0.1733709 0.1519465 0.2203444 -0.3137768 0.9235759 0.9735918 0.1712214 0.1510041 0.9741429 0.1689471 0.1500086 0.9741429 0.168947 0.1500086 0.9741429 0.1689471 0.1500086 -0.7821391 0.4106479 0.4686435 -0.7822006 0.4106004 0.4685826 0.9722779 0.1765379 0.1533299 0.9722779 0.1765379 0.1533299 0.9722779 0.1765379 0.1533299 0.9729267 0.173931 0.1521896 0.9736734 0.1708199 0.1509327 -0.906792 0.2779614 0.3169632 1.94735e-4 0.4143226 -0.9101302 0.9763798 -0.1950691 0.09290128 0.9763947 -0.1950305 0.09282577 -0.9067142 0.2780917 0.3170718 3.09248e-4 0.4142658 -0.9101559 -6.6855e-6 0.4143078 -0.9101369 0.976235 0.1601468 0.1460077 0.9731505 0.1730139 0.1518037 0.9704267 0.1837279 0.1565761 0.9704268 0.1837278 0.1565762 0.9704267 0.1837279 0.1565762 0.9731574 0.1730118 0.1517619 0 -0.32146 0.9469232 0.9728573 0.1741493 0.1523836 0.9979733 -0.05743116 0.0274049 -0.9065673 0.2781522 0.3174382 -1.5229e-4 -0.4997287 -0.866182 -0.001053094 -0.4984852 -0.8668977 6.82012e-4 -0.4998143 -0.8661324 -6.01446e-4 -0.4999466 -0.866056 -0.00807029 0.5054308 -0.8628294 0.9976949 0.05102193 0.04474312 -1.4421e-4 -0.4999715 -0.8660419 6.30745e-5 -0.5003761 -0.8658082 0.07764971 -0.4736821 -0.8772662 0.07765185 -0.4736846 -0.8772646 0.07763475 -0.4736675 -0.8772753 -0.01088982 -0.4941819 -0.8692904 -0.01088988 -0.4941818 -0.8692905 -0.01088976 -0.4941819 -0.8692904 7.63031e-6 -0.4999017 -0.8660822 -0.9977117 0.03758567 0.05620247 3.59532e-4 0.4997717 -0.8661572 0.004356861 0.4972073 -0.867621 0.004356861 0.4972073 -0.867621 0.00435692 0.4972072 -0.867621 1.8789e-4 -0.4999083 -0.8660784 -0.7822433 0.3460788 0.518001 0.9063296 0.3176738 0.2786579 -7.95405e-5 -0.4505645 -0.8927438 -7.90357e-5 -0.4505777 -0.8927373 -7.89114e-5 -0.4505712 -0.8927404 6.47371e-5 0.8481631 -0.5297352 0.9063348 0.3176689 0.2786462 -0.06963562 -0.8220793 -0.5650987 0 -0.8240936 -0.5664537 1.19987e-7 -0.8240957 -0.5664506 0 -0.8240936 -0.5664537 0.9731377 0.1730602 0.1518335 -0.7822975 0.3460583 0.5179328 -0.2337747 -0.801241 -0.5507833 -0.9063568 0.2347888 0.3512715 -0.06978732 -0.8220416 -0.5651348 -0.9064133 0.2347931 0.3511228 -0.906511 0.2345727 0.3510177 0.06914275 -0.4135826 0.9078375 0 0.9848101 -0.173635 -0.2336606 -0.8012661 -0.5507951 0 -0.8240549 -0.56651 0 -0.8240566 -0.5665075 0 -0.8240549 -0.56651 0.9732786 0.1726299 0.1514192 8.32417e-5 -0.939681 -0.3420524 1.56598e-5 -0.9396752 -0.3420684 -5.702e-5 -0.9396898 -0.3420282 0 -0.9396899 -0.3420277 -3.94176e-4 0.5000996 -0.8659679 -0.9065609 0.2344689 0.3509582 -0.9729398 0.1283195 0.1921518 -3.14137e-4 0.5001133 -0.86596 0 0.5000871 -0.8659753 0 0.5000871 -0.8659753 0 0.500093 -0.8659718 -0.972395 0.1289808 0.1944532 -1.5492e-7 -0.9396712 -0.3420791 0 -0.9396706 -0.342081 0 -0.9396712 -0.3420791 0.9979783 -0.06153368 -0.01590639 -2.61048e-4 0.5001083 -0.8659629 0.9979761 -0.0615701 -0.01590108 0 -0.9396788 -0.3420584 0 -0.9396787 -0.3420585 0 -0.9396787 -0.3420584 -1.84132e-4 0.8478416 -0.5302495 0.9977281 0.05064827 0.04442429 1.32031e-4 -0.8240585 -0.5665049 0 -0.9396896 -0.3420286 0 -0.9395785 -0.3423336 0.9976961 0.05101197 0.04472512 -0.06969416 -0.8220544 -0.5651276 -4.51429e-5 -0.9396812 -0.3420515 -1.17411e-4 0.4999307 -0.8660654 1.82507e-4 0.4998453 -0.8661148 0.001109719 -0.3089846 0.9510665 -4.92175e-5 -0.9396812 -0.3420518 -0.9729407 0.1284329 0.1920715 -0.9729511 0.1283709 0.1920601 -0.001728296 -0.3092334 0.9509846 1.37692e-4 0.499849 -0.8661127 2.83793e-4 0.4998677 -0.8661018 -0.9976871 0.03774881 0.05653095 0.9976943 0.04475396 0.05102223 0.9976965 0.0447396 0.05099034 -1.95348e-5 -0.9396753 -0.3420677 2.0766e-4 0.4998362 -0.86612 3.20693e-4 -0.9397743 -0.3417956 -0.9976917 0.03764498 0.05651772 0 -0.6426072 -0.7661958 0.9976993 0.04469829 0.05097132 -3.53568e-5 -0.4145902 0.9100083 3.36089e-4 0.4996993 -0.8661989 3.09147e-4 -0.9397701 -0.3418073 -3.81048e-4 0.5001994 -0.8659102 0.9063072 0.2786751 0.3177224 0.906334 0.2786331 0.3176828 -1.56234e-7 0.4997116 -0.8661918 0 0.4997117 -0.8661918 0 0.4996774 -0.8662117 4.42827e-4 0.173633 -0.9848104 0.9060553 0.2788663 0.3182725 0 0.499943 -0.8660583 6.47968e-7 0.499943 -0.8660583 3.83239e-7 0.4999665 -0.8660448 1.33151e-6 -0.4146978 0.9099593 0 -0.4146911 0.9099622 0 -0.4146978 0.9099593 0 0.9961989 0.08710885 3.88183e-4 0.4996951 -0.8662012 0.0691204 -0.4135763 0.907842 -0.8011642 0.3474466 0.4872544 0 0.996199 0.08710747 0 0.9396618 0.3421047 -0.428327 -0.7448514 -0.5115979 0 0.9396625 0.3421031 6.81142e-5 -0.9396818 -0.3420502 1 -1.08861e-6 0 0.9730741 0.1519156 0.173345 0.9731426 0.1517971 0.1730642 -0.9160826 0.2327868 0.3265013 -2.57941e-4 0.414384 -0.9101021 -5.11136e-5 0.4142887 -0.9101455 0.9976719 -0.06457895 0.02191925 0.9731373 0.1518146 0.1730785 0.9728634 0.1527447 0.173799 0.9731796 0.1517027 0.1729388 0.9164786 0.3297113 0.2266223 0.007643342 -0.9498596 0.3125834 0.00764364 -0.9498604 0.312581 0.007643818 -0.9498615 0.3125774 -0.7820545 -0.4686828 0.4107644 -0.7819582 -0.4687669 0.4108518 0.06522142 -0.4414176 0.8949283 0.003822863 -0.9698635 0.2436193 0.003822922 -0.969865 0.2436129 0.003826975 -0.9698557 0.2436504 0.06512069 -0.4413228 0.8949825 0 -0.9847983 0.1737024 -0.00927335 -0.999957 0 0 -0.9848049 0.1736641 -0.001048982 0.9394568 0.3426659 -0.781993 -0.4686709 0.4108947 -5.7286e-4 0.9395194 0.3424951 0.06487888 -0.4414134 0.8949554 0.8010358 0.4933894 0.3389815 0.220726 -0.4314358 0.8747246 -0.604595 -0.59902 0.5250143 -0.6045429 -0.5990601 0.5250285 0 0.9396244 0.3422077 -8.23928e-4 0.9394763 0.3426133 0 0.6160135 -0.7877357 9.659e-5 0.6154676 -0.7881622 5.72889e-5 0.6153857 -0.7882262 4.44712e-4 0.615507 -0.7881313 0 0.9396264 0.3422021 2.52738e-4 0.6161382 -0.7876381 1.52996e-4 0.6151682 -0.788396 -2.78507e-4 0.5001282 -0.8659513 0 0.9396272 0.3422002 -0.629597 -0.5443909 0.554298 0.2190227 -0.4310922 0.8753221 0.9734375 -0.2169568 0.07313841 0.2190492 -0.4311092 0.8753071 0.9161657 0.3303199 0.2270003 0.9740934 -0.214567 0.07143688 0.9740622 -0.2146667 0.07156282 0.9740622 -0.2146667 0.07156282 0.9740622 -0.2146667 0.07156282 -2.30233e-4 0.4142911 -0.9101444 5.33724e-4 0.414308 -0.9101367 -2.99076e-4 0.4143362 -0.910124 0.8025717 0.4916186 0.3379203 0.7999674 0.4944897 0.3399001 -0.8010081 -0.4194949 0.427095 -0.8013912 -0.4191219 0.4267425 -1.75776e-4 0.5000182 -0.8660148 0.9728588 -0.2190386 0.07461875 0.9728588 -0.2190386 0.07461869 0.9728588 -0.2190385 0.07461875 0.9729831 -0.2186304 0.07419478 0.9722769 -0.2210883 0.07614213 0 0.9396614 0.3421059 2.25845e-5 0.6163077 -0.7875056 0 0.617814 -0.7863245 0.9750156 -0.211111 0.06911456 0.9750156 -0.2111108 0.0691145 0.9750156 -0.2111108 0.06911456 0.9730326 -0.2184109 0.07419216 0.9733296 -0.2173135 0.07351529 0.9731233 -0.2180855 0.07395809 1.38508e-4 0.6190506 -0.7853512 1.38513e-4 0.6190505 -0.7853512 1.38508e-4 0.6190506 -0.7853512 7.96584e-4 0.9398337 0.3416316 0 0.9396262 0.3422027 -8.84144e-6 0.6171857 -0.7868175 0.9732613 -0.2175901 0.07359999 0.9732614 -0.2175901 0.07359993 0.9732613 -0.2175901 0.07359999 -1.47991e-4 0.6147578 -0.788716 -2.03774e-4 0.9395794 0.3423313 0.8010532 0.4933317 0.3390245 4.54748e-4 0.6184128 -0.7858533 0 0.9396357 0.3421767 -2.26063e-5 0.66856 0.7436583 -5.34342e-5 0.6685757 0.7436441 0 0.8827788 0.4697889 -5.03228e-4 0.9395077 0.3425275 -2.1619e-5 0.66854 0.7436762 -1.74455e-4 0.8827728 0.4698003 -9.38153e-5 0.6148437 -0.788649 -1.06317e-4 0.5000157 -0.8660165 0 0.414309 -0.9101364 1.46918e-6 0.4143022 -0.9101395 -0.001379549 0.6087421 -0.793367 0 0.9396589 0.3421127 0 0.8827795 0.4697877 -2.19574e-5 0.6689724 0.7432873 0 -0.7519732 -0.6591938 0 0.9396604 0.3421089 0.4051192 -0.4043964 0.8199646 -8.31022e-5 0.6151993 -0.7883716 0.4045764 -0.4046589 0.8201032 0.4045764 -0.4046589 0.8201031 0.4045764 -0.404659 0.8201032 -4.34998e-5 0.9396468 0.3421463 -2.0137e-4 0.669009 0.7432544 0.8005741 0.4938778 0.3393612 -4.11606e-5 0.9396457 0.3421491 -0.219021 -0.7335987 -0.6433217 0 -0.9961782 -0.08734518 1.36167e-4 0.9396494 0.3421391 1.30232e-4 0.6161292 -0.7876451 0.4063578 -0.403779 0.819656 0.4062955 -0.4037471 0.8197026 1.90803e-4 0.9396569 0.3421182 0 -0.8190911 -0.5736635 -8.17109e-4 0.6127093 -0.7903079 -9.48081e-6 0.6688507 0.7433968 1.29655e-4 0.9396502 0.3421366 -0.4064612 -0.6866837 -0.6027063 -7.24028e-5 0.6691333 0.7431425 0.4064722 -0.5076245 0.7596695 0.8012184 0.4931229 0.3389381 4.51656e-4 0.9396932 0.3420184 0.2189903 -0.4311363 0.8753084 4.45279e-4 0.9397047 0.3419867 -0.405466 -0.6872316 -0.6027522 -0.4051737 -0.6873751 -0.6027851 3.40666e-4 0.6170313 -0.7869386 -2.12732e-4 0.6150473 -0.7884902 0 -0.8191128 -0.5736327 0 -0.9397755 -0.3417927 1.22233e-4 0.6160277 -0.7877245 -0.001856327 0.6104699 -0.7920374 2.30522e-4 0.9396675 0.3420892 0 -0.4145626 0.9100209 0 -0.8240587 -0.5665045 0.06945562 -0.4135627 0.9078226 -1.81944e-4 0.6152912 -0.7882999 -1.819e-4 0.6152911 -0.7883 -1.81901e-4 0.6152911 -0.7883 0.2336903 -0.4030928 0.8848193 -0.06970012 -0.8220536 -0.565128 -0.9976896 -0.03004437 0.06093329 0.00191611 0.6167725 -0.7871393 2.24251e-4 0.9396646 0.3420973 6.25162e-5 -0.4145711 0.910017 0 -0.4145624 0.910021 0.4290393 -0.3743054 0.8220832 -0.9976913 -0.03003734 0.06090879 3.11271e-4 0.9396812 0.3420514 0.8375592 0.5463466 6.73346e-7 0.8375536 0.5463553 4.65428e-7 0.8375592 0.5463466 6.05214e-7 -0.9976907 -0.03003209 0.06092101 1.55174e-4 -0.6160464 0.78771 8.73091e-5 -0.6159806 0.7877613 -2.45466e-4 -0.6155869 0.788069 -0.9729465 -0.1021516 0.2072205 -0.9729236 -0.1022221 0.207293 0.001490712 0.9399794 0.3412281 -0.9729446 -0.1021635 0.2072237 1 9.92301e-6 -2.96393e-7 1 -1.62437e-5 -1.72862e-7 1 -1.62433e-5 2.5006e-7 0 -0.4146944 0.9099608 0 -0.4146944 0.9099608 2.11247e-7 -0.4146902 0.9099627 0.9731547 -0.2179394 0.07397699 0.9764146 0.1253049 0.1758217 7.73173e-5 0.9396686 0.3420861 -1.92428e-5 0.84811 -0.5298204 -0.001249253 0.9393292 0.343015 0.9979659 0.03701424 0.05190318 0.9979804 0.03689104 0.05171442 0.9979802 0.03688794 0.05172067 -7.43484e-5 0.8480415 -0.5299301 0.9979808 0.03688418 0.05171036 0 -0.4145621 0.9100211 1.10877e-4 -0.9395763 -0.3423399 7.09002e-5 -0.9395787 -0.3423328 -0.4285397 0.3743962 -0.8223024 -0.8009963 0.3475481 0.4874581 -3.3952e-4 -0.6141909 0.7891575 -0.6298341 0.3218476 -0.7069109 -0.9168086 0.2318312 0.3251407 0 -0.6428014 -0.7660329 0.9062966 -0.3782176 0.1886215 0.9062798 -0.3788722 0.187384 1.93972e-5 -0.6156847 0.7879927 -1.56408e-4 -0.6150014 0.7885259 -8.8395e-5 -0.6152153 0.7883592 0 -0.6154556 0.7881716 3.73469e-4 0.8479983 -0.5299989 9.82059e-4 0.847986 -0.5300178 0 -0.7519758 -0.6591908 1.21819e-5 -0.7519706 -0.6591967 -8.31193e-4 -0.7659246 0.6429299 2.84952e-4 0.8477861 -0.5303382 1.64423e-4 0.8480325 -0.5299444 1.20253e-4 0.8480588 -0.5299021 0.4289116 -0.3743242 0.8221413 -0.06527322 -0.7503689 -0.6577887 0.4279152 -0.3748305 0.8224298 0.972361 -0.2093665 0.1033442 -0.9729414 -0.1283943 0.1920934 0 -0.4145649 0.9100199 -2.51077e-7 -0.4145649 0.9100199 0 -0.414561 0.9100216 0.2332925 -0.4031453 0.8849003 -0.9064991 -0.2345657 0.3510535 7.39793e-6 -0.7659009 0.6429588 5.48568e-5 -0.7659039 0.6429551 0.510508 -0.8598731 1.53901e-7 0.510534 -0.8598576 0 0.510508 -0.8598731 2.27741e-7 -1.84707e-4 -0.7659326 0.6429209 -2.98184e-5 -0.7659459 0.6429051 -0.6292028 0.3222531 -0.7072885 -0.4064713 -0.6866751 -0.6027094 0.2336877 -0.4032133 0.884765 2.79592e-4 0.9397069 0.3419808 5.66572e-5 0.8827833 0.4697805 0 0.8827793 0.4697881 -1.26152e-4 -0.7659118 0.6429456 0.8666576 -0.4453881 0.224798 0.8666562 -0.4453871 0.2248052 0.8666558 -0.4453867 0.2248079 -0.9064151 -0.2347183 0.3511682 -6.30935e-4 0.9395018 0.3425436 -5.55097e-4 0.9394732 0.342622 -7.37455e-5 0.8828116 0.4697274 6.86242e-4 0.882597 0.4701297 -9.94436e-5 0.8827798 0.4697872 5.40766e-6 0.8828039 0.4697418 4.39743e-5 0.8828002 0.4697489 1.4754e-4 -0.7036412 0.7105554 1.47542e-4 -0.7036408 0.7105559 1.47626e-4 -0.7036403 0.7105564 2.72302e-4 0.882804 0.4697415 -1.43814e-5 0.8828058 0.4697383 0.001207947 0.8823498 0.4705925 -0.7822871 -0.2757948 0.5585375 -0.7822774 -0.2758179 0.5585399 0.9731743 -0.2054251 0.1035968 1.54597e-4 0.882731 0.469879 5.41436e-5 0.8827705 0.4698044 0.009106636 0.8796476 0.475539 0.9731453 -0.2058211 0.103083 -5.45586e-5 0.8827766 0.4697931 0.4062403 -0.5076198 0.7597967 0.9160674 0.2328107 0.3265267 0.9163808 0.2323902 0.3259465 0.781928 -0.5183121 0.3463256 0.9061585 -0.3516601 0.2349722 0.9164839 0.2321903 0.3257991 0.06505459 -0.5544082 0.8296984 0.9062573 -0.3515264 0.2347913 1 5.97138e-7 0 0.9731394 -0.1914408 0.1278685 0.06506335 -0.5544052 0.8296998 0.2191042 -0.5420855 0.8112563 0.9763652 0.1254643 0.175982 0.218908 -0.6435195 0.7334589 0.2190808 -0.5420958 0.8112556 0.9081392 -0.3752306 0.185702 0 -0.6592152 0.7519543 0.06521981 -0.6577827 0.7503787 0.06515806 -0.657815 0.7503559 0.8138888 0.3371734 0.4731798 0.8138839 0.3371636 0.4731954 0.8138804 0.3371576 0.4732056 -2.86072e-4 0.8477892 -0.5303333 -0.9067596 -0.1864082 0.3782053 2.45589e-4 0.8480155 -0.5299715 -0.9064412 -0.1869875 0.3786822 -0.9065073 -0.1868157 0.3786087 -0.906436 -0.1869882 0.378694 0.2191501 -0.6434236 0.7334707 -2.09945e-5 -0.765851 0.6430181 -0.9729288 -0.102167 0.2072958 0.2186321 -0.6435217 0.7335394 -0.7822971 -0.3461041 0.5179027 0.9163624 -0.3613423 0.172371 0.9161387 -0.3618152 0.1725683 0.9165756 -0.3608986 0.172167 -1.98946e-6 -0.7660278 0.6428074 0.218988 -0.6435445 0.7334131 -0.7822011 -0.3461341 0.5180276 -3.91854e-4 0.9394966 0.3425579 -0.7822221 -0.4105628 0.4685798 0.4066739 -0.6025639 0.6866828 -1.69505e-4 0.9395765 0.3423392 0.005789637 -0.7706918 -0.637182 0.005789637 -0.7706916 -0.6371821 0.005789697 -0.7706916 -0.6371821 2.0477e-4 -0.7660884 -0.6427352 -0.7822387 -0.4105618 0.4685528 -0.7822344 -0.4105623 0.4685596 -0.90651 -0.27827 0.3174986 -0.9065459 -0.2781789 0.3174763 0.4062932 -0.6025789 0.6868948 0.4062712 -0.6025938 0.6868948 -0.9068921 -0.2778422 0.3167816 -0.9065591 -0.278228 0.3173954 0.06617558 -0.6580086 0.750097 0.9166463 -0.3608466 0.171899 4.17598e-6 -0.7006172 0.7135373 0.9062898 -0.08251231 -0.4145248 0.9735564 -0.04486846 -0.2239972 0.9731339 -0.04495549 -0.2258085 0.06893789 -0.6989348 0.7118551 -4.56458e-4 -0.765695 -0.6432039 0.971266 -0.04529106 -0.2336475 0.9740671 -0.04480677 -0.2217785 0.4059683 0.6026832 0.6869955 0.9723439 -0.04505014 -0.2291676 0.9734413 -0.04491782 -0.224487 0.2331367 -0.6814377 0.6937507 0.9730565 -0.04491263 -0.2261502 0.9733185 -0.04505091 -0.2249928 0.2342807 -0.6814892 0.6933146 0 0.37432 0.9272997 -9.32646e-5 0.3748217 0.927097 -3.12316e-5 0.3746795 0.9271545 -2.55476e-4 0.3746362 0.927172 0.9731759 -0.04496729 -0.2256249 0.9737848 -0.04490071 -0.2229961 0.9750741 -0.04477542 -0.2173147 0.9729773 -0.04494726 -0.2264837 -4.26147e-5 0.3746373 0.9271715 4.22625e-6 0.3743527 0.9272865 1.59195e-4 0.374746 0.9271275 0.4290698 -0.6329333 0.6444336 0.6035277 0.525823 0.5993868 -0.06504648 0.8289172 0.5555765 -0.976149 -0.08998692 0.1975741 -0.9761771 -0.08992111 0.1974654 0.4279243 -0.6335575 0.6445818 -2.45734e-4 0.8479921 -0.530009 0.8017922 -0.5394313 0.2571833 0.8011124 -0.540203 0.2576816 0.8000915 -0.541412 0.2583153 0.8012864 -0.5400223 0.2575194 0.8012863 -0.5400223 0.2575194 0.8012864 -0.5400223 0.2575194 3.49087e-5 0.3725875 0.9279971 -5.01057e-5 0.3750578 0.9270015 0 0.3780781 0.9257737 0 0.8484945 -0.5292043 -1 -1.19762e-5 5.27594e-7 -1 1.88127e-7 0 -1 -1.19749e-5 0 0.7820212 0.4108029 0.4687046 0.002116918 0.3648082 0.9310803 0.002116858 0.3648083 0.9310803 0.002116858 0.3648083 0.9310803 -5.28932e-5 0.3747847 0.9271119 -0.8011229 -0.2480263 0.5446883 -1.5288e-5 0.847988 -0.5300156 -0.9168196 -0.1655097 0.3633849 0.7824792 0.4102609 0.4684148 -4.16905e-4 -0.9780671 0.2082901 0.8021609 -0.5389927 0.2569531 8.18998e-5 0.8479622 -0.5300569 -2.48815e-5 0.8479313 -0.5301061 -1.18172e-4 0.1948997 -0.9808232 0.7821522 0.4106225 0.468644 1.16886e-4 0.8488497 -0.5286344 0 0.8479596 -0.530061 0.9731356 -0.04496479 -0.2257992 0.4291032 0.5245715 0.7353199 -2.27637e-4 0.3763806 0.9264651 4.70657e-4 -0.7656564 0.6432496 0 -0.7006234 0.7135313 0.2330908 -0.6814472 0.6937568 -1.05551e-4 0.3741737 0.9273587 0.997692 -0.021842 -0.06429457 0.8021501 -0.538966 0.2570428 2.55719e-4 0.3713063 0.9285105 2.55659e-4 0.3713064 0.9285104 2.55719e-4 0.3713064 0.9285104 0.9976904 -0.02183681 -0.06431972 0.9976916 -0.02181684 -0.06430685 -7.93606e-5 0.3742235 0.9273386 0 0.8302268 0.5574257 4.41141e-4 -0.7657264 0.6431663 0.001035451 0.8649442 0.501867 0.001035392 0.8649442 0.5018671 0.001035392 0.8649442 0.501867 0 0.8305141 0.5569977 0 -0.7006148 0.7135397 -3.77559e-4 -0.7661135 0.6427053 -0.9168032 -0.1655154 0.3634237 -0.9166608 -0.1656976 0.3636997 0 0.8302936 0.5573264 0 0.8302936 0.5573264 0 0.8302936 0.5573264 -7.25974e-4 0.7992895 0.6009457 -7.25996e-4 0.7992895 0.6009457 -7.25941e-4 0.7992896 0.6009457 1.97303e-5 0.8336709 0.5522617 0 0.8301421 0.557552 0 0.8301421 0.5575519 0 0.8301421 0.557552 -9.79874e-4 0.799624 0.6005002 -9.79835e-4 0.799624 0.6005002 -9.79842e-4 0.799624 0.6005002 3.7865e-5 0.8311485 0.5560504 0.06850224 -0.6989685 0.7118641 0.06955271 -0.6990491 0.7116832 -3.45979e-4 0.8828887 0.4695823 -1.60807e-5 0.8829407 0.4694845 -3.95923e-4 0.8828101 0.46973 9.35932e-5 0.8828526 0.4696505 0 0.8303016 0.5573145 0 0.8303015 0.5573145 0 0.8303015 0.5573145 1.20116e-4 0.8828961 0.4695684 -2.19785e-4 0.8829529 0.4694616 -0.2201997 0.8127641 0.5393762 -0.9976942 0.04475557 0.05102217 -0.9976966 0.04473906 0.05099123 0.9732073 -0.0738492 -0.2177472 8.81663e-5 -0.7659534 -0.6428962 -0.7093794 -0.1454367 -0.6896587 -0.7093793 -0.1454365 -0.6896588 -0.7093598 -0.1454531 -0.6896753 -0.06497168 0.8312485 0.5520913 -0.06508731 0.8293907 0.5548647 -0.06508731 0.8293907 0.5548648 -0.06508731 0.8293907 0.5548647 0 0.8831377 0.469114 0.9732035 -0.07384568 -0.2177656 0.9731706 -0.07395321 -0.2178763 -0.2308413 0.8104642 0.5383867 -0.9976993 0.04469925 0.0509724 -0.9175385 -0.1647717 0.3619025 -0.7820687 0.4686568 0.4107668 0 -0.7660007 -0.6428397 -1.82534e-6 -0.7660007 -0.6428397 0 -0.7660003 -0.6428402 -5.4729e-5 -0.7659642 -0.6428833 -0.7820217 0.4107886 0.4687163 2.04585e-5 -0.7659552 -0.6428942 -2.32072e-5 0.8823479 0.4705979 6.20154e-5 0.8822438 0.4707927 0 0.5807994 0.8140468 0 0.5808004 0.8140461 0 0.5807994 0.8140468 0.9666829 2.56114e-7 0.255977 0.9666759 0 0.2560034 0.9666829 0 0.255977 1.92268e-5 -0.7659536 -0.6428959 -1.8823e-5 0.882328 0.4706352 -0.06598252 0.8293673 0.554794 -8.69946e-5 -0.7659766 -0.6428686 0.9726858 -0.0753352 -0.2195612 0.9731699 -0.07401031 -0.2178597 4.19015e-4 0.8821663 0.4709379 0 0.8823402 0.4706121 0.9976968 -0.01323753 -0.06652683 -0.781925 0.4687493 0.4109348 3.33219e-5 -0.7660115 -0.6428269 1.88959e-4 -0.7661015 -0.6427196 2.18052e-4 -0.7660966 -0.6427254 -6.09065e-4 -0.7663781 0.6423897 -3.308e-4 -0.766164 0.6426451 -0.9066632 0.3172089 0.2781015 -0.9066481 0.3172383 0.2781173 -4.21016e-4 -0.7662271 0.6425698 0 -0.5555818 0.831462 0.9976919 -0.01325869 -0.06659823 0.001145422 -0.7649782 0.6440551 3.36627e-5 -0.7659013 0.6429582 0 -0.7659549 0.6428945 -6.1296e-4 -0.7665961 0.6421293 0 -0.7006166 0.713538 2.44963e-7 -0.7006152 0.7135394 -2.78589e-6 -0.7006157 0.7135389 0 -0.7659788 -0.642866 -8.69102e-5 0.194781 -0.9808468 -2.42689e-6 0.194893 -0.9808245 6.05295e-5 0.1949433 -0.9808145 2.98574e-5 0.7519599 0.6592089 -1.13357e-4 0.751984 0.6591815 2.16589e-4 -0.7658564 0.6430118 1.00862e-4 -0.7659056 0.6429532 4.66695e-7 -0.7659376 0.642915 3.85102e-7 -0.7659376 0.642915 -4.475e-7 -0.7659193 0.6429368 -2.01506e-5 -0.7659426 0.6429091 -0.9067475 0.3170025 0.2780621 -0.9067929 0.3169348 0.2779912 0.4295067 -0.6327988 0.6442745 -0.063578 0.1948506 -0.9787702 0.4052351 0.5075803 0.7603598 0.4052352 0.5075804 0.7603597 0.4052351 0.5075804 0.7603597 -0.2202236 0.8118125 0.5407977 -0.2202236 0.8118125 0.5407977 -0.2202236 0.8118124 0.5407977 -0.9728924 0.1738463 0.1525056 -0.2207691 0.1904289 -0.9565553 -0.2196317 0.8104345 0.5431002 0.7816334 -0.2003229 -0.5906944 -0.9729416 0.173689 0.1523706 0.4061229 0.5076099 0.7598661 -0.9728686 0.1739415 0.1525484 -0.4042796 0.761081 0.507261 -0.06455349 0.1944872 -0.9787786 -0.06473147 0.1944899 -0.9787664 -0.9728865 0.1738747 0.1525108 -6.18549e-4 0.3775233 0.9259999 0.9062167 -0.1357973 -0.4004129 -0.4054285 0.1784589 -0.896538 -4.01255e-4 0.3758853 0.9266661 -4.41792e-4 0.939751 -0.3418595 -0.9976949 0.0510205 0.04474312 -0.4053283 0.1784693 -0.8965812 -0.001032412 -0.3220265 0.9467302 0 -0.3214614 0.9469227 -6.26101e-5 0.3747389 0.9271304 -1.05813e-5 -0.3214673 0.9469207 0.9063569 -0.1356033 -0.4001614 0.9063929 -0.1356279 -0.4000713 -3.85129e-4 -0.9903697 -0.1384477 6.72145e-5 0.3743159 0.9273014 -0.9977272 0.05065858 0.04443198 -0.9976961 0.05101281 0.04472595 -0.2190932 0.7334456 0.6434716 0 -0.3214585 0.9469237 0 -0.3214438 0.9469287 0 -0.321444 0.9469286 -0.4049673 0.1783753 -0.8967629 -0.003808081 0.3869909 0.9220757 0 -0.3214116 0.9469397 0.001066923 -0.3209207 0.9471055 -0.4054055 0.1784608 -0.8965479 -0.6045494 0.5990397 0.5250444 -6.9188e-5 0.3744937 0.9272295 -0.7821122 0.4107308 0.4686159 -1.08626e-4 -0.3214595 0.9469234 9.74921e-4 -0.3208312 0.947136 -0.9067953 -0.3169226 0.277997 -0.9071086 -0.3162634 0.2777255 0.003907918 0.3627091 0.9318943 -0.9066442 0.2782028 0.3171744 -0.9976907 -0.05106049 0.04479247 -4.62699e-4 0.3759709 0.9266315 -0.405817 0.6870394 0.6027349 -0.4046795 0.6873987 0.60309 -0.2206014 -0.1900811 0.9566631 8.17332e-5 0.374432 0.9272544 -0.4053316 -0.1784688 0.8965798 -0.997705 -0.05091166 0.04464215 0.9976902 -0.03004795 -0.0609225 0.001631259 0.3733567 0.9276865 -0.002511203 0.3743438 0.9272867 -0.6047834 -0.1554777 0.7810659 -0.9728838 -0.1284531 0.1923461 -0.4047789 -0.2938781 0.865904 -0.4058963 0.6869983 0.6027285 -0.9976914 -0.03771573 0.05647593 -0.9976983 -0.03769636 0.05636781 -0.4058642 0.6870124 0.602734 -0.9728876 0.1525068 0.1738718 -0.4045413 -0.2939063 0.8660055 -0.9729043 0.1524571 0.1738217 0.9145369 -0.3658373 0.1725846 0.914537 -0.3658366 0.1725853 0.9145475 -0.3658024 0.1726029 -0.972927 -0.1524324 0.1737166 -0.9728627 0.1525848 0.1739432 -0.9728924 0.1525001 0.1738515 -0.9728541 -0.1525955 0.1739816 -0.9976928 -0.04476839 0.05103999 4.40433e-4 -0.9781885 0.2077188 6.47695e-4 -0.9782527 0.2074162 8.56696e-5 -0.5000128 -0.866018 -0.4052818 -0.2941111 0.8655896 -0.4059129 -0.2940159 0.8653262 -0.4059129 -0.294016 0.8653262 -0.4059128 -0.2940159 0.8653262 -0.4054481 -0.2940617 0.8655285 -0.6046923 -0.2559708 0.7542057 -0.9728767 -0.152536 0.1739075 -2.84891e-4 -0.499608 -0.8662516 0.001547813 -0.5048886 -0.8631832 -0.002219378 -0.4937673 -0.8695913 -2.1407e-4 -0.4997929 -0.866145 2.68979e-4 -0.9396756 -0.342067 -0.9164712 0.3297247 0.2266325 -0.9728847 -0.1524953 0.1738986 -7.03337e-5 -0.4996023 -0.8662549 -0.6043661 -0.2561637 0.7544017 -0.6042109 -0.2561776 0.7545213 -2.73442e-5 -0.499822 -0.8661282 0.9976915 -0.06431066 0.02181786 -0.06472772 -0.3210008 0.9448645 -0.06459057 -0.3209808 0.9448806 -0.9977 -0.04469329 0.05096292 -0.997698 -0.04469203 0.05100393 -2.56512e-4 0.6156318 -0.788034 3.15054e-5 0.6159704 -0.7877694 -1.53011e-4 0.6151857 -0.7883822 -2.52768e-4 0.6161354 -0.7876404 -4.42976e-4 0.615511 -0.7881283 -3.52937e-4 0.9397182 -0.3419499 -1.84589e-4 0.9396494 -0.342139 0.001366257 0.6159156 -0.7878111 -9.65171e-5 0.6154648 -0.7881644 -5.72771e-5 0.6153879 -0.7882244 -0.06519097 -0.3207765 0.9449087 -0.0651139 -0.3207864 0.9449108 -0.9066202 -0.3172758 0.2781655 -0.2197644 -0.3138116 0.9237023 0.997692 -0.06430178 0.02181851 -0.9066502 -0.3172376 0.278111 0 0.6160015 -0.787745 0.9976992 -0.06649452 0.01322686 -0.2205243 -0.3137215 0.9235517 -0.2206137 -0.3137003 0.9235377 0.9976907 -0.06661242 0.01327782 0.9158924 -0.1070621 -0.3868836 -0.9728947 -0.1738442 0.1524932 -0.9728894 -0.1738572 0.1525123 -0.2207516 -0.3137757 0.9234791 -0.9176235 0.3275543 0.2251119 1.46945e-6 -0.4145501 0.9100266 -0.9728677 -0.1739265 0.1525712 0 -0.9779706 0.2087429 -9.94639e-5 -0.9781097 0.2080903 -8.61425e-5 -0.9781209 0.2080375 1.12816e-4 0.6167644 -0.7871479 9.6003e-5 0.6167194 -0.7871831 8.29873e-5 0.6166758 -0.7872172 0.917158 -0.1063255 -0.3840785 0.9976879 -0.06665426 0.01326811 -0.9729052 -0.1737903 0.1524876 0.9062737 -0.4002974 0.1357578 0.8001621 -0.160048 -0.5780357 0.9108578 -0.1047788 -0.3991985 0.9108582 -0.1047781 -0.3991978 0.9108554 -0.1047831 -0.399203 0.8007822 -0.1598171 -0.5772403 0.8025663 -0.1591696 -0.574937 0.9731186 -0.2180883 0.07401293 0.9731127 -0.2181099 0.07402533 -3.1712e-6 -0.9780532 0.2083553 0 -0.9779879 0.2086619 0 0.6159709 -0.787769 8.16855e-5 -0.9786301 0.2056287 -2.33125e-5 0.6166721 -0.7872201 -1.99439e-4 0.6149321 -0.7885801 3.40578e-4 -0.9794772 0.2015549 0 0.6162929 -0.787517 -3.09396e-4 -0.9395458 -0.3424235 1.71243e-5 -0.9781062 0.208107 -3.22003e-5 0.6155347 -0.7881098 -8.22316e-4 0.6127709 -0.7902603 7.17304e-4 0.6182403 -0.7859888 -9.17821e-5 0.6153764 -0.7882334 -1.36657e-4 -0.9780102 0.2085571 -0.001053094 -0.9761489 0.2170999 -5.57459e-6 -0.4145712 0.9100169 -0.06932282 -0.4135854 0.9078224 0.003791689 -0.4987703 0.866726 1.53765e-5 -0.4999258 0.8660684 3.3724e-4 -0.9396962 -0.3420104 2.94183e-4 -0.9396923 -0.3420212 5.65195e-4 -0.9397407 -0.3418875 4.59603e-4 -0.4997324 0.8661798 8.79067e-4 -0.9793167 0.2023318 -0.008781969 -0.5047575 0.8632166 -0.008782088 -0.5047575 0.8632165 -0.008782029 -0.5047575 0.8632165 4.35885e-4 -0.9396905 -0.3420259 -0.9979801 -0.04451507 0.04532384 -2.58809e-5 -0.9780783 0.2082378 0.9065896 -0.4138833 0.08243876 0.9066084 -0.4138445 0.08242583 -0.4285302 -0.3744202 0.8222966 0.906289 -0.4145604 0.08234173 7.42059e-5 -0.9396361 -0.3421756 -2.53984e-4 0.6147589 -0.7887151 0.8024275 -0.1590852 -0.5751541 -2.10686e-4 0.6149075 -0.7885994 0.9731312 -0.2258209 0.0449509 -0.9167342 -0.2799835 0.2849699 0.9731157 -0.2258831 0.04497617 -2.12067e-4 -0.9779739 0.208727 -3.80535e-4 0.6142432 -0.7891168 -0.002010524 -0.9760707 0.2174441 0.9693965 -0.2418253 0.04232156 0.9693965 -0.2418252 0.0423215 0.9693965 -0.2418252 0.0423215 0.9731819 -0.2255956 0.04498684 0.9731376 -0.2257897 0.0449692 0.8006356 -0.1598845 -0.5774249 -5.3187e-4 0.6143603 -0.7890256 0.002157807 -0.9798961 0.1994969 -1.60435e-4 0.6152694 -0.788317 -1.47016e-4 -0.9395624 -0.3423779 -2.35622e-4 -0.9395471 -0.3424199 1.35321e-4 0.6690179 0.7432464 9.0519e-5 0.6691325 0.7431432 1.12017e-4 0.6690236 0.7432413 -0.002368688 0.6692799 0.7430066 1.15461e-4 0.6690249 0.74324 6.26696e-5 0.6690357 0.7432303 1.21417e-4 -0.9782032 0.2076501 4.5493e-4 -0.4996302 0.8662388 1.31072e-4 0.6690139 0.74325 0.9063914 -0.4000068 0.1358283 -0.0691449 -0.4135733 0.9078415 -0.001341581 -0.9770929 0.2128089 0 -0.4143502 0.9101175 0 -0.41435 0.9101178 0 -0.4143502 0.9101175 0.9065859 -0.3996589 0.1355543 3.06976e-5 -0.4999414 0.8660593 -5.36447e-5 -0.9780958 0.2081554 0.001073479 0.6690369 0.7432285 3.36727e-4 -0.9781906 0.2077097 0.6042671 0.442663 0.6625034 0.6043508 0.4425635 0.6624936 0.9763816 -0.2150663 0.02062696 -0.002249658 -0.9777914 0.2095683 0 0.6696643 0.7426639 -0.003824174 -0.9387789 -0.3444994 0.6045182 0.4426326 0.6622947 -0.8011493 -0.4194296 0.4268941 0.7822647 0.3461451 0.5179244 -0.9168628 -0.2797883 0.2847476 -7.21135e-4 -0.939536 -0.3424496 0.9979794 -0.06324756 0.006087541 4.18662e-4 -0.9782068 0.2076329 0.7822948 0.3460915 0.5179147 3.66933e-5 0.6685914 0.74363 4.769e-5 0.6684861 0.7437247 -2.801e-4 -0.9395665 -0.3423666 0 -0.9397377 -0.3418964 -4.0544e-4 -0.9395626 -0.3423768 0.4048436 0.4044725 0.8200632 2.57517e-6 0.6685192 0.743695 0.001132667 -0.9788862 0.2044029 0 0.6685268 0.7436882 0 0.6685286 0.7436864 6.22359e-5 -0.1739627 -0.9847522 0.9163779 -0.10685 -0.3857911 2.0032e-4 -0.1740389 -0.9847388 -6.95353e-5 -0.1735898 -0.9848181 0 -0.414572 0.9100165 3.26474e-4 -0.4145302 0.9100356 -4.43132e-5 0.6689141 0.7433397 0 -0.9396564 -0.3421198 -0.9761167 -0.1523033 0.1549198 -5.51917e-5 0.6154554 -0.7881718 0 -0.9396548 -0.3421242 4.59373e-4 0.6170584 -0.7869173 0.9763559 -0.2151778 0.02067995 -4.58742e-5 -0.4145532 0.9100251 0 -0.4145879 0.9100093 -0.6036492 0.1556406 -0.7819103 -8.41739e-4 -0.9394712 -0.3426269 0 0.6591698 0.7519943 -3.9114e-4 -0.9395484 -0.342416 -0.9979778 -0.04454147 0.04534775 -7.8078e-4 0.6588954 0.7522342 0 0.6591722 0.7519921 -1.09147e-4 -0.1735609 -0.9848232 1.95955e-4 -0.1735863 -0.9848187 -0.1271121 -0.2218542 -0.9667592 -0.1271122 -0.2218541 -0.9667592 -0.1271122 -0.2218542 -0.9667592 7.13124e-5 -0.173905 -0.9847624 6.21414e-5 -0.1518655 -0.9884012 6.21375e-5 -0.1518656 -0.9884012 6.21263e-5 -0.1518656 -0.9884012 0 0.6591736 0.7519909 7.56262e-4 0.6595292 0.7516785 0 -0.9396293 -0.3421944 0 -0.9396301 -0.3421921 3.32678e-4 -0.1737757 -0.9847852 0 0.659194 0.7519729 0 0.6591745 0.7519901 -2.22511e-5 0.6591613 0.7520016 2.7503e-5 -0.1736159 -0.9848135 -0.1167026 -0.1892538 -0.9749686 -0.1167039 -0.1892544 -0.9749682 -0.1167051 -0.1892556 -0.9749678 -2.15872e-4 -0.4145542 0.9100246 5.33796e-4 -0.4145699 0.9100174 -3.15733e-4 -0.4145987 0.9100043 0.8010807 0.3474965 0.4873561 -0.2205803 0.1904224 -0.9566 3.95293e-4 -0.939748 -0.3418679 8.04279e-4 -0.9398379 -0.3416199 0 0.5736745 -0.8190834 -2.86253e-4 -0.9904158 -0.1381176 0.4292645 0.5245195 0.7352628 -3.57425e-4 -0.9395318 -0.3424617 -2.05757e-4 -0.9395712 -0.3423535 -0.9761537 -0.1521862 0.1548017 -0.2214347 0.1903759 -0.9564119 0 -0.9396314 -0.3421887 -0.2206018 0.1904304 -0.9565936 -5.56941e-5 0.07821786 -0.9969364 0 0.07830017 -0.9969298 0.9979814 -0.01695555 -0.06120252 9.04761e-4 -0.765641 0.6432676 -5.1359e-4 -0.939502 -0.3425433 0.9979805 -0.01696586 -0.06121408 0 -0.4145717 0.9100167 0 -0.9396544 -0.3421253 0.6301469 0.4508042 0.6322109 0 -0.9396541 -0.342126 0.8012483 -0.1596041 -0.5766523 -3.14141e-5 -0.9396448 -0.3421518 0.8009038 0.3476494 0.4875378 4.01849e-5 -0.9781475 0.2079127 -2.55224e-5 -0.9781245 0.2080205 -4.09972e-5 -0.9396494 -0.3421391 -2.51895e-4 -0.9780899 0.2081833 2.84987e-4 -0.9780755 0.2082503 -0.2164853 0.07662314 -0.9732745 -0.216486 0.0766232 -0.9732742 -0.2164867 0.07662308 -0.9732741 -0.006192743 0.8454362 -0.5340406 -0.006192803 0.8454362 -0.5340406 -0.006192803 0.8454362 -0.5340407 4.79916e-4 0.8480693 -0.5298853 5.96267e-4 0.8480877 -0.5298556 2.78738e-4 -0.9396868 -0.3420362 -0.06611138 0.750141 0.6579649 -0.004115104 -0.978188 0.2076809 1.98972e-4 -0.9781144 0.2080676 -0.917016 -0.2796175 0.2844216 -0.8165631 -0.4047021 0.4116322 -0.8165697 -0.4046936 0.4116272 -0.8165619 -0.4047039 0.4116327 1.6649e-4 0.847965 -0.5300523 4.31515e-4 0.8480495 -0.529917 -0.2190041 0.733528 0.6434081 -0.9423048 -0.2345789 0.2388188 -0.9423043 -0.2345798 0.2388201 -0.9423041 -0.23458 0.2388203 -1.16225e-4 0.9396421 -0.3421591 9.45795e-4 0.9385987 -0.3450095 -1.85716e-4 0.9398132 -0.3416888 -0.9760863 -0.1523198 0.1550946 -0.06574064 0.7501525 0.657989 -0.9979659 0.03701424 0.05190318 -0.9979802 -0.0445137 0.04532212 -0.9979799 -0.04452365 0.04531818 0.9979817 -0.01695984 -0.0611968 0.6300684 0.4509573 0.6321799 -0.9979808 0.03688526 0.0517112 0.9368301 -0.09328603 -0.3371161 0.6296917 0.4510329 0.632501 0.8010442 0.3474846 0.4874246 0.9763415 -0.05771124 -0.2083909 0.9763925 -0.05765563 -0.2081675 -9.82054e-4 0.8479821 -0.5300242 -3.73443e-4 0.8480151 -0.5299721 -2.19649e-4 -0.9903712 -0.1384379 0.916419 -0.1067936 -0.3857089 0.8025659 0.3460529 0.4859378 3.2881e-4 -0.990065 -0.1406103 -8.78546e-5 0.8478674 -0.5302085 -0.9168615 -0.2797837 0.284756 -0.6035407 0.5258089 0.5993861 0.9763432 -0.05770719 -0.2083842 -0.001279115 0.8472509 -0.5311914 5.22822e-5 0.8479312 -0.5301064 -6.48746e-4 0.8476964 -0.5304815 0.9979799 -0.01696091 -0.06122517 -1.65575e-4 -0.1734728 -0.9848387 -6.25789e-4 -0.2398618 -0.970807 -6.2574e-4 -0.2398617 -0.970807 -6.25787e-4 -0.2398617 -0.970807 3.04703e-5 0.8479265 -0.530114 6.23908e-5 0.8479527 -0.5300719 -9.34055e-4 0.8469492 -0.531673 -0.9979802 0.03689217 0.05171525 4.62075e-4 -0.1743471 -0.9846842 0.80123 -0.1596081 -0.5766766 0.9763131 -0.1952924 0.09313154 6.56179e-5 0.8480447 -0.5299248 -0.2333528 0.07611852 -0.9694083 -1.01768e-4 0.9396442 -0.3421534 -7.40637e-5 0.93965 -0.3421373 -0.02059221 0.9313322 -0.3635884 -0.02059298 0.9313332 -0.3635854 -0.02059257 0.9313327 -0.3635872 1.05598e-4 0.9396317 -0.3421878 8.46876e-5 0.9395965 -0.3422843 -5.36807e-5 0.9396979 -0.3420055 -0.06953442 0.07811099 -0.9945169 -2.86115e-6 0.9396517 -0.3421329 -0.9168036 0.2318393 0.3251488 2.78395e-5 0.8479921 -0.530009 -0.06602227 0.6579803 0.7501354 -0.0660367 0.6579777 0.7501364 -2.83486e-4 0.3746559 0.9271639 -0.6536191 0.6756221 -0.3410524 -0.6536178 0.6756253 -0.3410487 -0.6536061 0.6756435 -0.3410355 4.4966e-4 0.9396327 -0.3421844 4.16117e-5 -0.9396596 -0.3421112 0.6045258 0.5990564 0.5250524 -0.06506168 0.6577775 0.7503971 -3.44007e-6 0.8961405 -0.4437705 -3.38214e-6 0.8961402 -0.4437711 -3.37802e-6 0.8961403 -0.4437708 1.16415e-4 -0.9396511 -0.3421342 -0.06519854 0.6577851 0.7503786 0 0.1738906 0.9847651 0.7820727 0.4686569 0.4107593 0.7820667 0.4686626 0.4107641 -0.9979801 0.03688794 0.05172127 2.24846e-4 -0.9396764 -0.3420649 0.4062458 -0.759694 0.5077691 -0.9761705 0.1259394 0.1767215 0.6047086 -0.6621584 0.4425763 3.11671e-4 -0.9901236 -0.1401969 -1.69517e-4 -0.9903503 -0.1385869 0.7818956 0.4687697 0.4109675 2.65628e-4 -0.9396763 -0.342065 0.4069302 0.6866739 0.6024008 0.6028622 0.5997626 0.5261579 3.21081e-4 -0.9900681 -0.1405887 -1 1.86028e-5 0 -1 -2.10518e-5 0 -1 1.48495e-5 2.18395e-7 4.64453e-4 -0.9397405 -0.3418881 0.6045451 -0.6622923 0.4425994 1.29044e-4 -0.9396656 -0.3420947 0.6034666 0.5994092 0.5258677 0.4051075 -0.7603209 0.5077403 0.001489698 -0.9400072 -0.3411514 0.7820215 -0.5181907 0.3462962 0.6035403 0.5258183 0.5993784 -0.811306 0.3394007 0.4760144 -0.8113061 0.3394007 0.4760143 -0.811304 0.3394017 0.4760172 -0.234102 0.07629746 -0.9692136 0.6044815 0.5250934 0.5990651 0 -0.939677 -0.3420633 0 -0.9396767 -0.3420642 0 -0.939677 -0.3420633 -0.1822755 -0.7364354 -0.6514896 -0.1822825 -0.7364315 -0.6514919 -0.1822636 -0.7364435 -0.6514837 2.8428e-4 -0.765909 -0.6429491 -1.45217e-4 -0.7658137 -0.6430625 -0.04250931 -0.7274047 -0.6848908 -0.04250323 -0.7273978 -0.6848986 -0.04249966 -0.7273941 -0.6849026 -1.82927e-4 -0.7658753 -0.6429891 1.624e-5 -0.7659996 -0.6428412 0.7821033 0.4107504 0.4686135 -0.4282579 0.07049566 -0.9009028 -0.4955086 0.06817162 -0.8659237 -0.4955055 0.06817173 -0.8659256 -0.495507 0.06817167 -0.8659246 -0.4268891 0.0709517 -0.9015163 6.98755e-4 -0.7659094 -0.6429482 -0.6294081 0.06062722 -0.7747063 5.6652e-5 -0.7660127 -0.6428255 1.35696e-4 -0.9396774 -0.3420622 0.4021817 -0.8207451 0.405743 0.4047925 -0.8200336 0.4045838 6.67675e-4 -0.9398223 -0.3416632 -0.800845 -0.4196154 0.4272824 -3.6651e-4 -0.766124 0.6426928 0.4049611 -0.8213119 0.4018126 0.40496 -0.8212203 0.4020009 -0.916837 -0.2798143 0.2848049 8.31182e-4 -0.7659244 0.64293 1.31493e-4 -0.7659156 0.6429411 -0.8666598 -0.4453717 0.2248219 -0.8666662 -0.4453634 0.2248139 -0.8666639 -0.4453663 0.2248169 0.8024582 0.4916754 0.3381069 1.98668e-4 -0.7661049 -0.6427154 1.83954e-4 -0.7659308 0.6429229 4.79187e-5 -0.7660228 0.6428135 1.84916e-5 -0.7659487 0.6429018 1.1567e-4 -0.7660084 -0.6428305 0.6045913 -0.7147431 0.3515844 0.6045913 -0.7147432 0.3515844 0.6045913 -0.7147431 0.3515844 -0.2195695 0.6433238 0.7334328 0.6045852 -0.7156425 0.349761 -0.0691049 -0.4135606 0.9078503 -0.2194824 0.6433356 0.7334486 2.7245e-4 -0.7660686 -0.6427589 -0.2335904 -0.4031043 0.8848405 -0.2333722 -0.4031168 0.8848923 0.8020371 0.4921619 0.338398 2.6371e-4 -0.7659517 -0.6428981 0 -0.765915 -0.6429419 -0.2340019 -0.4031913 0.884692 -0.2194595 0.6433352 0.7334557 2.21849e-4 -0.7657486 0.64314 -0.4285656 -0.374404 0.8222853 -0.4270485 -0.3750864 0.8227635 0.8016142 -0.1594222 -0.5761938 -3.82802e-4 0.6147142 -0.78875 -0.4274114 -0.3749242 0.822649 -0.4057242 0.6027575 0.6870744 -0.4052585 0.6029037 0.6872209 -4.43145e-4 -0.7657009 -0.6431968 -4.26546e-4 -0.7656742 -0.6432285 -4.0725e-4 -0.7657727 -0.6431112 -0.6833816 -0.302531 0.6644281 -0.6833928 -0.3025249 0.6644193 -0.6833823 -0.3025281 0.6644287 -3.79803e-4 -0.7661505 0.6426612 -0.4287873 -0.3743694 0.8221856 -0.9762259 0.1258104 0.1765071 0.8009389 -0.1597709 -0.5770357 -0.6298857 -0.3217875 0.7068923 -0.6298277 -0.3217882 0.7069438 0 -0.765954 0.6428954 -2.73127e-4 -0.7660127 0.6428256 -0.9169085 0.2316342 0.3249993 -0.781893 -0.4687846 0.4109555 0.001853227 -0.9784429 0.2065095 8.06266e-5 -0.9781923 0.2077017 1.03667e-4 -0.7658678 0.6429982 8.9239e-5 -0.7658706 0.6429948 2.96122e-4 -0.7658045 0.6430735 7.14649e-4 0.9394021 0.3428165 -3.0031e-4 -0.9903025 -0.1389284 -2.81786e-4 0.9397033 0.3419907 -1.04035e-4 0.9396346 0.3421795 -0.6045463 -0.6622918 0.4425984 -3.32519e-4 -0.978021 0.2085059 7.82495e-5 -0.9902526 -0.1392841 -0.06530028 0.7503788 0.6577748 1.35092e-4 -0.9782565 0.2073987 -3.4542e-5 -0.9902607 -0.1392259 -0.6296423 -0.3219428 0.7070385 -1.0351e-4 -0.9396019 -0.3422693 -8.85187e-5 -0.9396058 -0.3422589 8.42427e-4 -0.9786753 0.2054117 0.615072 -0.7067423 0.3495737 6.67559e-6 0.07828968 -0.9969307 2.02096e-4 -0.9396859 -0.3420385 -2.05148e-4 -0.93957 -0.3423571 -0.2193673 0.7334609 0.6433608 -0.7819293 -0.5183107 0.3463245 0.782164 -0.5586712 0.2758733 0.782164 -0.5586712 0.2758734 0.782164 -0.5586712 0.2758733 0.782065 -0.5586877 0.2761206 0.7821382 -0.1216456 -0.6111155 -0.2190787 0.7334472 0.6434748 0 -0.4423565 0.8968393 -0.9066173 -0.3508422 0.2344245 -0.2336782 0.07610076 -0.9693314 -0.8009859 0.3475601 0.4874665 0 -0.4423581 0.8968385 0 -0.4423528 0.8968412 0 -0.4423575 0.8968389 0 -0.4423619 0.8968367 0 -0.4423572 0.896839 -0.2335763 0.07618319 -0.9693495 -7.84666e-5 0.5736355 -0.8191108 0.7822034 -0.5574106 0.2783006 -2.52982e-4 -0.9903953 -0.1382651 -0.9976977 -0.05101311 0.04468923 8.62895e-4 0.6161377 -0.7876381 -9.80637e-5 0.6155664 -0.788085 1.8315e-4 0.6160754 -0.7876871 0.7741196 -0.5681019 0.2792834 0.4058151 -0.1784192 -0.896371 2.02833e-4 -0.9901494 -0.140015 4.39968e-5 -0.990189 -0.1397348 8.84838e-5 -0.990158 -0.1399551 -0.9169468 0.2316606 0.3248724 -1.44746e-5 -0.9901985 -0.1396679 9.75248e-5 0.6157277 -0.7879589 1.2209e-5 0.6156259 -0.7880386 3.0247e-4 0.6160347 -0.787719 -6.3009e-4 -0.9903337 -0.1387038 8.89217e-4 -0.9899779 -0.1412203 -2.52197e-6 -0.9901954 -0.1396893 7.12702e-5 -0.9901829 -0.1397776 3.23077e-5 -0.9902142 -0.1395559 0.2201048 -0.1904293 -0.9567082 -0.9761444 0.1260418 0.1767925 -4.13531e-4 -0.9780674 0.2082884 -2.15708e-4 -0.9781127 0.2080758 -2.44833e-4 0.8480158 -0.529971 2.82835e-5 0.615632 -0.7880339 -8.34907e-5 -0.9902811 -0.1390801 -4.42304e-5 -0.99027 -0.1391592 -2.94728e-4 -0.9904078 -0.1381754 9.93365e-6 -0.9902441 -0.1393436 0.4059171 -0.8653258 0.2940114 -0.6034665 0.5993993 0.5258791 -3.13478e-4 -0.9903943 -0.1382722 -0.06515979 -0.4414165 0.8949333 -0.06512153 -0.4413841 0.8949521 -0.6035665 0.5993379 0.5258343 -4.37582e-4 -0.9904396 -0.1379464 0.4058942 -0.1784313 -0.8963327 0.4058379 -0.178429 -0.8963586 0 0.824056 0.5665083 -0.06521672 -0.4413453 0.8949643 4.16661e-4 -0.990071 -0.1405678 4.52319e-4 -0.9900582 -0.140658 0.7813038 -0.591017 0.2006574 -0.9976952 -0.05642616 0.03769207 -0.2209278 -0.4314504 0.8746666 0.9731302 -0.01507276 -0.2297619 0.9723696 -0.01526981 -0.2329468 -0.2201859 -0.4314338 0.8748617 0.8008708 0.3476625 0.4875826 0.9731585 -0.01501941 -0.2296454 -1.4525e-4 0.8830531 0.4692732 0.9976937 -0.004451453 -0.06773293 -0.9729721 -0.2075269 0.1012814 -0.2332139 0.8014894 0.5506597 9.31296e-5 -0.7656679 0.6432361 -0.9722176 -0.2098044 0.1038035 -0.2193517 -0.4310413 0.8752647 -0.2354263 0.8007323 0.5508196 -0.9976867 -0.06167632 0.0285893 -0.997696 -0.06082391 0.03005617 0.9976653 -0.004455029 -0.06814956 0.9976965 -0.004428565 -0.06769114 1.76153e-4 -0.76552 0.6434122 0.7818381 -0.5903729 0.2004722 -0.4285423 0.744638 0.5117282 -0.4271446 0.7449503 0.5124418 -1.88505e-4 0.8831996 0.4689972 -0.9973904 -0.06462043 0.03219658 0.9036211 -0.02800726 -0.4274163 0.9063088 -0.02762085 -0.4217125 0 0.8827834 0.4697805 -5.18944e-5 0.8828592 0.4696379 0.9062306 -0.02757304 -0.4218837 -0.9728943 -0.1922999 0.1284421 -0.6291478 0.6405971 0.4402369 -0.6291977 0.6405664 0.4402102 -1.32941e-4 0.8829718 0.4694261 -0.9729 -0.192276 0.1284359 0.9063762 -0.08250874 -0.4143363 -0.9976968 -0.05639839 0.037687 0 0.8827797 0.4697874 0.9063157 -0.08248955 -0.4144726 -0.06910043 0.8220838 0.5651578 0 -0.5555824 0.8314616 -0.9979788 -0.063259 0.0060575 -0.9979792 -0.06324958 0.00608766 0.973132 -0.04496979 -0.2258139 -0.2352409 0.8007961 0.5508061 0.9976956 -0.01323235 -0.06654685 -0.4051355 -0.4042205 0.8200433 0.06387639 -0.9450318 0.3206785 -0.4059126 -0.4037828 0.8198747 -0.4058942 -0.4037714 0.8198894 -6.35948e-5 0.616697 -0.7872007 0 0.9065365 -0.4221273 0.2208742 -0.9235767 0.3134016 -0.4045506 -0.4045044 0.8201922 0.9063292 0.08252996 0.4144351 0.9979841 0.004975855 -0.06326872 -4.49369e-5 0.6150239 -0.7885086 0.906108 0.08245921 0.4149324 0.6035522 -0.155667 -0.7819799 -1.67348e-4 0.6147924 -0.788689 -9.69905e-5 0.6149747 -0.7885469 -1.16424e-4 0.6150044 -0.7885237 -2.83411e-5 0.6150189 -0.7885123 -1.91291e-4 0.6150228 -0.7885094 -2.43958e-4 0.6149441 -0.7885707 0.9061435 0.08242392 0.4148618 0 1 0 0 1 0 0.2200741 -0.9237306 0.3135114 0 1 0 -8.92649e-6 0.8240522 0.566514 0 1 0 0 1 -2.93053e-7 0.6042172 -0.155359 -0.7815275 0.6041657 -0.1553564 -0.7815679 -0.9759793 -0.1965617 0.09395813 -0.9761742 -0.1959075 0.09329581 -7.96104e-6 -0.9025729 0.4305372 1.29991e-4 -0.9026161 0.4304468 0.7818707 -0.1215866 -0.6114696 0 0.1738911 0.984765 0.7816934 0.04090768 0.6223198 -0.6043384 -0.3524018 0.7145545 0.40506 -0.05984914 -0.9123292 0.9060946 0.02766954 0.4221694 0.4058048 -0.05983811 -0.9119989 0.4058506 -0.05981969 -0.9119796 -0.9979801 -0.05733501 0.02736151 -0.9979795 -0.05735349 0.02734404 -0.9979733 -0.05743116 0.02740567 -0.9980049 -0.0569939 0.02716755 0.001134514 0.8820142 0.4712216 0.6041646 -0.05217611 -0.7951496 0.9062028 0.02773571 0.4219327 4.32798e-4 -0.7657546 0.6431328 0.7853245 -0.04054266 -0.6177555 0 1 -3.39231e-7 -0.6043494 -0.3523975 0.7145473 0.6042442 -0.0521413 -0.7950914 0.6076596 -0.05199003 -0.7924942 -0.9979815 -0.05731803 0.02734243 0.7821621 -0.04063582 -0.6217486 -0.6042726 -0.4426298 0.6625205 -3.51465e-4 -0.7661993 0.642603 0.7818503 -0.04080682 -0.6221295 -1.65854e-4 -0.766055 0.6427751 0.7819747 -0.1215288 -0.611348 0.4058158 -0.1784209 -0.8963702 -0.6045415 -0.4425984 0.6622961 -0.9167568 -0.3605179 0.1720001 -0.9166216 -0.3608157 0.1720961 -0.916809 -0.3604177 0.171932 4.53754e-4 0.9782026 -0.2076529 7.16243e-4 0.9782533 -0.2074128 -0.9170691 -0.3599708 0.1714797 -3.73861e-4 -0.7660989 0.6427227 -0.2192794 -0.4311134 0.8752473 0.07379692 -0.7380627 0.6706843 0.07380032 -0.7380623 0.6706845 0.07380181 -0.7380621 0.6706845 0.6046096 0.3523356 0.7143578 0.6046718 0.2559363 0.754234 0.6043372 0.3523398 0.7145861 1.00543e-4 -0.4145723 0.9100164 0 -0.4145488 0.9100272 0.001076161 0.3746649 0.9271598 -0.001509785 0.3748531 0.927083 -0.6042706 0.2561991 0.7544662 -0.604683 0.2560486 0.7541868 0.2228541 -0.06380623 -0.9727615 0.2228541 -0.06380623 -0.9727614 0.2228542 -0.06380623 -0.9727614 0.2202687 -0.06386959 -0.973346 0.2193961 -0.06358891 -0.9735615 0.06198018 -0.06556832 -0.9959214 0.06198018 -0.06556832 -0.9959213 0.06198018 -0.06556832 -0.9959214 0.06373804 -0.06556427 -0.9958107 -0.7815247 0.2005099 0.5907748 -0.7817455 0.200385 0.5905252 0.06514745 -0.06503844 -0.9957539 0.4055989 -0.2937775 -0.8655544 -0.7816367 0.2005192 0.5906237 -0.06472867 -0.4686874 -0.8809894 -0.0647279 -0.468688 -0.8809892 -0.06472617 -0.4686889 -0.8809889 -0.6299793 -0.3217466 0.7068277 -3.95636e-5 -0.4997237 -0.8661848 0.405818 -0.2937086 -0.865475 -4.65753e-4 0.3757603 0.9267168 0.4287098 0.07048034 -0.900689 -6.79559e-4 -0.4998235 -0.8661271 -0.7822706 0.1217026 0.6109349 -1.06982e-4 0.3747163 0.9271396 6.01418e-4 -0.4999442 -0.8660574 0.638909 0.06002557 -0.766937 0.6389083 0.06002569 -0.7669376 0.6389073 0.06002575 -0.7669383 -0.2336801 -0.4030758 0.8848296 0.6291873 0.06070429 -0.7748796 -1.87307e-4 -0.4999067 -0.8660794 3.07294e-4 -0.5000199 -0.8660138 0.006144642 -0.5070178 -0.8619137 -0.07832384 -0.4733342 -0.877394 -0.0783298 -0.4733278 -0.8773968 -0.07833772 -0.4733188 -0.8774011 -7.59916e-6 -0.4999014 -0.8660823 0.01072144 -0.494231 -0.8692646 0.01072144 -0.494231 -0.8692646 0.01072144 -0.4942309 -0.8692646 -0.2342866 -0.4032291 0.8845995 0 -0.4147288 0.9099452 0 -0.4147253 0.9099466 0 -0.4147288 0.9099452 0.06967812 0.07805371 -0.9945113 0 0.0782333 -0.9969351 0.233462 0.07610517 -0.9693831 -3.57135e-4 -0.4994727 -0.8663295 0.06982231 0.0781002 -0.9944975 5.28355e-4 0.6163717 -0.7874553 3.04017e-4 0.6162681 -0.7875364 -4.48559e-4 0.6148209 -0.7886667 -0.62976 -0.3218893 0.7069581 3.4963e-4 0.6163439 -0.787477 -4.75268e-4 0.6153357 -0.7882652 -1.23168e-4 0.6157978 -0.7879043 0.8010032 0.04677724 -0.59683 -3.37827e-5 0.8823572 0.4705802 0 0.7660538 -0.6427766 6.06605e-6 0.6159649 -0.7877737 0 -0.4998628 -0.8661047 0 -0.4998626 -0.8661048 0 1 0 0 1 0 0 1 0 -5.46527e-5 -0.9025843 0.4305133 0 1 0 0 1 0 0.6039304 -0.25617 -0.7547484 0.6038874 -0.2561494 -0.7547898 0 1 2.31468e-7 -1.45252e-5 0.8827462 0.4698503 -7.80195e-5 0.8828536 0.4696484 4.07023e-5 0.8828021 0.4697451 0 1 0 -0.001572072 0.9403271 -0.3402683 -1.46665e-4 0.8828487 0.4696574 -9.40051e-5 0.8828505 0.4696542 0 1 0 0 1 0 0 1 -1.96491e-7 0.603504 -0.2563706 -0.7550213 0 1 0 1.88462e-5 -0.4145838 0.9100112 -1.20218e-4 0.9063355 -0.422559 5.60555e-5 0.906327 -0.4225773 -0.06960695 -0.4135646 0.9078102 0 1 0 0.7817112 -0.2002243 -0.5906251 0.7806584 -0.2001696 -0.5920345 0 0.9062843 -0.4226688 0 0.9062843 -0.4226688 0 -0.06569314 -0.9978399 2.30616e-4 0.882481 0.470348 -0.06373804 -0.06556433 -0.9958107 -0.06231814 -0.06556648 -0.9959003 -4.83804e-4 0.9397941 -0.3417412 -0.06514751 -0.06503838 -0.995754 -2.80701e-5 0.8827873 0.4697729 -5.00629e-5 0.8827271 0.4698861 6.73236e-5 0.8825663 0.4701882 -4.61856e-4 0.8829997 0.4693733 -3.91199e-5 0.8827167 0.4699056 -2.0244e-5 0.9781083 -0.2080969 -0.2225283 -0.06382966 -0.9728345 -0.2204982 -0.06386554 -0.9732944 -0.2196267 -0.06358551 -0.9735097 0.8008738 -0.5404167 0.2579752 0.7823912 -0.2002431 -0.5897176 -8.07012e-5 0.8828111 0.4697283 3.34931e-5 0.882715 0.4699089 -9.57019e-6 0.8827317 0.4698773 0.06448608 -0.1945031 -0.9787799 -5.40773e-5 0.9780998 -0.208137 -4.24066e-4 0.8835107 0.4684109 0.8013644 -0.5399199 0.2574914 -0.2206193 -0.1904358 -0.9565884 -2.37859e-4 0.8832805 0.4688449 -7.22566e-5 -0.9781621 0.2078437 -0.4053663 -0.05984956 -0.9121932 -0.4050822 -0.05985796 -0.9123187 -1.7228e-4 0.8831567 0.4690784 -0.4054078 -0.05983221 -0.9121758 0 -0.9025889 0.4305037 4.6428e-4 0.8817546 0.4717081 -9.34084e-5 0.8829082 0.4695456 0 0.8827297 0.4698811 0 0.8827322 0.4698764 -0.6077511 -0.05198007 -0.7924245 -1.9401e-4 0.8830505 0.4692779 0.06363505 -0.1948216 -0.9787723 0.06377017 -0.1948496 -0.978758 -0.7824561 0.1216372 0.6107102 -0.7823436 0.1216599 0.6108496 0.7998587 -0.5416225 0.2585946 -7.08061e-6 0.07830017 -0.9969299 0.2203397 -0.1904576 -0.9566485 -0.06968647 0.07805359 -0.9945107 0 0.07828658 -0.9969309 0 -0.7006165 0.713538 0.001215875 0.4987421 0.8667498 -0.06982237 0.0780974 -0.9944977 0 -0.7006162 0.7135384 0 -0.7006164 0.7135382 -0.604999 0.0518428 0.7945367 -0.7823354 0.0405547 0.6215358 0 -0.7659065 -0.642952 0.2203944 -0.1904751 -0.9566324 0.220532 -0.1904397 -0.9566078 -0.4285846 0.07049602 -0.9007472 -2.61614e-5 -0.7659305 -0.6429235 -0.6385367 0.06004726 -0.7672453 -0.6385369 0.06004714 -0.7672451 -0.6385365 0.06004726 -0.7672455 0 -0.7006168 0.7135378 0.2205598 -0.3134746 -0.9236272 0 1 0 0 1 0 0.4048843 0.2938913 0.8658502 0 1 0 0 1 0 0 -0.7006167 0.7135379 0 -0.7006163 0.7135383 0 -0.3214485 -0.9469271 -5.51788e-4 -0.7656202 -0.6432926 -0.781642 0.2005203 0.5906162 0 -0.765904 -0.642955 0 1 0 0 -0.7659417 -0.6429101 6.25254e-4 -0.7662413 -0.6425527 -0.001245856 0.5010359 0.8654257 -2.13145e-4 -0.4997755 -0.8661551 -1 -1.08902e-6 0 -0.7817495 0.1215273 0.6116362 0.8013589 -0.539929 0.257489 -3.04647e-4 0.9780231 -0.2084963 0.7816852 0.200479 0.5905728 0 0.573675 -0.8190831 0 0.7660534 -0.6427769 -0.9067382 0.08234286 0.4135766 -0.9069653 0.08239817 0.4130672 0.7816401 0.2004947 0.5906274 -0.906567 0.08226853 0.4139667 0.7816735 0.2004543 0.5905969 -0.9065957 0.08224189 0.4139087 -3.90353e-5 -0.2673032 -0.9636126 -4.45114e-5 -0.2673048 -0.963612 0.7815186 0.2004781 0.5907937 0 0.573513 -0.8191965 9.80567e-5 0.5736517 -0.8190995 0 0.7659308 -0.6429231 7.23757e-4 0.7660354 -0.6427981 -1.77673e-5 0.9681517 0.2503644 2.26983e-4 -0.9783131 0.2071315 -1.4398e-4 -0.9780349 0.2084415 -1.89318e-4 -0.9780098 0.208559 0.604639 0.2559237 0.7542644 0.80445 -0.5360906 0.2558652 0.804449 -0.5360921 0.2558656 0.8044455 -0.5360967 0.2558672 0 0.9978645 0.06531924 0.6299962 -0.7008792 0.3344746 0 -0.7006164 0.7135381 0 -0.76594 -0.642912 4.7806e-4 -0.9784401 0.2065306 0 0.9978648 -0.06531506 7.23194e-4 -0.7662369 -0.6425578 0 0.7659297 -0.6429244 -9.89255e-5 0.7659395 -0.6429128 0 -0.7006177 0.7135368 0 0.9063599 -0.4225065 -7.35994e-5 0.9954139 -0.09566235 -1.7525e-6 0.9954189 -0.09561127 0 -0.7659432 -0.6429083 0 -0.06569314 -0.9978399 0 -0.7659345 -0.6429186 0 1 0 0 1 0 0 -0.7659085 -0.6429496 0.8007978 -0.5405363 0.2579602 -6.8443e-4 -0.7656007 -0.6433158 -0.2262396 0.6887951 -0.6887503 -0.226221 0.6887779 -0.6887735 -0.2262218 0.6887793 -0.6887719 -6.19671e-5 0.5736478 -0.8191022 0 -0.7659057 -0.6429531 0.232627 -0.8777917 0.4187676 0 -0.7659379 -0.6429148 -0.004695832 0.5765067 -0.817079 0.2341667 -0.8776573 0.4181909 1 -1.42071e-7 0 -1 -2.72212e-7 0 -0.06505459 -0.5544081 0.8296986 -6.11149e-6 0.5736829 -0.8190777 0 0.3744702 0.927239 3.0036e-5 0.3744888 0.9272315 -6.83121e-4 0.3744925 0.9272297 8.87691e-4 0.3744974 0.9272276 4.60208e-4 -0.03356081 -0.9994367 -0.06506335 -0.554405 0.8296999 -1.82858e-5 0.374453 0.927246 2.36377e-4 0.374471 0.9272387 3.72615e-5 0.9954187 -0.09561139 -0.9979782 -0.0632649 0.006096422 -0.06521642 -0.6577749 0.7503861 -6.51033e-4 0.374796 0.9271072 -3.56161e-5 0.3744742 0.9272374 9.07836e-5 0.3743805 0.9272752 -0.219702 -0.6432575 0.7334513 1.61789e-5 0.9469259 0.321452 5.74314e-4 0.03501623 0.9993866 1 -1.92605e-7 0 -4.07558e-5 0.9469333 0.3214301 -0.2191392 -0.6434857 0.7334195 0 0.3744207 0.927259 6.11582e-5 0.3744064 0.9272647 0 0.9848102 -0.173635 0 0.9848102 -0.1736345 3.40891e-5 0.9469052 0.3215132 -2.27411e-5 0.9469428 0.3214022 -1.40591e-5 0.3744585 0.9272438 -5.65436e-5 0.3744212 0.9272587 -1 -1.08923e-6 0 -6.7449e-4 0.3757886 0.9267052 0 0.9847865 -0.1737689 0 0.9847864 -0.1737692 -0.2193337 -0.5420575 0.811213 2.50527e-5 0.3744652 0.927241 -0.06600236 -0.6579596 0.7501553 -0.2193092 -0.5420665 0.8112136 1.33511e-4 0.3741468 0.9273695 -0.4058017 -0.5077285 0.7599585 -0.4044313 0.8660482 0.2939318 -0.9979782 -0.06153494 -0.01590675 -0.9979889 -0.06137508 -0.01585763 -0.7816943 0.04090821 0.6223188 -0.06433415 0.9449662 0.3207803 -0.997976 -0.06157064 -0.01590132 9.97219e-4 0.3737403 0.9275329 0.001510739 0.37341 0.9276652 0.003221273 0.3718475 0.9282883 0.001758515 0.3732643 0.9277234 0.001524269 0.3734039 0.9276676 -0.906662 0.02767109 0.4209496 1 5.65345e-7 0 1 -4.04196e-7 0 -0.06426131 0.9449766 0.3207646 -0.906554 0.02760499 0.4211865 -4.55971e-4 0.3748887 0.9270698 -1.20096e-4 0.3745639 0.9272011 0.001820623 0.3728842 0.9278761 1.0985e-4 0.3743546 0.9272856 0 -0.9025878 0.4305058 -0.9729433 0.01511061 0.2305494 -0.06512278 0.89508 0.4411244 0.4290274 -0.8151994 0.3890828 0.001728296 -0.3092334 0.9509846 0.4292414 -0.8151097 0.3890349 -1.54995e-4 0.9781534 -0.2078852 -0.06432312 0.8949965 0.4414111 -0.001109659 -0.3089852 0.9510663 -3.13158e-5 0.9781038 -0.208118 0.6298666 -0.7009533 0.3345633 0 0.996199 0.08710813 -0.06459152 0.9449816 0.3206834 0.6297609 -0.7010459 0.3345683 -0.7822757 0.2757605 0.5585705 1 8.79897e-7 0 0 -0.902581 0.4305202 0 -0.902581 0.4305202 0 -0.9025807 0.4305208 0 0.9397011 0.341997 -0.2203316 0.9236792 0.3134818 1 1.31167e-6 0 0.2319464 -0.8779482 0.4188171 -1 2.72409e-7 0 -0.7816089 0.275851 0.5594585 -0.2200081 0.9237569 0.3134801 1 -1.06982e-6 0 -1 -1.26731e-7 0 -1 1.36076e-7 0 -1 1.0146e-6 0 -0.2203583 0.9236708 0.3134878 0 0.9961829 0.08729052 0.8010576 -0.5402172 0.257822 1 -2.44201e-7 0 0 0.9961988 0.08710861 -0.9976946 0.0218032 0.06426638 1 0 0 1 7.56929e-7 0 -0.2203543 0.9236714 0.3134886 0 0.996183 0.08728998 -0.4055274 0.8654952 0.2940503 -0.4053884 0.8655458 0.2940933 -0.9976881 0.02183127 0.06435912 -0.9976901 0.02179884 0.06433826 -0.9976856 0.01327288 0.06668788 -0.9976912 0.01323395 0.06661278 -0.7820223 -0.5181897 0.3462957 -0.9729032 0.04513603 0.2267646 -0.4053025 0.8200101 0.4041205 -0.6047681 -0.7138817 0.3530278 -0.4060338 -0.5077333 0.7598313 0.4270502 -0.8162994 0.3889518 -0.2203437 0.8748103 0.4314576 -0.7820765 -0.5581158 0.2772424 -0.2201939 0.8748645 0.4314242 -0.9976943 0.01324439 0.0665636 -0.7773039 -0.5639645 0.2788234 -0.4046044 0.8201866 0.4044617 -0.9066011 0.1357817 0.3995472 -0.9069665 0.1354206 0.39884 -0.4052571 0.7598212 0.5083685 -0.4047072 0.7615007 0.5062894 -0.4047046 0.7603775 0.5079766 0.06970191 -0.9003843 0.4294761 -0.4002531 0.7624592 0.5083831 1 -3.38169e-7 0 4.34636e-4 -0.9782006 0.2076622 4.40633e-4 -0.9782015 0.2076582 7.12969e-4 -0.978217 0.207584 0 -0.9025885 0.4305045 -0.4284826 0.7446556 0.5117526 -0.4284312 0.7446807 0.5117592 -0.2193962 -0.6433337 0.7334761 0 -0.2672793 -0.9636191 -0.2191334 -0.643487 0.7334201 -0.9068252 0.1354757 0.3991422 -0.9068211 0.1354715 0.3991529 0.06892889 -0.2666434 -0.9613273 -0.6043756 -0.5250682 0.5991942 -0.604539 -0.5250747 0.5990235 -0.9729532 0.074202 0.2187608 0.2323178 -0.2597957 -0.9373018 0 -0.9027348 0.4301976 0 -0.9027348 0.4301975 0 -0.9027348 0.4301975 -0.9729369 0.07423865 0.2188202 -3.86279e-4 0.8240868 0.5664634 3.02327e-4 0.8240511 0.5665155 -0.06829732 0.8222925 0.564952 -0.9729056 0.07434505 0.2189238 -5.36723e-4 -0.9780483 0.2083777 -0.2332152 0.8014903 0.5506578 0.06956773 -0.9003738 0.4295201 -0.9729011 0.07433629 0.2189466 1 -2.64477e-7 0 -0.06909936 0.8220989 0.565136 -0.9729453 0.04512828 0.2265855 0.06920534 -0.9004235 0.4294744 -3.73673e-6 0.3735487 0.9276106 2.51421e-4 0.3731519 0.9277703 0 0.8238983 0.5667378 0 0.8238965 0.5667405 0 0.8238965 0.5667405 -1.92456e-4 -0.9781689 0.2078116 -2.0764e-4 -0.9781695 0.2078087 -0.6037858 -0.5256544 0.5992748 -0.4286962 0.7445733 0.5116935 0 -0.9781635 0.2078368 -0.9729444 0.04512619 0.2265897 -0.9729553 0.04510438 0.2265473 -0.6322717 0.6383169 0.4390718 -0.6322581 0.6383196 0.4390875 -0.63227 0.6383169 0.4390743 -0.4052249 -0.6028458 0.6872917 -0.4057013 -0.6027416 0.6871019 0.4162986 -0.8207974 0.3911358 0.4162986 -0.8207975 0.3911356 6.6883e-4 -0.7662788 -0.6425079 -2.26742e-4 -0.7658753 -0.6429892 6.76072e-5 -0.9781531 0.2078859 -0.6297896 0.6402857 0.4397719 -0.9976921 0.004459321 0.0677545 -0.4058631 -0.6027244 0.6870216 -0.4029663 -0.6035981 0.687959 -0.4058544 -0.6027308 0.6870211 -2.11748e-4 -0.4997246 -0.8661843 -6.25404e-6 -0.9781634 0.2078374 -0.9729037 0.01518511 0.2307115 -0.5715481 0.6762712 0.4647475 -0.5715483 0.6762709 0.4647475 -0.5715489 0.6762705 0.4647474 5.81841e-5 -0.9781509 0.2078967 -0.06889259 -0.6989453 0.7118492 8.93761e-5 -0.978153 0.2078865 -9.84474e-5 0.3746758 0.9271559 0.005463123 -0.4964666 0.8680388 -1.1602e-4 -0.4997838 -0.8661502 5.91494e-4 -0.4995425 0.8662892 -1.38721e-4 -0.499774 -0.8661558 -1.32787e-4 -0.4997763 -0.8661546 -0.9976978 0.004418075 0.06767278 -0.6301978 -0.7007293 0.3344089 0.002610981 -0.4982421 0.867034 0.002610981 -0.4982422 0.8670341 0.002610981 -0.4982422 0.867034 -0.8009703 -0.5403285 0.25786 -0.8010345 -0.5402493 0.2578265 -0.9064358 0.1869651 0.378706 -3.24185e-4 -0.4995746 -0.8662709 0.03394192 -0.5376887 -0.84246 0.03394198 -0.5376883 -0.8424603 0.03394198 -0.5376894 -0.8424595 -0.01043456 -0.4898 -0.8717724 -0.01043468 -0.4898002 -0.8717724 -0.01043438 -0.4898003 -0.8717722 -0.0425378 -0.4416747 -0.8961663 -0.04253774 -0.4416738 -0.8961667 -0.04253786 -0.4416761 -0.8961656 1.27374e-4 -0.5000402 -0.8660023 5.10891e-4 -0.9782387 0.207482 5.83522e-4 -0.9782206 0.2075673 -0.9068371 0.1863102 0.3780676 -0.2331808 -0.6814081 0.6937649 0 -0.7006164 0.7135382 -4.61456e-4 0.4996174 -0.8662462 -3.10974e-4 0.9396951 -0.3420135 -0.06865495 -0.6989634 0.7118544 0.007155418 -0.4998972 -0.8660553 0.007155418 -0.4998973 -0.8660552 0.007155418 -0.4998973 -0.8660553 -0.9729043 0.1022602 0.2073649 -0.06953328 -0.6990523 0.7116819 -3.58364e-5 0.9395948 -0.342289 0 0.939595 -0.3422886 0 -0.4998552 -0.866109 1.82685e-7 -0.4998552 -0.866109 0 -0.499853 -0.8661103 -0.972944 0.1021277 0.2072438 -0.2330883 -0.6814503 0.6937546 -0.2345308 -0.6814496 0.6932689 -6.02968e-5 -0.4998592 -0.8661068 -0.812727 0.2905251 -0.5050446 -0.8127433 0.2905308 -0.5050151 -0.8127372 0.2905287 -0.5050261 6.25356e-5 -0.4999392 -0.8660606 -0.9976907 0.03004038 0.06091618 -0.2835395 -0.2835395 -0.9160844 -0.2835395 -0.2835395 -0.9160844 -0.2835393 -0.2835393 -0.9160846 -0.4289776 -0.632956 0.6444725 -0.9976901 0.03004872 0.06092327 0.6043128 0.2561122 0.754462 0.2701419 -0.5328041 -0.8019622 0.2701444 -0.5327965 -0.8019664 0.2701431 -0.5328007 -0.8019639 -3.91337e-5 -0.4999358 -0.8660625 -6.69513e-5 -0.4996626 -0.8662202 -0.6298397 -0.5442633 0.5541475 -0.6295953 -0.544411 0.5542802 0 -0.4999881 -0.8660323 0 -0.4999888 -0.8660319 2.5406e-6 -0.4999888 -0.8660319 -0.6292375 0.2075732 0.7489817 -1.44453e-4 -0.4998152 -0.8661321 -0.8013592 0.159767 0.5764529 0.7824597 0.1216371 0.6107055 0 -0.7660079 -0.6428313 2.72518e-5 -0.4999082 -0.8660785 -0.4288546 -0.43295 -0.792867 -0.4288516 -0.4329618 -0.7928621 -0.4288485 -0.4329753 -0.7928565 -0.6043644 -0.7544159 0.2561259 -0.6051693 -0.7538267 0.2559597 -5.8271e-4 -0.5003579 0.8658186 -0.7813062 -0.5910114 0.2006646 -0.7817316 -0.5905104 0.2004821 4.7314e-4 -0.766233 -0.6425628 -1.84878e-4 -0.7658901 -0.6429715 -0.7823541 -0.5896793 0.2005005 -0.1175556 -0.5670285 0.8152665 -0.1175553 -0.5670285 0.8152666 -0.1175194 -0.567021 0.815277 -0.06896698 -0.6989464 0.7118409 0.781725 -0.6116715 0.1215075 0.7817882 -0.611597 0.1214762 -9.78304e-4 -0.5005342 0.8657162 0 -0.5004634 0.8657578 0 -0.5004634 0.8657578 -2.2196e-7 -0.5004691 0.8657545 -0.001033484 -0.5005359 0.8657153 0 -0.4227755 -0.9062345 -4.1127e-4 -0.5000945 0.8659709 0 -0.173721 -0.984795 0.2823964 -0.2850695 0.9159628 0.2824044 -0.2850645 0.9159618 0.2824023 -0.2850659 0.9159621 0.781731 -0.6116634 0.12151 -0.2333949 -0.6813941 0.6937068 -0.9762069 0.05781531 0.2089914 0.4057161 -0.8654165 0.2940217 0.604364 -0.754413 0.2561352 0.6041382 -0.754576 0.2561874 -0.2335455 0.8014204 0.5506196 0.781731 -0.5905165 0.200467 -0.4286836 -0.6330598 0.6445663 -0.4285997 -0.633105 0.6445777 -8.08275e-4 0.4995705 -0.8662729 -0.4274459 -0.6337341 0.6447257 0.60391 -0.7546859 0.256402 -0.9979788 0.01696413 0.06124222 -0.9979748 0.01697719 0.06130343 -0.9979762 0.01699173 0.06127637 -1.16606e-4 -0.1735299 -0.9848286 -7.53576e-5 0.8240562 0.5665081 -0.9167106 0.1067041 0.3850404 -0.9168415 0.1066336 0.3847482 -0.9165815 0.1068003 0.3853207 -0.06938767 0.8220769 0.5651328 0.6298093 -0.7731713 0.07447546 -0.2333402 0.8014661 0.5506402 0 -0.1736348 -0.9848101 -5.92695e-4 -0.5002151 0.865901 -5.27815e-4 -0.5001758 0.8659238 6.89406e-5 0.9781439 -0.2079293 2.14741e-4 0.9781209 -0.208037 -3.20352e-4 0.9780777 -0.2082405 1.23515e-4 0.9780973 -0.2081481 -1.71765e-4 -0.4999434 0.8660581 -6.20298e-4 -0.5002444 0.8658841 1.01617e-4 0.9781143 -0.2080685 0.9731044 0.2259306 -0.04498159 -7.6771e-4 -0.5002203 0.865898 0.9730156 0.2262851 -0.04511892 -0.002253174 0.9780541 -0.2083389 5.0019e-4 0.9781071 -0.2081019 0.9731264 0.2258452 -0.04493492 -1.17461e-4 0.9781457 -0.2079208 0 0.9779697 -0.2087471 2.3469e-4 -0.4997692 0.8661586 1.71968e-4 0.1736707 0.9848039 0.9734137 0.2245589 -0.04515624 0 -0.2672796 -0.9636191 0.9731188 0.2258688 -0.04497921 -0.8011747 0.1598155 0.5766959 0.7817245 0.6116638 -0.1215499 4.63222e-4 -0.4995996 0.8662565 0 -0.4999061 0.8660797 0.6302663 -0.207367 -0.7481734 0.6299421 -0.2074493 -0.7484236 0 0.8240554 0.5665094 3.41093e-5 0.8240481 0.56652 0 0.8240555 0.5665091 0.7254384 -0.1836853 -0.6633242 0.7254332 -0.1836869 -0.6633294 0.7254312 -0.1836883 -0.6633313 0 -0.4999137 0.8660753 0 -0.4999072 0.8660791 3.5931e-4 0.1738352 0.9847747 0.06915265 -0.2666475 -0.9613101 -3.98437e-5 0.9782605 -0.2073801 0 -0.4999063 0.8660796 0 -0.4999088 0.8660781 0.06977176 -0.2664412 -0.9613226 0.7816441 0.1215468 0.6117671 0.9066146 0.4138343 -0.08240878 0.9065493 0.4139668 -0.08246159 -8.50856e-4 0.9779418 -0.2088762 0 0.9781799 -0.2077596 -3.49324e-4 0.8240499 0.5665173 3.5947e-4 0.8240857 0.5664653 0 0.824056 0.5665084 0.9062802 0.4145727 -0.08237546 0.8007227 -0.1600123 -0.5772687 0.800721 -0.1600137 -0.5772708 0.8004755 -0.1600884 -0.5775906 5.97892e-4 -0.4995672 0.866275 5.60124e-4 -0.4995934 0.86626 -8.31835e-5 0.9781741 -0.2077874 3.49163e-5 0.9782152 -0.2075936 0 0.8240558 0.5665087 0.4060282 0.1784197 0.8962743 0.4055722 0.178397 0.8964852 0 -0.499912 0.8660763 0 -0.4999127 0.8660758 0.9976899 0.06662255 -0.01328098 -6.00047e-4 -0.5002899 0.8658578 -1 -5.4465e-7 0 -5.34997e-4 -0.5002689 0.86587 0.4293066 -0.2410289 -0.8704028 -3.41029e-5 -0.1737204 -0.984795 0.05053913 -0.1629375 -0.9853411 0.05053901 -0.1629375 -0.9853411 0.050538 -0.1629391 -0.985341 0.9976872 0.06666457 -0.01327246 0 -0.4999086 0.8660782 0.4284697 -0.2410293 -0.8708149 0 -0.1736347 -0.9848101 0 -0.4999188 0.8660724 3.12518e-4 -0.4998244 0.8661268 2.41752e-4 -0.4998101 0.866135 0.2334567 -0.2593917 -0.9371306 7.3341e-4 0.9782762 -0.2073044 -6.42897e-5 -0.1737176 -0.9847956 9.92025e-4 -0.4994526 0.8663408 0.4288944 -0.2410954 -0.8705876 9.13041e-4 -0.4994384 0.8663489 0.5898947 -0.215379 -0.7782264 0.5898957 -0.2153793 -0.7782256 0.5898926 -0.2153793 -0.7782279 0.60441 0.1555398 0.7813425 8.42175e-4 -0.4994431 0.8663463 0.6294341 -0.2073943 -0.748866 -0.8011764 0.1598253 0.5766908 0 -0.2669447 -0.9637119 -3.17624e-4 0.3074009 -0.9515801 -3.47478e-4 0.3073248 -0.9516047 -4.35944e-5 0.3087421 -0.9511459 1.6109e-4 0.3095028 -0.9508986 7.99362e-4 -0.7663465 -0.6424269 8.24569e-4 -0.9393556 0.3429438 4.08082e-4 -0.7661388 -0.642675 4.35954e-4 -0.7661531 -0.6426581 1.13061e-4 0.1737232 0.9847946 4.95249e-4 0.2450343 0.9695143 4.9521e-4 0.2450357 0.969514 4.95206e-4 0.2450351 0.9695141 1.07268e-4 0.173688 0.9848007 -4.90028e-5 0.1732775 0.9848731 4.90498e-4 -0.7661628 -0.6426464 8.60012e-4 0.1744868 0.9846592 5.70191e-4 0.1741372 0.9847213 -0.9067792 -0.3992098 0.1355834 0 0.9807505 0.1952658 -6.60018e-5 0.9780924 -0.2081714 0 0.9807427 0.1953048 2.12084e-4 0.9808013 0.1950101 4.08312e-4 -0.7661392 -0.6426745 0 0.9807541 0.1952474 0 0.9807429 0.1953036 -2.09654e-4 -0.7658487 -0.6430208 -2.84291e-4 -0.7658616 -0.6430055 0 0.9807361 0.1953376 -1.71417e-4 0.9806982 0.1955277 0 0.9807468 0.1952839 0 0.980746 0.1952877 0.6038202 0.7548081 -0.2562537 0 0.9807423 0.1953069 6.41925e-4 0.9782374 -0.2074881 -0.9071936 -0.3984246 0.1351221 -2.21895e-4 -0.7658458 -0.6430243 8.63865e-4 0.978251 -0.2074229 6.71338e-5 0.9781402 -0.2079471 -0.9728991 -0.218981 0.07426184 -0.9729678 -0.2187349 0.07408791 2.78709e-6 0.9681558 0.2503489 0 -0.7008468 0.7133119 0 -0.7008468 0.7133119 0 -0.7008464 0.7133123 -0.2336195 -0.6813462 0.6936781 -2.51576e-4 -0.9396755 0.3420674 -3.06261e-4 -0.9397051 0.3419855 -1.11103e-4 0.3735752 0.9276 -0.001278996 -0.7653778 -0.6435801 -4.38208e-4 -0.7658053 -0.6430724 8.90517e-4 -0.9391883 0.3434017 -4.82681e-4 -0.9397997 0.3417255 -2.6942e-5 -0.9396306 0.3421908 -1.50443e-4 -0.9396264 0.342202 -2.69667e-4 -0.765815 -0.6430611 0.6042445 0.7815055 -0.1553638 0 -0.7660081 -0.6428309 -1.38798e-4 -0.765868 -0.6429979 9.26579e-4 -0.9393644 0.3429194 -5.03432e-5 -0.7658749 -0.6429898 0.6041576 0.1556679 0.7815122 0.6041047 0.1556642 0.7815538 -0.9080996 -0.3757035 0.1849375 0.7823426 0.1216993 0.6108431 8.22812e-4 -0.9393615 0.3429278 -0.9728811 -0.2075495 0.1021064 -0.9729114 -0.2069152 0.1030991 7.94684e-4 -0.9393938 0.3428394 -1.39206e-4 -0.7659352 -0.6429178 0 -0.765905 -0.6429538 1.26137e-4 -0.7659682 -0.6428785 -0.9067165 -0.3507063 0.2342442 7.72083e-5 -0.7659148 -0.6429421 9.31411e-4 -0.9393611 0.3429287 0.4048489 0.1782273 0.8968459 0.6044213 0.7813857 -0.1552786 -0.2346231 -0.681447 0.6932403 -5.06211e-6 -0.173923 -0.9847593 0.4048256 0.06018388 0.9124113 -0.7821813 -0.5584436 0.2762851 -0.7821422 -0.5575067 0.2782803 -0.4286261 -0.6330772 0.6445875 0.6043304 0.7814564 -0.1552765 0.7817959 0.6115781 -0.1215211 -0.9067264 -0.3779867 0.1870115 0.6042494 0.05215084 0.7950868 -6.51376e-4 -0.1742688 -0.984698 -0.9067185 -0.3782089 0.1866006 -0.9067177 -0.3779811 0.1870657 0.7817493 0.6116303 -0.1215589 -0.1402351 -0.3162167 -0.938265 -0.1402343 -0.3162177 -0.9382647 -0.1402356 -0.3162161 -0.9382652 -7.82551e-5 -0.1738105 -0.9847791 -0.629715 -0.5443308 0.554223 -0.5701694 -0.5756493 0.5861184 -0.5701696 -0.5756494 0.5861182 -0.5701764 -0.5756394 0.5861214 -0.6295982 -0.5444086 0.5542793 0.0948596 -0.1903458 -0.9771234 0.09485977 -0.1903458 -0.9771234 0.09485971 -0.1903458 -0.9771234 -0.9762964 -0.1953988 0.09308469 0.6049985 0.05184298 0.7945371 3.14702e-6 -0.1738547 -0.9847714 -2.577e-4 -0.1736631 -0.9848051 0.7818496 0.6115002 -0.121568 -0.9761552 0.05786716 0.2092188 -0.9140144 -0.3662495 0.1744683 -0.9140152 -0.3662489 0.174465 -0.9140141 -0.3662499 0.1744686 -8.11999e-4 0.7662901 0.6424942 0.2550784 -0.3182395 -0.9130492 0.2550781 -0.318239 -0.9130494 0.2550776 -0.3182383 -0.9130497 0.7823346 0.04055505 0.6215367 -6.3395e-4 0.7662146 0.6425847 7.60613e-5 -0.1738293 -0.9847759 3.00435e-4 0.7657998 0.6430791 -0.9169285 0.1063867 0.3846089 -0.937207 0.09277749 0.3362072 -0.9372071 0.09277766 0.3362074 -0.9372071 0.0927776 0.3362074 0.4058476 0.05981814 0.9119811 1.08313e-4 -0.1742502 -0.9847014 -1.98191e-4 -0.7658713 -0.642994 -0.9761263 0.05794739 0.2093313 -0.9125344 -0.3691573 0.1760796 -0.9125342 -0.3691574 0.1760796 -0.9125342 -0.3691576 0.1760797 -0.09750831 -0.1552187 -0.9830561 -0.09750705 -0.1552186 -0.9830563 -0.09750682 -0.1552187 -0.9830563 -0.9906219 0.03646415 0.1316767 -0.990622 0.03646421 0.1316758 -0.9906219 0.03646433 0.1316764 2.15791e-4 -0.1740573 -0.9847356 -0.9979786 0.01695841 0.06124734 -0.801117 0.159859 0.576764 -0.3861069 -0.08124977 0.9188688 -0.3861052 -0.08124864 0.9188697 -0.3861088 -0.08125209 0.9188678 1.02816e-4 0.1736838 0.9848015 1.36673e-4 -0.1739761 -0.9847499 3.97901e-4 -0.1742976 -0.984693 -1.58478e-4 0.3747604 0.9271217 2.09502e-4 0.3748273 0.9270947 1.35742e-4 0.3746639 0.9271607 0 0.3743486 0.9272881 -0.8426257 0.1438127 0.5189411 -0.8426247 0.1438134 0.5189424 -0.842624 0.143814 0.5189436 1.08846e-4 0.1736922 0.9848001 9.03392e-5 0.3746554 0.9271641 1.84979e-4 0.1741228 0.984724 2.77721e-4 -0.7660872 -0.6427367 -0.9166318 0.106783 0.3852058 0.4049635 -0.865828 0.2938479 0.4039331 -0.8662491 0.2940249 3.61012e-4 0.1739302 0.984758 0 -0.4225528 -0.9063383 0 0.374328 0.9272964 -1.52432e-4 0.3746058 0.9271842 0.001220405 0.1751633 0.9845387 6.15477e-6 -0.9396052 0.3422604 -1.52797e-4 -0.9397274 0.3419248 -0.8012897 -0.5400049 0.2575454 0.404794 -0.8968731 0.178215 -0.9165657 -0.3609257 0.1721628 -0.0220974 -0.9434464 0.3307877 -0.02209961 -0.9434474 0.3307852 -0.02209788 -0.9434467 0.3307871 -1.48545e-4 -0.9397075 0.3419795 4.12087e-4 0.9782518 -0.2074208 -3.03363e-4 0.1731469 0.9848961 8.22893e-5 0.1734781 0.9848378 0 0.3736333 0.9275766 5.91923e-5 0.3726709 0.9279636 -3.77641e-4 -0.9397616 0.3418304 0.6043273 -0.781465 0.1552448 -4.07755e-5 0.3736013 0.9275894 5.72512e-5 0.97811 -0.208089 -0.001431643 0.9778802 -0.2091611 -1.62786e-4 -0.9396907 0.3420256 7.38494e-5 0.9781168 -0.2080572 -1.9116e-4 0.3736749 0.9275598 0 0.573701 -0.8190649 0 0.3750577 0.9270015 0 0.5736289 -0.8191154 0 -0.9070336 0.4210584 -4.67394e-5 0.3746802 0.9271541 7.85097e-4 0.978262 -0.2073715 0 -0.9848033 0.1736741 6.31393e-5 -0.9396364 0.3421749 1.36926e-4 -0.9396517 0.3421329 9.03951e-5 -0.9396428 0.3421572 0.02101063 -0.9308843 0.3647098 0.02101117 -0.9308844 0.3647094 0.02101922 -0.9308812 0.364717 -0.2519163 -0.9202322 0.2995179 -0.2519167 -0.9202321 0.2995178 -0.2519182 -0.9202319 0.2995171 -3.4994e-5 0.3745611 0.9272022 8.4315e-6 0.3421275 -0.9396535 0 -0.9848103 0.1736339 1.08776e-4 -0.9396197 0.3422205 0 0.342248 -0.9396098 -0.8008598 -0.5404398 0.25797 0.9059761 0.187399 0.3795905 0.00125885 -0.9396177 0.3422237 0 0.3421462 -0.9396468 -1.31615e-5 0.3423163 -0.9395849 -1.32106e-5 0.3423163 -0.9395849 -1.32377e-5 0.3423163 -0.9395849 0.06458872 -0.944982 0.3206827 1.79081e-5 -0.4999763 -0.8660392 1.9833e-4 -0.9395715 0.3423529 0.9731894 0.1017274 0.2062863 0.2199705 -0.9237633 0.3134872 0.06439912 -0.9449714 0.320752 -3.46656e-5 -0.906275 0.4226886 -7.95526e-5 -0.4999166 -0.8660735 1.9363e-5 -0.4999713 -0.866042 0.2202299 -0.9236909 0.3135188 0 -0.9469367 0.3214203 0.7822746 0.2757619 0.5585714 -6.45201e-5 -0.4997951 -0.8661437 2.65592e-5 -0.4999729 -0.8660411 -0.004003286 -0.4958947 -0.8683735 0 0.7659354 0.6429176 0 0.7659357 0.6429173 0 0.7659354 0.6429176 -3.26497e-4 -0.4996939 -0.8662021 0.0118848 -0.4310268 -0.9022609 0.01188486 -0.4310265 -0.902261 0.0118848 -0.4310268 -0.902261 0.7816082 0.2758512 0.5594593 -5.69015e-5 -0.4998295 -0.8661238 0 -0.7660912 -0.6427321 0.9062998 0.4001939 -0.1358879 0.9063783 0.1867483 0.3789505 0 -0.765946 -0.6429049 0.9731498 0.1017441 0.2064643 -0.9976921 -0.06429988 0.02181851 0.4057678 -0.8963871 0.1784453 0.9066323 0.3995731 -0.1354971 0.906519 0.3998024 -0.1355785 2.26762e-4 0.7658262 0.6430478 6.77156e-5 0.3092235 -0.9509894 1.19851e-4 0.30937 -0.9509418 4.0331e-4 -0.766137 -0.6426772 5.2764e-4 0.310983 -0.9504154 5.31392e-4 0.3109936 -0.9504119 -7.38961e-4 0.306743 -0.9517922 -0.9976913 -0.06431192 0.02181774 -0.99767 -0.06460767 0.021923 0.9063853 0.1358321 0.4000193 -0.9976906 -0.06661301 0.01327764 -0.9976989 -0.06649827 0.01322728 -1.64274e-4 0.9681478 0.2503795 1.60476e-4 0.9681639 0.2503175 -1.54066e-4 0.9681446 0.250392 0.9063645 0.1358624 0.4000561 0.9063137 0.1358257 0.4001834 0.4059087 -0.8963962 0.1780789 0.4047572 -0.8968878 0.1782245 -0.9976879 -0.06665426 0.01326811 0.9976908 0.03004038 0.06091535 0 0.9681555 0.2503498 0.9060394 0.3518764 -0.2351077 -1.34816e-4 0.9681584 0.2503384 0.9976902 0.03004789 0.06092238 -0.9068456 -0.3990821 0.1355159 0.6042919 -0.7814791 0.155312 0.9976948 0.02180105 0.06426358 0.9062471 0.3515948 -0.2347283 0 -0.1737007 0.9847985 0.9976879 0.02183401 0.06435912 0.9976903 0.02179312 0.06433761 0.00106889 -0.1729064 0.9849377 -0.907045 -0.3987321 0.1352114 0.9731999 0.0738815 0.2177697 0.9730256 0.0743497 0.2183879 1.63499e-4 0.9681594 0.250335 0 0.9681557 0.2503491 0.9731562 0.1914095 -0.127787 -0.9728678 -0.2190831 0.07436972 -0.9727979 -0.2193664 0.07444846 0.9731527 0.07400393 0.2179384 0.9731499 0.07400113 0.2179521 0.97321 0.07380539 0.2177499 6.47403e-4 -0.1732545 0.9848769 0 -0.1736253 0.9848118 0.9757555 0.04438918 0.2143151 -0.001384437 -0.1721099 -0.9850768 -0.7817257 -0.6116706 0.1215076 0.9730797 0.04496139 0.2260408 -0.7818718 -0.6114978 0.1214376 -0.7817249 -0.6116746 0.1214926 0 -0.173705 0.9847978 -2.75342e-4 -0.9781135 0.2080723 7.09546e-5 -0.9781542 0.207881 5.03151e-5 -0.9781547 0.2078785 0.03068917 -0.4440425 -0.8954801 0.03068995 -0.4440433 -0.8954797 0.03068894 -0.4440425 -0.89548 0.9732236 0.04490703 0.2254315 -1.88843e-5 -0.9781518 0.2078921 0.9724339 0.04496705 0.2288019 0.9725611 0.04499721 0.2282546 0.975952 0.04451137 0.213393 0.975952 0.04451137 0.213393 0.975952 0.04451143 0.213393 2.49768e-5 -0.9781545 0.2078793 0.9731315 0.2180398 -0.07398414 0.9733012 0.217352 -0.07377713 0.9731106 0.04487186 0.2259254 0 -0.4225533 -0.9063382 0.6044213 -0.7813914 0.1552498 0.9731189 0.04495781 0.2258725 0.9704408 0.04539591 0.2370321 0.9726856 0.04495966 0.2277309 0.9726856 0.0449596 0.2277309 0.9726856 0.0449596 0.2277309 0.9740139 0.04485291 0.2220025 0.9732675 0.04495298 0.2252324 1.19309e-4 -0.1736961 -0.9847994 0.9976899 0.06432926 -0.02183264 -3.07531e-4 -0.3755537 -0.9268006 -0.781803 -0.6115685 0.1215243 0.9746943 0.2124333 -0.06959313 0.7820177 -0.6113004 0.1214924 0 -0.6426194 -0.7661857 -0.9070477 -0.4129176 0.08224195 -0.9068528 -0.4133152 0.08239394 -4.09359e-5 -0.422668 -0.9062846 0 -0.4226651 -0.906286 0.9722977 0.2209585 -0.07625466 1.03708e-4 -0.2672817 -0.9636185 -0.9071585 -0.4126815 0.08220452 0.9732397 0.217634 -0.07375711 0.9711151 0.2251308 -0.07906728 0.9730551 0.2183457 -0.0740875 0.975983 0.2074737 -0.06642168 0 -0.642802 -0.7660325 -0.906755 -0.4135791 0.08214569 0.06483733 -0.9786934 0.1948217 0.2326134 -0.2600747 -0.9371511 0.9740371 0.2148025 -0.07149517 0.9686634 0.2333363 -0.08512014 0.9732088 0.2177538 -0.07381063 0.9734123 0.2170045 -0.07333177 0.9731442 0.2180014 -0.07393139 0.2325932 -0.2597889 -0.9372354 -0.9728014 -0.2271835 0.04522275 -0.9729957 -0.2263966 0.04499006 0.06455183 -0.9786904 0.1949313 0.9730348 0.2183755 -0.07426667 -0.9728702 -0.2268948 0.04519277 0.06446593 -0.9786996 0.1949134 0.7817291 0.5905123 -0.2004865 0.2206463 -0.9565947 0.1903731 0.2201751 -0.9566845 0.1904676 0.2201907 -0.9566845 0.1904488 -0.9728728 -0.2268834 0.04519408 0.997687 0.06436991 -0.02184349 -0.7817592 -0.590467 0.2005028 0.2200979 -0.9567066 0.1904455 0.973164 0.04494196 0.2256813 0.9731893 0.0448938 0.225582 -5.40333e-4 0.9398018 -0.3417198 -0.00158149 0.94015 -0.3407571 0.9976943 0.01324319 0.06656348 2.52137e-4 0.9394618 -0.3426539 -1.96725e-4 0.9396428 -0.342157 0.9976913 0.01323431 0.06661182 0.9976858 0.01327288 0.06668573 0.9731484 0.01511698 0.2296816 -1.5077e-4 0.4997856 0.8661493 0.02538025 0.5319231 0.8464123 0.02537977 0.5319213 0.8464135 0.02538079 0.5319265 0.8464101 -0.004801928 0.493836 0.8695419 -0.004802048 0.4938352 0.8695423 -0.004802048 0.4938347 0.8695426 -5.73607e-4 0.4992408 0.8664631 -3.188e-4 0.939702 -0.3419945 -0.9167981 -0.3975124 0.03828001 1.14635e-4 0.9395909 -0.3422998 1.42457e-6 0.9396016 -0.3422703 0.9731878 0.01504272 0.2295202 0.9976921 0.004459142 0.06775355 0.9162742 0.3615069 -0.1724948 -3.31303e-4 -0.1737728 -0.9847858 -0.04124331 -0.1574384 -0.9866673 -2.89484e-5 -0.1736145 -0.9848138 -1.95145e-4 -0.1735847 -0.9848189 0.1166772 -0.1892738 -0.9749677 0.1166782 -0.1892733 -0.9749677 0.11668 -0.1892728 -0.9749675 -3.02017e-4 -0.1736582 -0.984806 -4.03869e-5 0.9396011 -0.3422716 0.08465838 0.9361563 -0.3412395 0.08469992 0.9361559 -0.3412304 0.0847035 0.9361558 -0.3412298 -1.19887e-5 -0.1737027 -0.9847981 -2.08302e-4 -0.6425485 -0.7662451 0.9976979 0.00441724 0.06767183 0.4289668 0.2413665 0.8704768 -2.66024e-5 0.9396023 -0.3422683 -0.1168333 -0.1724535 -0.9780644 -0.1168335 -0.1724534 -0.9780643 -0.1168335 -0.1724536 -0.9780643 9.90536e-6 -0.1738566 -0.984771 -5.8584e-6 -0.1738482 -0.9847726 -2.63897e-5 -0.1738539 -0.9847715 -9.433e-5 -0.1735615 -0.9848231 -8.11802e-4 -0.1727638 -0.984963 -8.90552e-4 -0.1728366 -0.9849502 -0.7043688 -0.7065662 0.06803596 -0.7043718 -0.7065633 0.06803518 -0.704373 -0.706562 0.06803542 0.6295413 0.2076056 0.7487174 0.6217904 0.209263 0.7547091 0.6217908 0.2092629 0.7547088 0.6217914 0.2092627 0.7547084 -1.62998e-6 0.9396071 -0.3422551 -1 5.06988e-7 0 -0.9167972 -0.3975152 0.03826981 1.48576e-4 -0.1739853 -0.9847483 8.48994e-4 -0.1750588 -0.9845576 0 -0.1738154 -0.9847784 0.6288891 0.2076774 0.7492454 0.629279 0.2075785 0.7489453 0 -0.9469367 0.32142 0.8010411 0.5402646 -0.2577738 0.8013497 0.5398728 -0.2576358 8.75311e-5 0.9395939 -0.3422915 0.07113355 0.9213529 -0.3821633 0.07113945 0.9213519 -0.382165 0.071114 0.9213567 -0.3821579 0 0.08699125 -0.9962092 5.10933e-4 -0.1741312 -0.9847224 0 -0.9807396 0.19532 0 -0.9807394 0.1953207 -0.09657377 0.941933 -0.3216143 -0.09657025 0.9419334 -0.3216144 -0.09656959 0.9419334 -0.3216146 0 -0.3748549 -0.9270835 2.16315e-5 -0.3738542 -0.9274876 2.5165e-5 -0.3745865 -0.927192 8.95591e-4 -0.3749008 -0.9270645 -2.96888e-4 -0.3745888 -0.9271911 0.8012203 0.1597991 0.5766371 0.8011165 0.1598644 0.5767632 1.67001e-4 -0.9807209 0.195414 -6.5025e-4 -0.17404 0.9847384 -3.70087e-5 -0.374608 -0.9271833 0 -0.1737049 0.9847978 0 -0.1736998 0.9847987 -0.8012443 -0.5955802 0.05737513 0 -0.1736268 0.9848116 -6.83002e-6 -0.9953883 0.0959286 5.6726e-5 -0.9953867 0.09594458 -0.8011174 -0.5957437 0.05745029 -0.9167987 -0.3975113 0.03827702 0.8011949 0.1598201 0.5766665 6.35457e-4 -0.1733285 0.9848639 0 -0.1738554 -0.9847712 0 -0.1738549 -0.9847714 7.09995e-6 0.9681547 0.2503529 5.3099e-4 -0.1741045 -0.984727 5.32837e-4 -0.1740689 -0.9847334 0.8005088 0.5408921 -0.2581113 0.8043946 0.5362061 -0.2557975 0.8043985 0.5361997 -0.2557985 0.8043891 0.5362153 -0.2557957 1.48533e-4 -0.1738297 -0.9847758 3.22844e-4 -0.1740753 -0.9847323 0 -0.1737048 0.9847978 -6.0982e-4 -0.1739476 0.9847548 2.34885e-5 -0.3728052 -0.9279096 0 -0.371179 -0.9285613 -0.1097813 -0.1101369 -0.987835 -0.1097803 -0.1101359 -0.9878352 -0.1097809 -0.1101366 -0.9878351 -6.68593e-5 0.9396271 -0.3422002 -7.56716e-5 -0.3757473 -0.9267222 -9.1623e-5 0.9396257 -0.3422039 -5.18672e-5 -0.3750116 -0.9270201 1.72103e-4 -0.1738558 -0.9847712 1.80958e-4 -0.1739223 -0.9847594 1.1374e-4 -0.173795 -0.9847819 0 0.9396381 -0.3421701 -2.15984e-4 -0.1735309 -0.9848284 -1.55411e-4 -0.3768473 -0.9262755 -1.55434e-4 -0.3768473 -0.9262754 -1.5545e-4 -0.3768473 -0.9262754 0.03402733 -0.2000188 -0.979201 0.03402745 -0.2000185 -0.9792011 0.03402745 -0.2000179 -0.9792012 -4.30608e-4 -0.173395 -0.9848523 0.8018019 0.5393709 -0.2572796 0.8011202 0.5401553 -0.2577571 0 -0.1737205 -0.984795 -5.97502e-5 -0.173721 -0.984795 -0.9760918 -0.1961922 0.09356033 0.7816084 -0.2758513 -0.5594592 2.54471e-4 0.374638 0.9271712 2.82625e-4 0.374659 0.9271627 0.002332746 -0.3636587 -0.9315294 -2.89986e-4 -0.3760159 -0.9266132 0.8007098 0.5406301 -0.2580368 0.1296074 -0.2383598 -0.9624897 0.1296078 -0.2383636 -0.9624887 0.1296074 -0.2383601 -0.9624897 0.9063426 -0.4216393 0.02763015 0.8006497 0.1601334 0.5773364 -0.003154754 -0.3865181 -0.9222765 -0.003154814 -0.3865181 -0.9222765 -0.003154814 -0.3865181 -0.9222765 0 -0.1737024 0.9847982 -3.58672e-4 -0.3773895 -0.9260545 0.9061886 -0.4219732 0.02758616 0.9062079 -0.4219342 0.02754831 8.85964e-4 -0.1732847 0.9848714 1.39701e-4 -0.3731638 -0.9277656 1.47155e-4 0.9681571 0.2503437 -8.61509e-4 -0.174376 0.9846788 1.59124e-4 0.03351086 0.9994384 -0.603901 0.7149523 0.3523447 0.9731217 -0.2297989 0.01505982 -7.27049e-4 -0.3781496 -0.9257443 -7.27063e-4 -0.3781496 -0.9257443 -7.27055e-4 -0.3781495 -0.9257443 -0.6046928 0.7142876 0.3523349 5.767e-4 -0.173234 0.9848806 -3.7653e-4 -0.3759029 -0.926659 0.9735896 -0.2277635 0.01572275 -0.5968762 0.6675382 0.4451198 0.8017452 0.1595427 0.5759781 0 -0.1737006 0.9847985 -5.2828e-4 -0.1740888 0.9847298 0.9726507 -0.231832 0.01430541 0.9746243 -0.2231874 0.01717555 -6.23009e-4 0.9777684 -0.2096871 -3.60963e-4 0.307264 -0.9516243 0.9712945 -0.2375715 0.01212245 -0.6047388 0.662659 0.4417852 -0.6046949 0.6617061 0.4432712 1.14386e-4 0.309431 -0.9509219 8.3895e-4 -0.3712635 -0.9285273 -0.6049025 0.6609686 0.4440874 0.9730844 -0.2299522 0.01512593 8.98366e-4 -0.3712047 -0.9285507 0.9731131 -0.2298365 0.01504057 0.9727776 -0.2312915 0.01442784 0.9711184 -0.2382965 0.01200097 0.976213 -0.2158898 0.01999461 0.9736421 -0.2275243 0.01593261 0.9731493 -0.2296813 0.01507043 0.9734041 -0.2286525 0.01422935 0 0.7662234 -0.6425743 -0.7821176 0.5191135 0.3446932 -7.17343e-4 -0.3764699 -0.9264287 0.9731045 -0.2298783 0.01495385 1.31928e-4 -0.1738181 -0.9847778 -0.6296889 0.6403477 0.4398258 0.997681 -0.06792008 0.004444718 -0.003795981 -0.3854418 -0.9227244 -0.8007153 0.4937957 0.339147 6.75023e-4 -0.4995394 0.8662909 -0.06474304 0.9786929 0.1948558 -0.06471276 0.9787001 0.1948292 8.49999e-5 -0.373841 -0.9274928 8.66644e-5 0.5000558 -0.8659933 1.66598e-5 0.765929 -0.6429252 0.9976971 -0.06768304 0.004412889 0.04447168 -0.9289005 0.3676496 0.04450577 -0.9288946 0.3676601 0.04447686 -0.9288999 0.3676505 0.9976939 -0.06773561 0.004352271 0.9976876 -0.0377469 -0.0565204 0.005357086 -0.3726165 -0.9279699 -3.06467e-6 -0.939613 0.342239 2.16629e-4 -0.9395556 0.3423963 0.9976917 -0.03766286 -0.05650669 0.906169 -0.1872165 -0.3792201 0.9063747 -0.1868839 -0.3788925 0.9731895 -0.1017273 -0.2062858 0.9976934 -0.0677368 -0.004423439 8.98466e-4 -0.4992671 0.8664477 0.9158474 -0.3996783 0.0384826 0.9165287 -0.3981264 0.03835129 0.9163746 -0.3984791 0.03837007 0.9732002 -0.1017228 -0.2062374 0.9216826 -0.3861707 0.03706133 0.9216825 -0.3861709 0.03706121 0.9216824 -0.3861713 0.03706133 0 -0.6426076 -0.7661954 0.9976908 -0.03004038 -0.06091541 0.9165475 -0.3980973 0.03820061 0 -0.422659 -0.9062889 2.08494e-5 -0.4226684 -0.9062844 0 -0.4226757 -0.906281 -5.03754e-4 -0.5003311 0.8658341 -0.01350241 -0.5081743 0.8611485 -0.01350235 -0.5081743 0.8611485 -0.01350241 -0.5081743 0.8611485 0.6039053 0.7546895 -0.2564026 0.9764443 -0.2147827 0.02061289 0.7817795 0.5904452 -0.2004876 0.9767851 -0.2132396 0.02049398 0.9767853 -0.2132387 0.02049392 0.9767852 -0.213239 0.02049386 0.7824085 -0.3459937 -0.5178081 -6.1735e-4 -0.5003311 0.865834 0.9979788 -0.063259 0.006058692 0.9979693 -0.06340491 0.006094276 0.4057987 0.865386 -0.2939978 0.9979782 -0.06326609 0.006096243 0.8011562 -0.5956974 0.05738747 0.7822148 -0.3461713 -0.5179823 0.8014999 -0.5952369 0.05736672 0.8012316 -0.5955998 0.05734962 0.8062233 -0.5891036 0.05441623 0.8062233 -0.5891036 0.05441623 0.8062232 -0.5891038 0.05441629 0.9061247 -0.235072 -0.3516805 0.9061331 -0.2350746 -0.351657 0.6043643 0.7544138 -0.2561324 -0.6044284 0.7813771 0.1552948 0 0.03559792 0.9993662 -2.35201e-5 0.0348584 0.9993923 7.61437e-4 0.03555256 0.9993676 -3.47649e-4 0.03494542 0.9993892 -0.7817546 -0.6222485 0.04082393 -0.7820974 -0.6218228 0.04074609 -7.17822e-5 0.0351265 0.999383 0.7820489 0.590137 -0.2003449 -3.60265e-4 0.03495442 0.9993889 4.01866e-5 0.03478431 0.9993949 0.001526057 0.03521549 0.9993787 -5.7362e-4 0.03501683 0.9993867 0 0.9063286 -0.4225737 6.71102e-7 0.9807471 0.1952826 0.8013377 -0.5954551 0.05736994 0.8008765 -0.5960853 0.0572642 -4.37735e-5 0.03430414 0.9994114 0 0.03693312 0.9993178 0.9979787 0.01695352 0.06124639 0.9979788 0.01696336 0.06124132 -0.8011516 -0.5957013 0.05741149 3.77192e-4 -0.1734027 0.984851 0.9979763 0.01699227 0.06127542 -1.30872e-4 0.03715646 0.9993095 -0.005473017 0.8944194 -0.4471955 -0.005473017 0.8944188 -0.4471969 -0.005473017 0.8944194 -0.4471956 4.96834e-4 0.02692973 0.9996373 0.001823544 0.9101338 -0.4143105 -0.005398631 0.8942178 -0.4475997 9.69869e-6 0.9063397 -0.4225499 0 0.9063273 -0.4225764 1.8396e-4 0.03357923 0.9994361 0.915889 0.1072041 0.3868524 0.9062469 -0.2348678 -0.3515022 -0.004712164 0.8961092 -0.4438086 -0.004712581 0.8961071 -0.4438129 -0.004711449 0.8961094 -0.4438083 0.9741743 -0.1266197 -0.1869547 0.8012138 -0.5956243 0.05734431 0.9777957 -0.1227472 -0.1698491 0.9714603 -0.1296786 -0.1986163 -0.7816449 0.5906175 0.2005047 -0.78185 0.5903651 0.2004485 0.9711848 -0.1299117 -0.1998076 1.24953e-4 0.03417909 0.9994158 4.53972e-5 0.03431057 0.9994112 -0.001131892 0.04489243 0.9989912 0.9731542 -0.1278223 -0.1913965 -8.23932e-5 0.03482359 0.9993935 4.3599e-4 0.03169423 0.9994976 4.79958e-6 0.9847813 -0.1737982 -1.84472e-4 0.03569543 0.9993627 0.001985847 -0.8551108 0.5184416 0 0.996203 0.08706122 4.84962e-6 0.9961813 0.08730918 0.9732142 -0.1278523 -0.1910707 0.9738043 -0.1272109 -0.1884742 0.8012209 -0.5956133 0.05735677 0.801087 -0.5957931 0.05736178 0.8004917 -0.5965831 0.05746078 0.8016415 -0.5950506 0.05732113 -2.29663e-4 0.9952021 0.0978412 -2.2975e-4 0.9952021 0.09784114 -2.29726e-4 0.9952021 0.09784114 0.8013695 0.1597365 0.5764472 -6.498e-4 0.03722119 0.9993069 -0.001943647 0.9898666 -0.1419878 0 -0.4225525 -0.9063385 3.98596e-6 0.9846591 -0.1744893 0.9731847 -0.1278867 -0.1911974 0.9732114 -0.1277639 -0.1911442 -8.68764e-4 0.03810769 0.9992734 0 0.9847645 -0.1738938 0 0.9961856 0.08726119 0.9678248 -0.1329534 -0.2136318 0.9678248 -0.1329534 -0.2136318 0.9678248 -0.1329534 -0.2136318 0.9738355 -0.1271631 -0.1883456 0.9755195 -0.1256194 -0.1805034 0.9755195 -0.1256193 -0.1805034 0.9755195 -0.1256193 -0.1805034 0.9730458 -0.1279 -0.1918948 0.9731541 -0.1278868 -0.1913537 -6.52972e-5 0.03512752 0.9993829 1.0257e-6 0.9961822 0.0873 0 0.9779707 -0.208742 -1.23563e-4 0.978097 -0.20815 1.17787e-4 0.9781457 -0.2079212 -6.92121e-5 0.9781443 -0.2079272 2.18173e-4 0.03371226 0.9994317 -1.01631e-4 0.9781143 -0.2080683 -0.4053648 0.9121955 0.05982458 3.217e-4 0.9780788 -0.2082351 -2.15399e-4 0.9781209 -0.2080375 -0.001657009 0.04084748 0.9991641 -0.4044986 0.8970111 0.1781911 0.002253234 0.9780541 -0.2083397 -5.00195e-4 0.9781073 -0.2081008 -2.3277e-4 0.03575199 0.9993607 -0.4053753 0.8965706 0.1784156 0.8011469 0.1598421 0.5767271 0.8456292 0.1418622 0.5145742 0.8456293 0.1418621 0.5145741 0.845629 0.1418622 0.5145742 0.8018634 0.1595928 0.5757998 -0.4044652 0.8970233 0.1782056 -3.10898e-5 0.9778626 -0.2092485 0 0.9774228 -0.2112929 -0.7818514 -0.6221272 -0.04082047 1.24776e-4 0.9789451 -0.2041238 1.24788e-4 0.9789451 -0.2041238 1.24798e-4 0.9789451 -0.2041238 0 -0.1736347 -0.9848102 -0.7821927 -0.6217104 -0.0406329 1.14717e-4 0.9788696 -0.2044856 -6.29328e-5 0.03524589 0.9993788 -0.629274 0.7524366 0.1945599 -0.7818711 -0.6114752 -0.1215547 -6.35909e-5 0.9781062 -0.2081068 -1.82255e-4 -0.173708 0.9847972 9.12204e-4 0.03429144 0.9994115 0.001078903 0.03416818 0.9994155 -0.801382 0.5791556 0.1495516 -6.9652e-5 0.9780278 -0.2084747 2.75167e-4 0.9786999 -0.205296 -0.4048219 0.8968001 0.1785187 -0.4053061 0.8965928 0.1784615 -0.6040925 -0.7816123 -0.1554177 3.88809e-4 0.9785764 -0.2058835 -3.70449e-4 0.3086295 -0.9511823 1.37576e-4 0.3094214 -0.950925 -0.6045141 0.7813267 0.155214 0.004640042 0.02041631 0.9997808 3.2259e-6 0.9780842 -0.2082102 -0.6043242 0.7814542 0.1553119 -0.6042977 0.7814783 0.1552938 0.8006743 0.1600643 0.5773216 0.9976919 -0.06659871 -0.01325684 0.9976922 -0.06659489 -0.01325362 0.80087 0.5404207 -0.2579783 0.8011186 0.5401514 -0.2577702 -0.06471383 0.9786911 0.1948742 -0.06461828 0.97869 0.1949117 0.8011562 0.5401319 -0.2576946 0.9976907 -0.06661689 -0.01324909 0.8009734 0.5403444 -0.2578169 7.12266e-5 0.9781009 -0.2081313 2.03247e-4 0.9782542 -0.2074098 -0.2207006 0.9565723 0.190423 -0.2204366 0.9566227 0.1904749 -0.2204281 0.9566241 0.1904781 0.9063971 -0.2785456 -0.3175794 0.9976904 -0.06431728 -0.02184659 -0.002830147 0.9751948 -0.2213306 -2.17953e-4 0.9779728 -0.2087324 0.997688 -0.06435513 -0.02184313 -0.2202799 0.9566661 0.1904381 0.8010199 0.5402745 -0.2578193 -7.70016e-4 -0.1741599 0.9847171 -8.86331e-4 -0.1741495 0.9847188 -0.001080811 -0.1742446 0.9847019 0.9065503 -0.4139689 -0.08244103 6.95719e-4 -0.1732386 0.9848796 0.001012504 -0.1731377 0.9848972 0.906309 -0.4217112 -0.0276395 5.38638e-4 -0.3725714 -0.9280034 4.56426e-4 -0.1734098 0.9848497 2.13849e-4 -0.1734905 0.9848355 3.30203e-4 -0.1735193 0.9848304 0.9731297 -0.1518291 -0.1731091 0.9731643 -0.2256669 -0.04500842 0.9730017 -0.1520619 -0.173623 -9.1281e-4 -0.1742897 0.9846941 0.9731289 -0.2258271 -0.04497295 0.9731326 -0.2258128 -0.04496115 -6.07485e-4 -0.1741153 0.9847251 -2.23711e-4 0.1738668 -0.9847692 0.9730966 -0.1519284 -0.1732076 0.9731373 -0.1518454 -0.1730517 -1.57535e-4 -0.1737129 0.9847964 -2.41012e-5 -0.173672 0.9848036 0.00184518 -0.17254 0.9850008 0.9976888 -0.04480624 -0.05108249 0.9977045 -0.037624 -0.0563057 0.9731081 -0.2259168 -0.04496973 -0.405378 0.8655532 0.2940859 0.9062072 -0.421934 -0.0275765 -0.603901 0.754687 0.25642 -0.6038939 0.7546929 0.2564194 0.9731495 -0.2296837 -0.01502221 -0.6043664 0.7544081 0.2561441 -0.7818235 0.5591728 0.2758222 0.9731304 -0.2297617 -0.01505905 -0.9068331 0.378009 0.1864485 0.9976924 -0.06775367 -0.004431366 0 0.968155 0.2503517 -2.33304e-4 0.7660018 -0.6428384 2.9224e-4 0.7658157 -0.6430602 -0.7820547 0.5588645 0.2757914 -0.9067209 0.378189 0.1866291 -0.9729039 0.2073585 0.1022762 0.8015439 0.1596282 0.5762346 -0.9976879 -0.0678187 0.004421651 -0.9728928 0.2074086 0.1022809 -0.997693 -0.06773835 0.004506647 0.7817744 -0.6116039 -0.1215299 -7.51206e-4 0.9776768 -0.2101129 -0.7821907 -0.6217091 0.04068809 0.9063186 -0.4144906 -0.08236515 0.9063186 -0.414492 -0.08236026 0.9160553 -0.2328265 -0.3265495 0.9165924 -0.2321248 -0.3255406 -0.9068382 0.3518666 0.2320224 1.07566e-4 0.978196 -0.2076839 0.002099454 0.9799057 -0.1994504 -0.7821549 -0.6217572 0.0406453 -0.9066047 0.3490912 0.2370722 -0.9064736 0.3514443 0.2340784 -0.9064736 0.3514443 0.2340784 -0.9064735 0.3514443 0.2340785 -0.002783 0.9760596 -0.2174855 -0.9065662 -0.4211746 0.02738314 -0.9728757 0.1924719 0.1283252 -0.9066687 -0.4209452 0.02751606 -0.9066659 -0.4209506 0.02752608 1.16871e-4 0.9782505 -0.2074277 -4.47293e-6 0.6427887 0.7660437 -4.07018e-5 0.9780914 -0.2081761 4.20899e-4 0.9782027 -0.2076525 -1.59223e-4 0.9781047 -0.2081139 -0.7820209 0.5185425 0.3457705 -0.005250573 0.5540328 0.8324784 -0.005250513 0.5540326 0.8324785 -0.005250453 0.5540325 0.8324786 0.9168533 -0.3865384 -0.09984076 0.9163751 -0.3875977 -0.1001242 -0.9068704 -0.4205071 0.0275644 0.9763293 -0.1255593 -0.1761134 -0.7824423 0.5167393 0.3475121 4.08521e-4 0.6493343 0.7605031 0 0.6427614 0.7660664 0.9979803 -0.0368874 -0.05171889 0.91625 0.1070206 0.3860474 0.9165499 0.1068228 0.3853896 0.9163867 -0.3875714 -0.1001196 0.9979798 -0.03689402 -0.0517227 -5.01932e-6 0.6427038 0.7661148 -7.63452e-4 -0.5004676 0.8657549 0.916492 -0.3873178 -0.1001371 -0.2347274 0.9410364 0.2436262 0.7670692 -0.6211302 -0.1606308 0.7670462 -0.6211597 -0.1606264 0.7670687 -0.6211308 -0.1606305 -0.7791814 0.521012 0.3484581 0.9762904 -0.2095723 -0.05419087 0.976395 -0.2091202 -0.05405294 -0.9030792 0.3568456 0.2389757 -0.9030792 0.3568457 0.2389757 -0.903079 0.3568456 0.2389757 0.8005908 -0.3477666 -0.487968 0.8013531 -0.3472688 -0.4870705 0.9979748 0.01697719 0.06130343 -0.6299704 0.7519452 0.1942058 0.9763826 -0.2091798 -0.0540471 0.9815166 -0.1852934 -0.04787158 0.9815156 -0.1852985 -0.0478717 0.9815155 -0.1852992 -0.04787164 0 -0.8478336 0.5302625 2.14679e-4 -0.8479169 0.5301293 6.89559e-5 -0.8478035 0.5303106 1.50105e-4 -0.8479431 0.5300872 -0.6292767 0.7524461 0.1945143 -0.6294051 0.7523445 0.1944917 0.9165509 0.1066181 0.385444 0.9979786 -0.06153452 -0.01588225 0.9979889 -0.06137508 -0.01585763 -5.96369e-5 -0.8480507 0.5299153 -0.8009696 0.4935188 0.3389496 2.20954e-4 -0.8479691 0.5300457 -9.34512e-5 -0.8479759 0.5300348 0.8014714 -0.5790188 -0.149603 0.9763473 0.05768245 0.2083718 0.001138091 -0.8478912 0.5301691 3.43856e-4 -0.8479501 0.5300762 0.9908114 0.03608566 0.130348 0.9908114 0.0360856 0.1303479 0.9908114 0.03608572 0.130348 -1.41326e-4 -0.3089288 0.9510852 3.86278e-5 -0.3088316 0.9511169 7.85786e-4 -0.4993249 0.8664145 7.65117e-4 -0.499409 0.866366 -0.2336363 0.9413728 0.2433752 0.8008967 -0.3475179 -0.4876433 0.8017928 -0.347048 -0.4865038 -3.35643e-5 -0.3088917 0.9510973 0.001704633 -0.4989507 0.8666287 -6.64607e-5 -0.8475693 0.5306847 1.24466e-5 -0.8489137 0.5285314 0 -0.8494086 0.5277359 0.8011967 0.1598386 0.5766589 0.006721317 -0.4965095 0.8680053 0.006721377 -0.4965096 0.8680053 0.006721258 -0.4965096 0.8680053 -0.4268084 0.8754744 0.22667 -0.4279648 0.8750243 0.2262269 0.8007823 0.15999 0.5771925 -0.9728361 -0.2309995 0.01514238 -0.4272197 0.8753139 0.226515 -0.01613426 -0.5074563 0.8615264 -1.05091e-4 -0.8473039 0.5311084 0 0.4226874 0.9062756 -0.9729319 -0.2305991 0.0150907 -0.6949596 0.7015537 0.1576506 -0.6949729 0.7015424 0.1576414 -0.6949816 0.7015353 0.1576355 -3.56612e-4 -0.9397301 0.3419173 4.62165e-5 -0.9395609 0.3423821 -5.39835e-4 -0.9397876 0.3417586 -0.9729217 -0.2306425 0.01507693 -7.17793e-5 -0.8476585 0.5305424 -0.9729059 -0.2307133 0.01501363 -1.02032e-5 0.9681555 0.2503498 0.002787709 0.8114445 0.584423 0 0.819117 0.5736266 0.8024365 -0.34665 -0.4857257 -0.9977047 -0.06757116 0.004422485 0 0.9681753 0.2502734 0 0.9681754 0.2502732 0 0.9681753 0.2502734 -0.06884956 0.9658728 0.2496986 1.60464e-4 -0.9392469 0.3432423 0 0.8191168 0.5736269 -9.84831e-4 -0.8434599 0.5371913 -9.84773e-4 -0.8434599 0.5371914 -9.8477e-4 -0.8434599 0.5371914 -0.2336559 0.9413701 0.2433667 0 0.9397527 0.3418551 0 0.9397522 0.3418565 -4.72118e-4 -0.9400192 0.3411213 -3.67656e-5 -0.9396308 0.3421902 9.22673e-5 -0.8489608 0.528456 -0.0689547 0.965851 0.2497541 -0.06899374 0.9658516 0.2497415 -0.06906443 0.9658446 0.2497488 -0.9976934 -0.06773841 -0.004423439 -6.54759e-4 -0.5004813 0.8657471 -0.2335503 0.9413939 0.2433761 -0.2343458 0.9411489 0.2435589 0 0.9681091 0.2505295 -0.9760712 -0.2164571 0.02077376 -0.9761648 -0.2160361 0.02075302 -0.9206512 -0.3886008 0.03729343 -0.9206513 -0.388601 0.03729337 -0.9206513 -0.3886009 0.03729319 -6.7179e-4 -0.5003653 0.8658142 -0.692123 0.6987583 0.1808384 -0.6921117 0.6987688 0.1808411 -0.6921109 0.6987698 0.1808407 -0.6299483 0.7519636 0.1942064 -0.6298949 0.7520138 0.194185 -0.9767938 -0.2131994 0.02049231 -0.9767942 -0.2131974 0.02049237 -0.9767945 -0.2131963 0.02049207 -0.9761596 -0.2160589 0.02076369 -8.36802e-4 -0.5004824 0.8657464 -0.6293765 0.7523615 0.1945188 -0.9979689 -0.06341141 0.006094276 0.9365302 0.09345811 0.3379007 0.9365304 0.09345823 0.3379002 0.9365305 0.09345823 0.3378999 1 -1.28187e-7 0 0.9763723 0.05761176 0.2082742 0.9763938 0.05759119 0.2081794 0 0.3092722 -0.9509735 -2.26539e-4 0.3085939 -0.9511939 -2.64943e-5 0.3091576 -0.9510108 -5.24238e-5 0.3091765 -0.9510047 1.32372e-4 0.3093912 -0.950935 -0.8008844 -0.5960588 0.05743044 1.75493e-4 0.3095015 -0.950899 1.94339e-5 0.30925 -0.9509809 -1.42538e-4 0.3089453 -0.9510798 7.98727e-5 -0.3744067 -0.9272646 0 -0.3744692 -0.9272395 3.01309e-5 -0.3744478 -0.927248 -6.92369e-4 -0.375713 -0.9267359 -0.8012711 -0.5955479 0.05733489 -0.781835 0.6115251 0.1215368 -0.7818726 0.6114866 0.1214888 6.20042e-5 0.3098138 -0.9507973 -7.50748e-5 -0.3745657 -0.9272004 -0.9173189 -0.3963211 0.03815603 -0.916519 -0.398153 0.03830343 7.3632e-4 -0.1732138 0.984884 -1.44803e-4 -0.9396491 0.3421398 -0.02110058 -0.9309191 0.3646156 -0.02109962 -0.9309195 0.3646144 -0.02109974 -0.9309195 0.3646146 -4.86988e-5 -0.939616 0.3422306 -3.31764e-5 -0.9396057 0.3422592 -0.9169729 -0.3971253 0.03810906 -0.7818878 0.6114664 0.1214931 -6.33278e-5 -0.9396345 0.3421801 0.001663625 -0.3733996 -0.9276692 0.001548588 -0.3734017 -0.9276685 0.001304149 -0.3735487 -0.9276098 0.001037657 -0.3736641 -0.9275636 -8.80337e-4 -0.3755078 -0.9268189 0.001244187 -0.3735565 -0.9276067 -0.7817823 0.6115998 0.1214998 6.95638e-6 -0.3092983 0.9509651 2.71359e-4 -0.3089758 0.95107 6.23466e-4 -0.37391 -0.9274648 0.253054 -0.9199911 0.2992994 0.2530526 -0.9199907 0.299302 0.2530512 -0.9199905 0.2993034 -0.001249194 -0.939617 0.3422257 -8.93028e-5 -0.9396412 0.3421615 -0.9067701 0.4135447 0.0821526 1.09201e-4 0.1736533 -0.9848069 1.06656e-4 0.1740105 -0.9847438 1 -5.86414e-7 0 -0.9069176 0.4131957 0.08227962 -0.04461109 0.02207553 -0.9987606 -0.04461193 0.02207541 -0.9987605 -0.04461073 0.02207565 -0.9987605 5.99774e-5 0.1736047 -0.9848155 -1.50877e-5 -0.9395735 0.3423472 -6.42766e-5 -0.9489877 0.3153132 -6.36991e-5 -0.9489853 0.3153203 -6.39308e-5 -0.9489865 0.3153168 1.6198e-4 0.173556 -0.984824 0.4731733 0.3332638 -0.8155013 0.473132 0.3332751 -0.8155207 0.4731702 0.3332645 -0.8155028 -2.7566e-4 0.173538 -0.9848272 0 -0.6428025 -0.766032 -5.45121e-4 0.1739113 -0.9847612 1.06188e-4 0.1735572 -0.9848239 0.06320416 0.182199 -0.9812282 0.06320613 0.1821988 -0.9812281 0.06320601 0.1821991 -0.9812281 0 -0.4225537 -0.906338 -0.9729921 0.2263979 0.04506057 -0.9727502 0.2274193 0.04514068 4.51954e-4 0.1732372 -0.9848802 7.38307e-4 0.1729252 -0.9849347 4.4046e-4 0.1732698 -0.9848744 2.58834e-4 0.1735354 -0.9848276 -7.57774e-4 0.03555244 0.9993676 3.59105e-4 0.03495436 0.9993889 3.46499e-4 0.03494536 0.9993892 7.17882e-5 0.03512662 0.999383 -4.02755e-5 0.03478431 0.9993948 2.34799e-5 0.03485876 0.9993923 -1.00812e-5 -0.6426779 -0.7661365 0.001947641 -0.8545415 0.5193794 0.7823697 0.5178074 -0.3460828 0 0.08708512 -0.9962009 -0.001526057 0.03521537 0.9993786 -0.9729028 0.2267572 0.04517954 -6.96999e-4 -0.8458508 0.5334193 -0.9976882 0.06665176 0.01326555 0.782288 0.5179085 -0.3461163 0.8018231 -0.3469706 -0.4865089 2.6523e-5 -0.1736376 0.9848097 0 0.03559851 0.9993662 -0.002037048 -0.842697 0.5383844 0.7802041 0.5201643 -0.3474345 0.7802041 0.5201644 -0.3474345 0.7802041 0.5201643 -0.3474345 4.45928e-6 -0.1736941 -0.9847997 0 -0.1738156 -0.9847783 -0.9976983 0.0665071 0.01322716 1.19494e-4 -0.8481825 0.5297042 0.8006686 -0.3477492 -0.4878528 0.5917311 0.6702529 -0.4479013 0.5917311 0.6702527 -0.4479012 0 0.034451 0.9994064 -3.41612e-5 0.03442758 0.9994073 1.22621e-4 0.0342133 0.9994146 1.08664e-4 -0.8481624 0.5297365 -4.8221e-4 -0.8469219 0.5317172 -0.9729043 0.2189518 0.07427912 -0.9728788 0.2190622 0.07428771 -5.00775e-5 0.03470325 0.9993978 -2.05445e-5 0.03448283 0.9994053 1.16603e-4 0.03433609 0.9994103 -5.65766e-5 -0.8480521 0.529913 -5.65928e-5 -0.848052 0.529913 -5.65831e-5 -0.848052 0.529913 -0.9728446 0.219181 0.07438653 -0.972912 0.2189241 0.07426011 -1.93582e-4 -0.8476071 0.5306243 -0.9976912 0.06431204 0.0218265 0.6299977 0.7008895 -0.33445 -0.9066653 -0.4209529 -0.02751225 0.9063739 0.3788943 0.1868836 -0.7817995 0.5904106 0.2005119 -0.7819272 0.5902729 0.2004193 0.9062629 0.3790701 0.1870653 -0.9070479 0.3987258 0.1352111 0.7818088 -0.6221804 0.04082524 -0.9074499 0.3979926 0.1346729 0.4292294 0.8151168 -0.3890334 6.00065e-4 -0.8482116 0.5296572 0.00226581 -0.8486305 0.5289812 -0.9068238 0.3991142 0.1355676 -0.9067282 0.3993247 0.1355867 0.9062762 0.3513498 0.2349825 0.004922926 -0.8560772 0.5168247 0.9062972 0.3527686 0.2327652 0.4056383 -0.9120721 0.05984985 0.8007942 0.5405489 -0.2579448 0.9731299 0.1914006 0.1279997 -7.75132e-5 0.7661889 -0.6426154 0.4058502 -0.9119828 0.05977642 8.00506e-4 0.7644246 -0.6447127 0.4058498 -0.911983 0.05977451 0.7980442 0.5438342 -0.2595574 0.7980455 0.5438326 -0.2595568 0.7980498 0.5438272 -0.2595544 0.6298674 0.7009523 -0.3345639 0.4060502 -0.911891 0.05981755 -0.801153 0.5794497 0.1496393 0.8112566 -0.3356951 -0.4787188 0.8112477 -0.3356993 -0.4787309 0.8112507 -0.335698 -0.4787267 -0.8440971 0.5190975 0.1343055 -0.8440971 0.5190976 0.1343055 -0.8440973 0.519097 0.1343061 0.604196 -0.7951277 0.05214726 -0.9167634 0.3867029 0.1000288 -0.916655 0.3869414 0.1001 7.19259e-5 0.7658799 -0.6429837 -8.17323e-5 0.7660878 -0.642736 0.6042231 -0.7951054 0.05217176 -0.01736807 -0.5216368 0.852991 -0.01736807 -0.5216368 0.852991 -0.01736807 -0.5216368 0.8529909 -1.37976e-4 0.7661051 -0.6427154 0.6296935 0.7011055 -0.3345704 -0.9067681 -0.4207273 -0.02757543 -2.75969e-4 0.7106089 -0.7035872 -2.75503e-4 0.710636 -0.7035598 -2.75589e-4 0.7106056 -0.7035905 -2.65458e-5 0.3095328 -0.9508888 2.54005e-5 0.3095839 -0.9508722 1.24947e-5 0.3096079 -0.9508644 0.7824243 0.5174911 0.3464324 -0.9729048 -0.2307137 -0.01508951 0.9026489 0.3577519 0.2392459 -0.9728854 -0.2307926 -0.01512616 -0.7817795 -0.6115945 -0.1215453 -0.7818362 -0.6115221 -0.1215436 -0.8903092 0.4408177 0.1141462 -0.8903103 0.4408158 0.1141455 -0.8902998 0.4408364 0.114147 -2.85708e-4 0.4996469 0.8662292 -2.91969e-4 0.499617 0.8662465 -0.8016223 0.5787844 0.1497006 0.04366004 0.5293246 0.8472952 0.04367578 0.5293249 0.8472943 0.0436939 0.5293242 0.8472939 -7.05439e-5 0.4999271 0.8660676 0.01575922 0.5145592 0.85731 0.01575958 0.5145586 0.8573104 0.01575881 0.51456 0.8573096 3.82882e-4 0.5003343 0.8658323 -5.88397e-4 -0.500463 0.8657577 -0.9177113 0.3845942 0.09946525 -0.7818362 -0.611513 -0.1215894 -5.88907e-5 0.4998621 0.8661051 -0.8036085 -0.282401 0.5238924 -0.8036053 -0.2823967 0.5238995 -0.8036058 -0.2823977 0.5238981 1.85773e-4 0.5000141 0.8660173 1.3919e-5 -0.580612 -0.8141804 -1.94696e-5 -0.580621 -0.814174 -8.69342e-5 0.4997588 0.8661646 -3.72633e-6 0.49989 0.866089 -0.9729418 -0.2266044 -0.04510831 -1.16476e-4 0.3092873 -0.9509687 -2.36231e-4 0.308959 -0.9510753 -6.88017e-5 0.3090234 -0.9510544 0 0.3094438 -0.9509178 -0.9727824 -0.2272845 -0.04512333 0 -0.5806251 -0.8141711 9.63444e-7 0.3093214 -0.9509577 8.26321e-5 0.3096143 -0.9508623 -2.52505e-4 0.3092706 -0.9509741 -0.9976919 -0.06659871 -0.01325643 -4.15281e-5 -0.5806236 -0.8141722 -9.08577e-5 0.3091151 -0.9510247 2.10774e-4 0.3096715 -0.9508436 -9.27127e-5 0.3091134 -0.9510252 -3.99932e-5 0.3092066 -0.9509949 -0.9728869 -0.2268214 -0.04520303 0.6045461 0.6622939 -0.4425956 0.6042585 0.6625328 -0.4426309 -5.60383e-5 0.3092225 -0.9509897 -5.75615e-5 0.3091872 -0.9510012 0.006305396 -0.4915701 0.8708152 0.006305694 -0.49157 0.8708153 0.006305217 -0.4915702 0.8708152 -4.75857e-4 -0.5003393 0.8658293 -0.9728992 -0.2267787 -0.04515051 0.782219 0.4684814 -0.4106807 -3.21198e-5 0.3093091 -0.9509615 -0.9976924 -0.06775349 -0.004431486 4.94288e-6 0.3090505 -0.9510457 0.001076519 0.3105345 -0.9505616 -2.25055e-4 -0.500768 0.8655815 0 0.3091782 -0.9510042 -3.13698e-4 0.3074826 -0.9515538 -3.27476e-4 0.307394 -0.9515824 0.8013603 -0.3472571 -0.4870672 -0.997692 -0.06659668 -0.01325571 0.7822028 0.5180252 -0.3461341 -9.79576e-4 -0.1741902 0.9847117 -0.9761627 0.2101107 0.05440682 0.91016 0.3443701 -0.2302569 0.6296241 -0.4512118 -0.6324408 -0.9169231 0.3863247 0.1000268 3.13889e-4 0.034909 0.9993906 -0.9761044 0.2103832 0.05439758 -5.71542e-5 -0.1736457 0.9848083 0.7817516 0.6116487 0.1214513 -0.9976905 -0.06662029 -0.01325011 0 -0.17357 0.9848216 -0.8010902 0.5795352 0.1496448 0.973197 0.1912221 -0.1277569 0.9729979 0.1920552 -0.1280236 -1.98442e-5 -0.1736425 0.9848088 0.8011757 -0.3474714 -0.487218 0.80098 -0.3477123 -0.4873676 -9.50812e-4 -0.1747598 0.9846107 -0.9168434 0.3865173 0.100013 0.7818697 0.6114771 0.1215547 2.22142e-4 -0.1731367 0.9848978 2.25219e-5 -0.1737162 0.9847958 0.971299 0.1976791 -0.1322926 0.9731772 0.1913072 -0.12778 4.66522e-4 -0.1734122 0.9848492 0.9063316 0.4144753 0.08230054 0.8017926 -0.3469498 -0.4865742 4.77972e-4 -0.1733248 0.9848647 -0.9068025 -0.41347 -0.08216893 0.997691 0.0564754 -0.03772509 1.70971e-4 -0.1735413 0.9848266 0 -0.173615 0.9848136 0 -0.173615 0.9848136 0 -0.1736153 0.9848136 -0.9067761 -0.4135178 -0.08222115 -0.9761514 0.2101595 0.05441856 8.46994e-5 -0.1735998 0.9848164 0.09298759 -0.09392017 0.9912277 0.09299176 -0.09391921 0.9912274 0.09298908 -0.09391975 0.9912276 -0.9069949 -0.413024 -0.08228874 0.9976907 0.06431716 -0.02183377 -0.4280663 0.8749762 0.226221 -0.4279116 0.8750483 0.2262345 -0.9068564 -0.4133275 -0.08229213 0.9730221 0.226304 0.0448839 -0.9761031 -0.2103883 -0.05440258 0.06970518 -0.5792097 -0.812193 0.973111 0.2259057 0.04496276 -0.9811696 -0.1870076 -0.04831689 -0.9811696 -0.1870073 -0.04831683 -0.9811699 -0.1870053 -0.04831773 -0.9761623 -0.2101411 -0.05429607 2.33422e-4 -0.1735203 0.9848303 0.7817675 0.5904499 0.2005209 -0.9979787 -0.06153404 -0.01588225 1 -6.50967e-7 0 -2.5343e-4 -0.1740579 0.9847354 3.64355e-4 -0.1734312 0.984846 0.09920239 -0.1001273 0.9900169 0.09916538 -0.1001554 0.9900178 0.09916657 -0.1001546 0.9900177 0.7823419 0.4683393 -0.4106089 4.99968e-5 -0.173641 0.9848091 -2.78993e-4 -0.1742922 0.984694 0.906365 0.4000659 0.1358299 0.9064272 0.3999291 0.1358178 0.9063788 0.3175292 -0.2786623 -0.1285238 -0.2389488 0.9624891 -0.1285242 -0.2389492 0.9624889 -0.128524 -0.238949 0.962489 -6.04943e-4 -0.1742173 0.9847071 2.28849e-4 -0.1736307 0.9848108 -5.39079e-4 -0.1741339 0.9847219 -1.09156e-4 -0.1737593 0.9847882 0.9065437 0.3997472 0.1355751 -2.40152e-4 -0.1737938 0.984782 -0.801244 -0.5793195 -0.1496564 -3.33426e-4 -0.1740973 0.9847285 0.9060493 0.3182247 -0.2789403 0.9059652 0.3183317 -0.2790915 -2.18446e-4 -0.1738092 0.9847793 -0.9168566 -0.386537 -0.09981524 0.8001039 -2.23692e-7 0.5998615 0.8001024 -2.20367e-7 0.5998635 0.8001023 -1.29745e-7 0.5998636 2.4421e-4 -0.1737555 0.9847888 0.1990742 -0.09869909 0.9750016 0.1990734 -0.09869962 0.9750016 0.1990737 -0.09869956 0.9750016 1.451e-5 -0.1736179 0.9848132 0.9718217 0.1777722 -0.1547888 0.9729053 0.1738132 -0.1524608 -0.06512546 0.9957553 0.06503999 0.9750384 0.2106282 0.07025605 0.9736003 0.2162721 0.07299888 7.31139e-5 -0.17368 0.9848022 -0.06473749 0.9957714 0.06518065 -3.84744e-5 -0.3088262 0.9511185 -2.70554e-4 -0.3089798 0.9510687 -6.92879e-6 -0.3093069 0.9509624 0.9720001 0.2222718 0.07623147 0.9757634 0.2077579 0.0687204 0.9711164 0.2254966 0.07800179 0.9711164 0.2254965 0.07800185 0.9711164 0.2254967 0.07800185 0.9719036 0.2226716 0.07629394 0.9749154 0.1664553 -0.1477586 0.9713173 0.1795072 -0.1559481 0.9713174 0.1795072 -0.1559481 0.9713174 0.1795071 -0.1559481 -0.2196508 0.9735042 0.06358528 -0.2204297 0.9733119 0.06383526 -9.6263e-6 -0.1737852 0.9847837 0.9731784 0.2178829 0.07383108 0.973125 0.2180715 0.07397699 -0.405411 0.9121758 0.05980998 0.9716463 0.178424 -0.1551397 0.9752266 0.1653559 -0.1469373 0.9725628 0.1751487 -0.1531164 0.9725627 0.1751487 -0.1531164 0.9725628 0.1751487 -0.1531164 0.9734378 0.1719556 -0.151163 0.9734378 0.1719572 -0.1511611 0.9734378 0.1719573 -0.1511611 0.973092 0.1732356 -0.1519255 0.9731294 0.173093 -0.1518485 0.9732535 0.1726003 -0.1516146 1 3.87308e-7 0 0.9730679 0.2182896 0.07408457 0.9716394 0.2236343 0.07684218 0.9716393 0.2236343 0.07684218 0.9716394 0.2236343 0.07684218 0.9739356 0.2150063 0.0722627 0.9730623 0.218302 0.07412308 0.9731877 0.172914 -0.1516788 -0.6043002 0.7950496 0.05212968 -0.6041952 0.7951265 0.05217248 -1.05885e-4 0.1735614 -0.9848231 -0.06292986 0.1821435 -0.9812561 -0.06292951 0.1821435 -0.9812562 -0.06292885 0.1821435 -0.9812563 -0.7818508 0.6221279 0.04082131 -4.47796e-4 0.1736304 -0.9848108 1.16943e-4 0.3092808 -0.9509708 -0.9761781 -0.2100653 -0.05430388 -0.9168142 -0.3866226 -0.09987342 -0.6954613 -0.6956806 -0.1798946 -0.6954608 -0.6956813 -0.1798944 -0.6954571 -0.6956846 -0.1798956 -0.9169169 -0.3863751 -0.09988975 5.07674e-4 -0.6651433 -0.7467156 -0.888556 -0.4441889 -0.1147369 -0.888556 -0.4441889 -0.114737 -0.8885565 -0.4441877 -0.1147379 -5.09581e-5 0.9978523 -0.06550496 -8.89416e-6 0.9978646 -0.06531816 2.40788e-5 0.9978667 -0.06528514 1 0 0 0.001350879 -0.6622154 -0.7493124 -0.06481796 0.9957661 -0.06518119 -0.9168645 -0.386499 -0.09989005 1 -3.79318e-7 0 1 6.36977e-6 0 -0.06505388 0.9957634 -0.06498652 5.41345e-4 0.1739087 -0.9847617 -2.39762e-4 0.1737697 -0.9847864 0.1237916 0.1237884 -0.9845569 0.1237912 0.1237882 -0.984557 0.1237959 0.1237898 -0.9845561 2.74524e-4 0.1735367 -0.9848275 0.001104176 0.3097817 -0.9508072 -0.0651254 0.9957535 -0.06506633 -4.66606e-4 0.1741511 -0.9847189 -0.2205537 0.9732789 -0.06390804 -0.8011279 -0.5794751 -0.1496759 -0.9167472 -0.3867763 -0.09989321 7.61627e-6 0.7519814 -0.6591845 0.9731485 0.2179889 0.07391083 0.9731671 0.2179082 0.07390558 -0.8010498 -0.5795848 -0.1496693 0.9731569 0.1729778 -0.151804 -0.2186837 0.7335649 -0.6434749 -0.2196829 0.9734969 -0.0635876 -0.2199147 0.9734479 -0.06353712 -0.2196503 0.973502 -0.06362199 -0.2190443 0.7335846 -0.6433298 3.24942e-4 0.173195 -0.9848875 3.21039e-4 0.1727277 -0.9849696 -0.7821953 0.6217099 -0.04058969 0.9976912 0.06431204 0.02182656 0.1603798 0.08018982 -0.9837926 0.1603799 0.08018994 -0.9837927 0.1603803 0.08019006 -0.9837926 4.86623e-4 0.1731607 -0.9848935 2.1936e-4 0.1735212 -0.9848302 0.9731718 0.1729398 -0.1517514 -0.7814335 0.6226397 -0.04100751 -0.4052061 0.9122607 -0.05990445 -0.7818086 0.6221783 -0.04086083 0.9976903 0.06432539 0.02182531 4.81627e-4 0.1732634 -0.9848755 0.9061342 0.2350537 -0.3516682 0.9976906 0.06432062 0.02182376 -1.20604e-4 0.1737956 -0.9847818 -8.0351e-5 0.173707 -0.9847974 1.82447e-5 0.1732538 -0.9848773 -0.4053561 0.9122012 -0.05979484 0.9062182 0.2348995 -0.351555 -0.4053745 0.9121928 -0.05979967 -3.19751e-5 0.1737378 -0.984792 0.916642 0.3869825 0.1000609 -0.4054108 0.9121748 -0.05982643 0.9976931 0.05103528 -0.04476541 0.997694 0.05103224 -0.04474979 0.9062107 0.2787482 -0.3179333 0.9062259 0.278711 -0.3179228 -0.604198 0.7951216 -0.05221658 -0.6041936 0.7951253 -0.05221015 0.9063191 0.2786609 -0.3177009 0.9976947 0.05102318 -0.04474544 0 0.4226681 0.9062846 -0.6044589 0.7949308 -0.05210292 0 0.1737689 0.9847865 0.8021067 0.5781456 0.1495743 0.8015671 0.5788617 0.1496975 0 0.6427627 0.7660654 0.9730702 0.1519081 -0.1733735 0.9731284 0.1518396 -0.1731063 0.9731307 0.1518286 -0.1731038 0.9982191 0.0496245 -0.03310656 0.9982191 0.0496245 -0.03310656 0.9982191 0.04962438 -0.03310656 0.9976944 0.05642259 -0.03771531 0 0.3094367 -0.9509201 9.23141e-5 0.3091167 -0.9510242 2.36515e-4 0.3089574 -0.9510759 6.87974e-5 0.3090216 -0.9510551 1.73464e-4 -0.0341165 -0.9994179 7.34804e-5 -0.03428596 -0.9994121 0 0.1737689 0.9847865 0 -0.08734899 0.9961778 0 -0.08728212 0.9961837 9.12693e-5 0.3091146 -0.9510248 4.63644e-4 0.3091146 -0.9510247 0.9163849 0.2804827 -0.2856019 0.8013045 0.5792002 0.1497949 0.8011232 0.5794373 0.1498481 7.2089e-5 0.6427903 0.7660422 6.0441e-4 0.6429029 0.7659475 -4.63504e-4 0.3065795 -0.951845 0 0.4225533 0.9063382 0.6041687 -0.7951475 0.05216026 -0.9976972 -0.05099457 -0.04471909 -2.34061e-4 -0.03479951 -0.9993943 -0.9976933 -0.04477727 -0.05102312 0.7821928 -0.6217113 0.04061359 0.7822134 -0.6216837 0.04064267 0.9979807 0.04450911 -0.0453183 0.9979801 0.0445137 -0.0453248 -0.9976972 -0.04471886 -0.0509963 -0.6299214 0.7730759 -0.07451736 0.8008689 -0.3476801 -0.4875732 0 -0.766162 0.6426476 0 -0.5806257 -0.8141707 0.2202858 -0.9733417 0.06387722 2.78207e-5 -0.03443151 -0.9994071 0.2194338 -0.9735549 0.06356018 -0.7821884 -0.4685004 -0.4107174 -0.7818152 0.611555 -0.1215136 0 -0.7660471 0.6427845 0.2194226 -0.9735569 0.0635668 -0.7820715 -0.4685704 -0.4108601 0.2489489 -0.9657564 0.07306921 0.248946 -0.9657573 0.0730682 0.2489187 -0.9657645 0.07306474 -1.22987e-5 -0.03459233 -0.9994015 -0.9065012 -0.3174692 -0.2783325 -1.63964e-5 -0.03459566 -0.9994014 -1.31395e-5 -0.03456366 -0.9994025 2.61088e-5 -0.03445798 -0.9994062 -4.22825e-4 0.3071133 -0.9516729 9.97614e-5 -0.03441417 -0.9994077 3.64669e-4 -0.03392988 -0.9994242 -6.3299e-5 -0.03466784 -0.999399 -8.47684e-5 0.3074126 -0.9515764 -0.8007605 0.5962274 -0.05740708 1.1076e-5 -0.0345059 -0.9994045 0 -0.9978637 0.06533098 1.24906e-4 0.3116375 -0.9502011 4.26226e-4 -0.8481898 0.5296924 -2.13028e-4 -0.0358814 -0.9993561 -3.12042e-4 -0.03627574 -0.9993418 -0.9068937 -0.3166936 -0.2779373 -2.88092e-4 -0.8475736 0.530678 -4.86225e-5 0.3109657 -0.9504212 0 0.3079172 -0.9514132 -0.8007303 0.5962678 -0.05740916 0.06461435 -0.995778 0.06520205 -2.08641e-4 -0.8478112 0.5302983 -0.9729173 -0.1737333 -0.152476 -0.9729188 -0.1737292 -0.1524707 -2.37291e-4 0.3051053 -0.9523186 4.35048e-5 -0.8480942 0.5298454 -1.51619e-4 -0.847981 0.5300267 0 -0.8479816 0.5300259 0.001137912 0.3164665 -0.948603 0.06512868 -0.9957571 0.06500923 -5.45583e-4 -0.8478174 0.5302882 4.47845e-6 -0.8479863 0.5300183 0.06512558 -0.9957578 0.06500184 -0.9728932 -0.1738348 -0.1525137 -0.9730969 -0.1732069 -0.1519272 3.13375e-4 -0.848088 0.5298553 2.14637e-4 -0.8480648 0.5298925 0.7821918 -0.6217114 -0.04063284 -3.73266e-4 0.3068698 -0.9517515 5.76807e-4 -0.03272122 -0.9994644 -1.93755e-4 -0.03480082 -0.9993944 1.62854e-4 -0.8479406 0.5300913 9.01417e-6 -0.8479869 0.5300173 -1.0619e-4 -0.8479361 0.5300987 0.8013001 0.5792174 0.1497519 1.95777e-5 -0.03449857 -0.9994049 -7.34507e-5 -0.03470742 -0.9993976 -3.25248e-6 -0.03462845 -0.9994003 -1.85812e-4 -0.8479802 0.5300279 -0.9976509 -0.05150043 -0.04517096 -0.002141118 0.2989836 -0.9542559 -0.9976933 -0.05102157 -0.04477798 1.1818e-4 0.3095023 -0.9508987 6.90158e-4 -0.8482757 0.5295545 0.001533985 -0.8485093 0.5291786 0.001057386 -0.8484012 0.5293527 0.003689765 0.323284 -0.9462948 0.001212596 -0.8498026 0.5270997 9.84904e-4 0.3125711 -0.9498939 -0.9976903 -0.06431859 -0.02184706 7.12148e-6 -0.9953871 0.09594088 -3.09175e-4 -0.03622716 -0.9993436 -3.70141e-4 0.3079637 -0.9513981 0.9064486 0.1867965 -0.3787586 -0.9975205 -0.06311696 -0.03113472 -3.74079e-5 -0.03501963 -0.9993867 -1.36039e-4 -0.03532773 -0.9993758 0 -0.9953866 0.09594571 -2.83602e-5 -0.9953854 0.09595781 1.29261e-4 0.3099607 -0.9507494 0.9061405 0.1872286 -0.3792822 -6.21077e-5 0.03511738 0.9993833 5.45648e-5 0.3089669 -0.9510728 0.9061699 0.1872513 -0.3792008 0.7820256 -0.4109085 -0.4686045 -0.7821938 0.6217089 0.04063463 -8.19713e-4 0.308253 -0.9513041 -0.9066649 0.4209535 0.02751314 0 -0.57348 0.8192196 -0.9067538 0.4207584 0.02756619 0.7821899 -0.4107275 -0.4684892 -0.9729048 0.2307139 0.01508331 0.9732947 0.1012917 -0.2060036 0.4290546 -0.5245887 -0.7353359 -4.06008e-5 -0.6690039 -0.743259 0 -0.6691866 -0.7430945 3.68769e-4 0.3092659 -0.9509756 9.44834e-5 0.3090106 -0.9510586 -0.9728856 0.2307922 0.0151211 -6.6221e-5 -0.6690772 -0.743193 0 0.03486782 0.999392 -0.9067351 0.4136078 0.08222115 0.9731899 0.1017636 -0.206266 0.973223 0.1015918 -0.2061946 0.9731781 0.1017541 -0.2063265 -0.9070606 0.4128842 0.0822671 -0.002385437 0.3019694 -0.9533147 -0.002385437 0.3019694 -0.9533147 -0.002385497 0.3019693 -0.9533147 5.9171e-4 0.03316986 0.9994496 0 -0.9953869 0.09594309 -0.9728859 0.2268179 0.04524201 0.9163694 0.3875788 0.1002485 -0.9976934 0.06773942 0.004421412 0.0688737 -0.9930213 0.09573531 0.06839895 -0.9930556 0.09571963 0.973186 0.1278207 -0.1912354 0.8867226 0.4475396 0.115894 0.8867053 0.4475744 0.1158917 0.886723 0.4475389 0.1158935 -0.9976924 0.06775319 0.004429578 0.9731284 0.1278801 -0.1914885 0.06975543 -0.9929879 0.09544241 -7.46693e-5 -0.6689627 -0.743296 0.001136124 -0.66905 -0.7432166 0.9763687 0.2092128 0.05416738 -0.9976922 0.06660312 0.01320695 -1.46059e-4 -0.6690627 -0.7432059 -1.20625e-4 -0.6690678 -0.7432015 0.9763262 0.2094164 0.05414795 0.9976915 0.03771632 -0.05647528 -0.7822431 0.6216458 -0.04064989 3.78837e-5 -0.6689814 -0.7432792 -1.292e-4 -0.6690371 -0.743229 0.6295346 -0.4512246 -0.6325209 0.5755731 -0.474912 -0.6657134 0.575573 -0.4749119 -0.6657134 0.5755718 -0.4749124 -0.6657143 0.9169809 0.2795284 -0.2846224 0.9976944 0.03770619 -0.05642747 0.8227552 0.550202 0.1426602 0.8227551 0.5502023 0.1426591 0.822755 0.5502023 0.142659 -0.9065807 0.421139 -0.0274477 -0.9066851 0.4209092 -0.02752369 -4.8747e-4 -0.1740872 0.9847301 1.29698e-4 -0.1730772 0.9849084 0.8002866 0.420114 -0.4278382 0.8014633 0.4190485 -0.4266792 0.8007968 0.4196551 -0.4273338 -2.86544e-4 -0.1738544 0.9847714 -0.906664 0.4209526 -0.02755653 -6.00869e-5 -0.6696738 -0.7426554 0 -0.6725669 -0.7400363 0 -0.6725669 -0.7400363 0 -0.6725669 -0.7400363 0.8010091 -0.3476585 -0.4873582 0.2339609 -0.967784 0.09303998 1.28804e-4 -0.6656218 -0.7462893 2.20732e-4 -0.6671882 -0.7448891 0.9976894 0.03005039 -0.06093269 0.4212759 -0.5262878 -0.7386121 0.4212666 -0.5262896 -0.7386161 0.4212819 -0.5262871 -0.7386091 -2.79792e-4 -0.1742436 0.9847025 -5.04056e-5 -0.1734304 0.9848462 -0.9067869 0.420687 -0.02756935 -1.10149e-4 -0.1737561 0.9847887 -1.63696e-4 -0.6689752 -0.7432847 7.20353e-4 0.03444403 0.9994064 7.07791e-4 0.03446811 0.9994056 0.001041352 0.03423547 0.9994133 0.997691 0.03006201 -0.06090146 0.4202028 -0.5265718 -0.7390209 0.4202041 -0.5265707 -0.739021 0.420206 -0.5265682 -0.7390216 0.9162808 0.3877758 0.1002978 -2.1226e-4 -0.6697967 -0.7425445 0 -0.9953868 0.09594452 -0.9728717 0.2308502 -0.01512974 0.9164986 0.3872678 0.1002702 0.9976946 0.03001916 -0.0608657 0.9763447 0.2093179 0.054196 -0.9728528 0.2309316 -0.01510554 0.1529694 -0.9836977 0.09454774 0.1529694 -0.9836977 0.09454774 0.1529694 -0.9836977 0.09454774 -0.9729336 0.2305858 -0.0151866 -0.972905 0.2307138 -0.0150659 0.8009341 -0.3477193 -0.4874382 -0.01391345 -0.7719199 0.6355677 0.9744373 0.09774631 -0.2022813 0.9744372 0.09774625 -0.2022812 0.9744373 0.09774631 -0.2022813 0.9734339 0.1010435 -0.2054671 0.9720634 0.1049917 -0.2099279 0.973147 0.1018184 -0.2064413 -0.9976951 0.06771206 -0.004429221 -0.01204156 0.04662322 0.99884 -0.0120418 0.0466234 0.9988399 -0.01204168 0.04662346 0.9988399 -1.7182e-4 0.03503882 0.999386 -7.61196e-4 0.0355612 0.9993673 -5.82938e-4 0.03540855 0.9993728 -3.47853e-5 -0.1735772 0.9848203 7.33111e-5 -0.1737329 0.9847928 -0.1974546 -0.09968638 0.9752304 -0.1974535 -0.09968328 0.975231 -0.197456 -0.0996918 0.9752296 -2.66314e-5 -0.1736388 0.9848095 6.65934e-5 -0.1737441 0.9847909 0.9744248 0.09767466 -0.202376 0.9744248 0.0976746 -0.202376 0.9744248 0.09767466 -0.202376 0.9746254 0.09709316 -0.2016893 0.9720156 0.1053993 -0.2099446 -1.45691e-5 -0.1736167 0.9848134 -4.52057e-4 -0.6707496 -0.7416838 -2.44941e-4 -0.1737526 0.9847893 -0.8001039 2.20258e-7 0.5998615 -0.8001024 0 0.5998635 -0.8001024 0 0.5998636 -0.9976925 0.06775194 -0.004426896 0.9728007 0.1029869 -0.2074909 0.971642 0.1067705 -0.2109788 0.9639055 0.1297899 -0.2324669 0.9639055 0.12979 -0.2324671 0.9639055 0.1297897 -0.232467 -0.9976933 0.06773811 -0.004442811 6.00961e-4 4.03771e-4 0.9999998 0.9731746 0.1517193 -0.1729522 0.6296391 -0.4512059 -0.6324302 0.9730293 0.1519687 -0.1735501 -1.62668e-4 0.03486812 0.9993919 1.08228e-5 0.03488802 0.9993913 -7.05582e-5 0.03488844 0.9993913 0 0.03486782 0.999392 1.38886e-4 0.0349369 0.9993896 6.00178e-5 0.03492635 0.99939 0.7818218 0.5591749 0.2758224 -0.002770841 -0.6788982 -0.7342272 -0.002770781 -0.6788982 -0.7342271 -0.002770841 -0.6788983 -0.7342271 -2.62981e-4 -0.6697867 -0.7425536 -5.74795e-4 0.03458815 0.9994016 0.603901 0.7149525 0.3523445 0.8007122 0.419723 -0.4274256 0.8009019 0.4195538 -0.4272364 0.6046923 0.7142882 0.3523346 -3.32089e-4 0.03514033 0.9993824 -3.27633e-4 0.7660514 -0.6427794 0.801193 0.4193115 -0.4269282 0.7820537 0.5588658 0.2757919 -0.1146891 0.8040882 -0.5833427 -0.1146962 0.8040938 -0.5833336 -0.1146829 0.8040856 -0.5833474 -5.90007e-5 0.7658748 -0.6429899 0.4078173 0.7588862 0.5077173 0.4078174 0.7588862 0.5077173 0.4078173 0.7588862 0.5077174 -3.28958e-5 0.7658812 -0.6429823 -0.0425297 0.7706534 -0.6358339 -0.04253786 0.7706536 -0.635833 -0.04251265 0.7706527 -0.635836 0.6236644 -0.7781108 0.07474118 0.6236644 -0.7781108 0.07474124 0.6236643 -0.7781109 0.07474118 6.14697e-5 0.7658592 -0.6430084 -4.93823e-5 0.7658987 -0.6429614 -0.9979703 -0.03697502 -0.05184853 0.6071603 0.66042 0.4418168 -0.9979798 -0.03689348 -0.05172359 -5.90948e-5 0.7659044 -0.6429546 1.84448e-5 0.7658118 -0.6430649 0 0.7659109 -0.6429467 -9.38328e-6 0.7659109 -0.6429467 -3.97391e-7 0.7658898 -0.6429719 0.8011869 -0.5956565 0.05738496 0.8011852 -0.5956588 0.05738431 4.79797e-6 0.7658831 -0.6429799 0.2334019 -0.9679198 0.0930314 -0.9171243 0.3967785 -0.03807646 -3.70494e-4 0.6427305 0.7660923 -0.04270327 0.7706599 -0.6358143 -0.04267084 0.7706585 -0.6358181 -0.04270887 0.7706598 -0.635814 0.6047775 0.6624272 0.4420796 2.34129e-5 -0.0345025 -0.9994047 -4.12781e-5 -0.0344634 -0.999406 -1.27777e-5 -0.03439617 -0.9994083 0.004757344 -0.6576834 -0.7532795 -3.91175e-4 -0.6700261 -0.7423375 0.6046167 0.6620733 0.4428293 1.11269e-6 -0.03452318 -0.9994039 -2.76822e-5 -0.03435671 -0.9994096 0.7820023 0.5181359 0.3464214 0 -0.03398358 -0.9994224 0.4064909 -0.6027156 -0.686658 0.800856 0.4195875 -0.4272894 0.7820297 0.5181532 0.3463336 0.7820531 0.5180658 0.3464114 -3.22375e-5 -0.0345748 -0.9994021 -6.43076e-6 -0.6690349 -0.7432311 0.234111 -0.9677703 0.09280484 0.001639425 -0.6639932 -0.7477368 0.001639425 -0.6639934 -0.7477367 0.001639485 -0.6639935 -0.7477366 2.28896e-4 -0.668429 -0.743776 0.6297511 0.6403073 0.4397956 -0.00196439 -0.6741284 -0.7386117 0.6291024 0.6406171 0.4402725 0.5030506 0.712264 0.4895102 0.503037 0.7122629 0.4895257 0.5030582 0.7122644 0.4895018 0 0.9954184 -0.09561532 -6.8828e-5 -0.6689115 -0.7433421 0.07993918 0.628466 0.7737185 0.07994019 0.6284654 0.7737189 0.07993888 0.628466 0.7737186 -4.41913e-5 -0.0347222 -0.999397 -2.5476e-4 -0.03607225 -0.9993492 -2.66032e-4 -0.03606498 -0.9993495 0.4283526 -0.8994718 0.08639866 -0.001054823 -0.03548645 -0.9993696 3.1941e-4 -0.03498691 -0.9993878 2.03945e-4 -0.03489512 -0.999391 0.4279304 -0.8996829 0.08629202 -0.05348205 0.6499234 0.7581157 -0.05348181 0.6499232 0.7581158 -0.05348157 0.6499233 0.7581157 2.96681e-5 -0.03522896 -0.9993793 0.8009555 0.4195251 -0.4271638 -8.71275e-5 -0.669348 -0.742949 0.6291848 -0.7736951 0.07431375 -0.001383781 -0.03519612 -0.9993796 -2.61018e-4 -0.6694021 -0.7429003 3.20145e-5 -0.6690133 -0.7432505 -3.58539e-5 -0.6690519 -0.7432157 0 -0.03418952 -0.9994155 -9.97183e-4 -0.6696081 -0.742714 -1 1.28154e-5 0 -1 1.73021e-5 0 -1 1.52875e-5 -1.94297e-7 2.43696e-4 -0.6689037 -0.7433491 -8.03634e-5 -0.03472971 -0.9993968 -2.21253e-4 -0.03489154 -0.9993911 -0.9979802 -0.03688901 -0.05171972 -0.9979798 -0.0368753 -0.05173653 6.73122e-4 -0.668667 -0.7435617 0.001153409 -0.6683551 -0.7438415 0.001626312 -0.6681064 -0.7440639 9.02482e-4 -0.668477 -0.7437323 0 0.6428023 0.7660322 3.15206e-4 -0.6688083 -0.7434349 0.4283792 -0.8994591 0.08639723 0.4442805 -0.8917992 0.08549457 0.4442805 -0.8917992 0.08549451 0.4442805 -0.8917992 0.08549457 0.9162086 0.3616539 -0.1725349 -6.82098e-6 0.6427713 0.7660582 0.6295161 -0.7734068 0.07450866 0.001005053 0.7659747 -0.64287 0.9108001 0.3726634 -0.1776658 0.9108016 0.3726602 -0.1776649 0.9108016 0.3726604 -0.1776646 0.8013077 -0.5955009 0.05731356 4.09675e-4 0.7660508 -0.6427801 0.5076891 0.6121035 -0.6062847 0.5076898 0.6121097 -0.6062778 0.5076789 0.6121152 -0.6062815 -4.06635e-4 0.7657542 0.6431334 0.8012558 -0.5955685 0.05733555 0.4292862 -0.5245161 -0.7352526 0 0.6428018 0.7660326 0.2860386 -0.9538441 0.09145241 8.17649e-4 0.7661561 0.642654 0.4273323 -0.5246431 -0.7362995 4.31779e-4 0.03444641 0.9994065 0.9762556 0.195539 -0.0932182 0.06952661 -0.5792139 -0.8122054 -9.50596e-6 0.765976 0.6428691 -0.4019402 0.6474779 0.6474694 -0.4019659 0.6474644 0.6474668 -0.4019692 0.6474632 0.6474661 -9.42908e-5 0.03491634 0.9993903 -6.18977e-4 0.03602063 0.9993509 0.9979835 0.05729532 -0.02731871 0.9979835 0.05729454 -0.02731788 -2.11387e-7 -0.5804309 -0.8143096 1.61414e-7 -0.5804309 -0.8143096 0 -0.5804069 -0.8143267 0.07018303 -0.5790129 -0.8122921 4.16917e-5 0.03483945 0.999393 0.9979816 0.05731743 -0.02734196 0.2331854 -0.5644326 -0.7918589 0.2334485 -0.5644011 -0.7918038 -0.001848638 0.03624403 0.9993413 0.1839877 0.603353 0.7759599 0.1839886 0.6033527 0.77596 0.1839876 0.6033529 0.77596 1.83521e-4 0.03474932 0.9993962 0.2338094 -0.5641943 -0.7918447 3.43846e-5 0.03465956 0.9993992 -4.2925e-6 0.034864 0.9993922 -4.38518e-4 0.7661078 -0.6427121 5.06427e-4 0.7656609 -0.6432443 -5.01903e-4 0.7661637 -0.6426454 -1.94357e-4 0.7659736 -0.642872 0.001107394 0.7650544 -0.6439648 -0.01901131 0.7790014 -0.6267341 -0.01901137 0.7790015 -0.6267338 -0.01901149 0.7790016 -0.6267337 -8.53828e-4 0.7664559 -0.6422966 -6.61765e-4 0.7662956 -0.6424879 0 -0.03492826 -0.9993899 1.597e-5 -0.03477793 -0.9993951 9.85209e-5 -0.03450888 -0.9994044 3.20619e-4 -0.03358149 -0.999436 -7.43135e-4 -0.03733992 -0.9993024 -7.77206e-4 -0.03743046 -0.999299 2.25868e-5 -0.9062846 0.4226682 2.44664e-5 0.7658655 -0.643001 0 0.7658434 -0.6430271 1.11363e-5 -0.5806242 -0.8141717 0.8006554 0.2483353 -0.5452344 -4.44569e-4 -0.3747092 -0.9271424 -0.001124918 -0.3746674 -0.9271587 -1.64886e-5 -0.8828174 -0.4697164 0 -0.8828711 -0.4696155 -4.39443e-4 -0.3747346 -0.9271321 -0.9979804 -0.05235165 -0.03597825 0.4057363 -0.4040352 -0.8198376 0.9163812 0.3612823 -0.1723967 3.03215e-4 -0.882873 -0.4696118 3.08086e-4 -0.8828689 -0.4696195 3.36543e-4 -0.8828102 -0.4697297 -0.9979655 -0.05254584 -0.03610992 -1.90763e-5 -0.8828199 -0.4697118 0.4054768 -0.4041637 -0.8199027 0 -0.9062373 0.4227697 -0.916951 -0.3287914 -0.2260472 0.9165679 0.3609576 -0.1720842 0.9161742 0.1661463 -0.3647195 -0.2343832 0.9677026 -0.09282422 -0.2345326 0.9676701 -0.09278488 -0.2396737 0.9664231 -0.09264379 0.801047 0.4934269 0.3389005 0.9142456 0.3657495 -0.1743053 0.9142456 0.3657495 -0.1743053 0.9142455 0.3657497 -0.1743053 -4.80924e-4 -0.5003231 0.8658387 0.8013292 0.2479858 -0.5444031 0.8782162 0.1992721 -0.4347724 0.8782149 0.1992725 -0.4347749 0.8782165 0.199272 -0.4347719 -3.55544e-5 0.03485375 0.9993925 -5.38087e-5 -0.8833599 -0.4686955 4.38807e-5 -0.8818351 -0.4715579 0 -0.880458 -0.4741243 0.02175897 -0.4847393 0.8743881 0.02175897 -0.4847391 0.8743882 0.02175885 -0.4847392 0.874388 8.71713e-4 -0.4991092 0.8665387 8.72068e-4 -0.4991092 0.8665387 8.71195e-4 -0.499109 0.8665388 0.001235902 0.03412961 0.9994167 0.9979758 0.05740755 -0.02736324 7.64833e-5 -0.8822777 -0.4707294 -7.18715e-4 -0.6154116 0.7882056 1.24473e-4 -0.6155499 0.7880979 6.22147e-5 -0.6155951 0.7880628 0.001882433 0.5013251 -0.865257 7.72463e-4 0.03285723 0.9994598 4.30958e-5 -0.8826583 -0.4700155 0.8013368 0.2479778 -0.5443954 -3.94378e-4 -0.8845898 -0.4663699 -6.28782e-5 -0.8829732 -0.4694234 8.14295e-4 -0.6155629 0.7880874 -0.001054584 -0.6154372 0.7881853 -0.006114721 -0.8944036 0.4472192 -0.006114721 -0.8944028 0.4472208 -0.006114602 -0.8944034 0.4472196 0.6294023 0.6405448 0.439949 0.6042556 -0.7950823 -0.05214786 -1.01723e-4 -0.6158438 0.7878683 -0.001629233 -0.8874051 -0.4609875 6.89185e-5 -0.615285 0.7883048 0.6043357 -0.3523401 -0.7145872 -2.571e-4 -0.8832793 -0.4688472 0.6039009 -0.3523451 -0.7149522 0.8009671 0.2481797 -0.5448472 0.8002196 0.2484991 -0.5457992 0.7822743 -0.2757622 -0.5585716 0.9763793 0.19503 -0.09298813 0 -0.6159985 0.7877475 -6.5184e-5 -0.6156488 0.7880208 -8.16486e-5 -0.6156179 0.7880449 0.6041957 -0.7951263 -0.05217236 0.4058226 -0.2937054 -0.8654739 0.001825928 -0.8784003 -0.4779222 3.08654e-4 -0.8821929 -0.4708881 0.4058964 -0.2937235 -0.8654332 -0.8014778 -0.4927116 -0.3389229 0.78185 -0.6221288 -0.04082131 -0.9161918 -0.3301743 -0.2271069 0.4056606 -0.5078132 -0.7599771 0.4056465 -0.5078213 -0.7599794 -7.37458e-4 -0.884038 -0.4674144 -0.001952707 -0.8862929 -0.4631212 -1.22546e-4 -0.8829974 -0.4693779 0.4049151 -0.8968301 -0.1781561 -2.05845e-4 -0.8478535 0.5302306 0 -0.6163229 0.7874937 0.9763702 0.1950605 -0.0930199 -0.001779198 -0.8856769 -0.4642989 -0.001779198 -0.8856768 -0.4642989 -0.001779198 -0.8856768 -0.4642989 0.4049628 -0.5078108 -0.7603509 3.52897e-5 -0.6157034 0.7879781 0.4046781 -0.896937 -0.1781564 0.405459 -0.5077942 -0.7600975 0.6043054 -0.4427137 -0.6624346 0.03852164 -0.8246718 -0.5642982 0.03850305 -0.8246634 -0.5643118 0.03853082 -0.8246762 -0.5642912 0.002630472 0.8195084 0.5730611 0.002630412 0.8195086 0.573061 0.002630412 0.8195086 0.5730611 0.6045207 -0.781322 -0.1552116 0.6043932 -0.4425613 -0.6624563 -6.23357e-5 -0.8829059 -0.46955 2.61772e-4 0.173507 -0.9848326 0.6042669 -0.4427124 -0.6624706 0 -0.9062889 0.4226589 2.40997e-4 0.1736382 -0.9848096 0.8010207 0.4934553 0.3389217 4.52965e-4 -0.8827726 -0.4698004 0.001003026 -0.8825594 -0.4702001 0 0.8191065 0.5736417 -0.4012752 0.6476798 0.6476798 -0.4012725 0.6476795 0.6476819 -0.4012758 0.6476793 0.6476799 0 0.6427696 0.7660595 0.4058123 -0.896371 -0.1784247 9.53181e-5 0.5000097 0.8660198 0.07300788 0.4770366 0.8758459 0.07297939 0.4770494 0.8758413 0.07298135 0.4770482 0.8758418 0.01135659 0.5062341 0.8623214 0.01135671 0.5062341 0.8623214 0.01135694 0.5062344 0.8623212 2.2522e-4 0.4999502 0.8660542 -0.005113959 0.4873911 0.8731688 -0.005114018 0.4873911 0.8731689 -0.005113899 0.4873912 0.8731688 7.25916e-5 0.5000969 0.8659695 0.4058141 -0.8963716 -0.1784183 0.7822958 -0.3460316 -0.5179532 0.002230882 -0.8794434 -0.4759985 0.002230882 -0.8794434 -0.4759985 0.002230882 -0.8794433 -0.4759985 7.37884e-5 0.4999082 0.8660784 -6.62712e-4 -0.5005298 0.8657191 -7.65931e-4 -0.5005173 0.8657262 0.1052818 0.4859463 0.8676243 0.1052695 0.4859489 0.8676245 0.1052903 0.4859466 0.8676232 -3.24972e-4 0.4999382 0.8660611 7.15713e-5 0.8190878 0.5736683 -8.01508e-5 0.8190987 0.5736526 -8.02853e-6 0.4999508 0.8660539 5.32487e-5 -0.4999355 0.8660627 6.94195e-5 -0.4999159 0.866074 0.002596437 0.7050333 0.7091695 0.002595484 0.705024 0.7091787 0.00259757 0.7050269 0.7091758 -0.9761202 -0.1790433 -0.1230154 -3.24201e-4 -0.5001765 0.8659235 0.7120323 0.117335 0.6922734 0.7120386 0.1173424 0.6922657 0.7120255 0.1173331 0.6922807 2.03486e-5 -0.4996988 0.8661992 -0.4288836 0.8991946 -0.08664941 -0.4274134 0.8999283 -0.08629649 -0.2439771 0.9653451 -0.09264999 -0.9979784 -0.05238646 -0.03598535 -9.27361e-5 0.4997514 0.866169 0 -0.7661628 0.6426466 -4.23654e-6 0.9954174 -0.09562647 0 -0.9062369 0.4227704 -0.06870663 0.9930608 -0.09544485 0 0.8190831 0.5736749 0.06574672 -0.5544214 -0.829635 -0.06910794 0.9930379 -0.09539443 -0.2337284 0.9678406 -0.09303581 1.18845e-4 -0.8479585 0.5300627 0.2460989 0.6886196 0.6820839 0.2460728 0.6886444 0.6820683 0.2460736 0.6886439 0.6820685 -0.01615887 0.8251132 0.5647363 -0.01615893 0.8251134 0.5647362 -0.01615869 0.8251133 0.5647362 1 7.60876e-7 0 0 -0.7660722 0.6427547 1.26623e-4 -0.7660029 0.6428373 -2.22338e-5 -0.7660567 0.642773 -0.9408152 -0.2793238 -0.1919507 -0.9408147 -0.2793247 -0.1919512 -0.9408148 -0.2793248 -0.1919513 -5.07529e-4 0.4995911 -0.8662613 0.06504637 -0.5546553 -0.829534 0.06504935 -0.5546595 -0.829531 8.41345e-4 -0.4993009 0.8664283 -0.7817243 0.6116718 -0.1215112 0.2192049 -0.5423151 -0.8110755 -7.38069e-4 0.4995908 -0.8662613 -0.7814751 0.611966 -0.1216316 0.001376986 0.5007553 -0.8655879 -0.9979785 -0.05238181 -0.03598868 0.001060426 -0.4993804 0.8663824 0.9763695 0.1514874 -0.1541243 0 0.4423414 0.8968468 0.9763334 0.1515601 -0.1542819 -0.781957 0.6113642 -0.1215614 0.9979806 0.04451453 -0.04531395 0.9979753 0.04457455 -0.04537069 -0.4679946 0.4947621 -0.7322511 -0.4680073 0.4947618 -0.7322431 -0.4680032 0.4947623 -0.7322453 -3.16081e-5 0.5803984 0.8143327 3.91833e-6 0.5804324 0.8143085 0.2188963 0.7336351 -0.6433225 -0.9070072 0.4130016 -0.08226603 9.12052e-4 0.4999405 -0.8660593 -0.9071567 0.4126964 -0.08214938 0.6041981 -0.7815348 -0.1553964 0.6041737 -0.7815557 -0.1553862 0.7821362 0.4107611 -0.4685491 -0.9069893 0.4130464 -0.08223825 0 0.5555204 0.831503 0.7822148 0.4107366 -0.4684394 -0.01412475 -0.5611885 0.8275675 0.7819213 -0.6114242 -0.121489 -0.03220134 0.8308131 0.5556194 -0.03221315 0.8308041 0.5556319 -0.03222262 0.8307975 0.5556414 0.7817175 -0.6116594 -0.1216176 0 0.8479613 -0.5300582 -1 -5.44796e-7 0 0.7818714 -0.6114754 -0.1215534 -1.50487e-4 0.7659052 0.6429536 -4.08038e-4 0.8472269 -0.5312311 -0.9799332 0.1993265 1.22935e-7 -0.9799407 0.1992894 -6.18864e-7 -0.9799332 0.1993265 1.4685e-7 -1.00684e-4 0.7659472 0.6429035 2.18758e-4 0.8482689 -0.5295657 -9.64321e-6 0.7659847 0.6428589 0 0.194925 0.9808182 7.7111e-4 0.1727545 -0.9849647 0.2196774 -0.542009 -0.8111524 -0.9728382 0.2270304 -0.04520183 0.2201889 -0.9733649 -0.06385731 -0.9728755 0.2268779 -0.04516255 0.4058495 -0.9119805 -0.05981391 0.2199934 -0.5419903 -0.8110793 -0.9728809 0.226857 -0.04515206 0 0.3214432 0.9469289 0.2199261 -0.5420522 -0.8110561 0.4058035 -0.9119998 -0.05983251 0.6045044 0.7813238 0.1552672 -7.80486e-5 0.266945 0.9637119 0.04964375 0.798677 0.5997089 0.04964447 0.7986767 0.599709 0.04964387 0.7986768 0.599709 0 0.9781066 -0.208105 0.6043226 0.7814456 0.1553609 -0.9728927 0.2268046 -0.04515975 -0.02238309 -0.5542574 0.8320444 -0.0223819 -0.5542564 0.832045 -0.02238535 -0.5542589 0.8320434 0.0651192 -0.441125 -0.89508 0.6042726 0.7814909 0.1553279 -0.9067427 0.413599 -0.08218097 -5.90328e-4 0.9777502 -0.2097718 0.06432563 -0.4414111 -0.8949964 0.1652005 -0.6973935 0.6973888 0.1652067 -0.6973885 0.6973924 0.1652098 -0.6973858 0.6973943 3.98497e-6 -0.5734614 0.8192327 -5.54046e-4 -0.1741935 0.9847114 1.25851e-4 0.9782292 -0.2075276 0.06433784 -0.3207777 -0.9449669 0.06433504 -0.3207837 -0.944965 0 -0.5734963 0.8192082 0 0.9781367 -0.2079631 -0.9728867 0.2190124 -0.07433176 -0.9729055 0.2189356 -0.07431083 0 -0.9396042 0.3422631 0 -0.997863 -0.06534194 -0.9976899 0.06432926 -0.02183264 -0.9976869 0.06436991 -0.02184784 -7.34605e-6 0.2668989 0.9637246 0.06512534 -0.995754 -0.06506139 0.06473928 -0.9957696 -0.06520587 -1.71392e-4 -0.5735118 0.8191972 0 -0.5734619 0.8192324 0 -0.3419972 0.939701 0.2194218 -0.9735543 -0.06360936 -0.9976872 0.06666374 -0.01327276 0 -0.5734981 0.8192069 0.001215159 -0.6683282 -0.7438656 0.001226663 -0.6683138 -0.7438785 -1 1.01435e-6 0 0 0.9397441 0.3418788 0 0.9397437 0.3418799 0.06467205 -0.9787239 -0.1947234 0.06474483 -0.9787085 -0.1947767 -0.9976897 0.06662517 -0.01328116 0 0.819143 0.5735894 1 -1.0897e-6 0 0.7815134 0.611962 0.1214058 0.7818958 0.611448 0.1215339 -0.9977004 0.06647711 -0.01321631 -0.9760684 0.2164698 -0.0207737 -0.9761194 0.2162405 -0.02076286 0.7817975 0.5904178 0.2004982 0.06426423 -0.9787045 -0.194956 -0.6290953 -0.6406112 -0.4402915 0 -0.3421204 0.9396562 0 -0.3421455 0.939647 2.91866e-5 -0.3421301 0.9396527 0 -0.5734315 0.8192535 0.7816981 0.5905507 0.2004951 -0.9761052 0.2163018 -0.0207917 0.2202394 -0.9566773 -0.1904291 -0.0650534 0.5544195 0.8296911 6.53118e-5 -0.08728992 0.996183 0 -0.08726578 0.9961851 0.2208042 -0.956528 -0.1905252 0.6038928 0.754698 0.2564069 0.6040103 0.7546041 0.2564066 0 0.4423416 0.8968467 0.9976903 0.04478794 -0.05107122 0.9976942 0.04479312 -0.05098909 -0.8011445 0.595735 -0.05716133 -0.8380394 0.5431145 -0.05212306 -0.8380395 0.5431143 -0.05212289 -0.8380396 0.5431141 -0.05212295 -0.06512027 0.441403 0.894943 0.6043742 0.7544085 0.2561241 -0.9169969 0.3970702 -0.03810352 -0.9169815 0.3971059 -0.03810524 0.2201887 -0.956699 -0.1903791 0.9977018 0.04468071 -0.05093955 0.220237 -0.9566953 -0.1903412 -0.9169749 0.397121 -0.0381084 -0.9206513 0.388601 -0.03729355 -0.9206513 0.3886008 -0.03729343 -0.9206513 0.3886008 -0.03729367 -0.9169681 -0.3287167 -0.2260858 0.9164172 0.2804263 -0.2855535 -0.06516999 0.4413858 0.8949478 -0.9810333 0.1929492 -0.01856273 -0.9810333 0.1929486 -0.01856255 -0.9810333 0.1929489 -0.01856261 0 0.1736702 -0.9848039 -0.9979825 0.06319779 -0.006085991 -1.37373e-4 -0.6691439 -0.743133 3.0591e-4 -0.6688063 -0.7434367 6.44295e-5 -0.6689627 -0.743296 0.6299386 0.7519794 0.1941761 0.8004562 0.4199479 -0.4276843 -7.98497e-5 -0.6690918 -0.7431798 0 0.173671 -0.9848038 0.8011457 0.5794652 0.1496188 1.64881e-4 0.1736232 -0.9848122 0.8022602 0.5779414 0.149541 -0.9169481 0.3971799 -0.03813636 0.9763203 0.1516377 -0.1542877 0.9165861 0.2802472 -0.2851872 0.07631576 0.1827616 0.9801909 0.07631587 0.182762 0.9801908 0.07631587 0.1827617 0.9801908 1.13402e-5 0.1736944 0.9847996 -5.82277e-5 0.1737245 0.9847944 -6.68218e-5 0.1737403 0.9847915 0.8018272 0.5785126 0.1496544 1.05185e-4 -0.6157854 0.7879139 -2.6805e-4 -0.6153209 0.7882767 -0.04313111 0.1582306 0.9864598 -0.04313141 0.1582303 0.9864597 -0.0431298 0.1582301 0.9864599 -1.76746e-4 0.1737259 0.984794 9.65185e-6 -0.6156951 0.7879845 -6.97203e-4 0.1736276 0.9848112 0.630094 0.7518563 0.1941492 -4.1907e-5 -0.6152927 0.7882988 4.54018e-5 -0.6157441 0.7879464 0.2199636 -0.4313125 -0.8749775 0.6292896 0.752434 0.1945191 0.6922166 0.6987173 0.1806386 0.6922118 0.6987226 0.180637 0.6922118 0.6987224 0.1806373 0.2205617 -0.4314342 -0.874767 -0.9761792 -0.1787704 -0.1229447 0.8017228 0.5786527 0.149672 -0.9761405 -0.178905 -0.1230567 0.2204517 -0.313512 -0.9236403 0.2204728 -0.3135085 -0.9236364 0.2324689 0.6815508 -0.6938637 -0.9169561 -0.3287364 -0.2261063 7.75556e-4 0.3098847 -0.9507738 0 -0.3214495 -0.9469268 0.0645523 -0.3206973 -0.9449796 0.2202904 -0.3134737 -0.9236918 0.4293854 -0.8744395 -0.2257958 -0.8014368 -0.492807 -0.3388812 0.9763743 0.1514485 -0.1541324 0.8011983 0.5793933 0.1496163 -0.916904 -0.3288639 -0.2261319 0.8014537 0.5790183 0.1496997 0 -0.9681067 -0.2505387 0.4277225 -0.8750792 -0.2264727 -8.83301e-5 0.7658855 0.6429769 0.00589317 0.5028849 -0.8643334 6.90723e-5 0.4999251 -0.8660687 0.6301931 -0.7517815 -0.1941168 0 -0.968235 -0.2500423 0 -0.9682353 -0.2500412 0 -0.968235 -0.2500423 0 -0.5556249 -0.8314331 -4.23387e-4 0.3086352 -0.9511804 0.6035553 0.5992449 -0.5259531 -3.64804e-4 0.1734673 0.9848396 3.11003e-4 0.4995877 -0.8662633 -1.30933e-5 0.5000264 -0.8660102 7.29217e-6 0.309016 -0.9510568 0.6300953 -0.7518349 -0.1942279 0.6299366 -0.7519615 -0.1942517 2.20968e-4 0.4999455 -0.8660569 -5.60176e-4 0.3086413 -0.9511784 4.98038e-4 0.3098772 -0.9507766 0 -0.9682426 -0.2500128 0 -0.9682426 -0.2500128 0 -0.9682431 -0.250011 0.06911015 -0.9659114 -0.2494774 -0.8006964 0.5963118 -0.05742579 1.48487e-4 0.3091078 -0.951027 0.6044347 0.5989908 -0.5252322 0.6045352 0.5989174 -0.5252001 7.71707e-5 0.309065 -0.951041 1.12852e-4 0.3092617 -0.950977 0.06953716 -0.9658156 -0.2497297 0.06988751 -0.9657953 -0.2497102 7.54926e-4 0.3095702 -0.9508763 8.90129e-4 0.3097039 -0.9508327 6.91162e-4 0.3095287 -0.9508899 3.2563e-4 0.1741442 0.9847201 3.15826e-4 0.1740579 0.9847354 0.7820369 0.4685977 -0.4108948 4.03883e-4 0.1741156 0.9847252 1.23056e-4 0.1737856 0.9847835 -9.28151e-4 0.3063939 -0.9519044 0.4285015 0.6332701 -0.6444808 0.1236436 0.2364664 0.9637406 0.1236441 0.2364664 0.9637405 0.1236441 0.2364663 0.9637405 0.8012409 -0.5793235 -0.1496576 0.8011533 -0.5794352 -0.1496945 3.04265e-4 0.1740989 0.9847281 0.6300055 0.5441774 -0.5540434 0.6298996 0.544236 -0.5541063 0.6297193 0.5444535 -0.5540976 0.5843384 0.56877 -0.5788345 0.5843313 0.5687715 -0.5788401 0.5843328 0.5687713 -0.578839 -1.7105e-4 0.173572 0.9848212 -1.62491e-4 0.173501 0.9848337 -1.75374e-4 0.1735599 0.9848234 0.2323681 -0.9417227 -0.2432352 0.2324558 -0.9417037 -0.2432253 0.4284277 0.633301 -0.6444995 0.002068519 0.4977061 -0.8673433 2.96078e-4 0.4996107 -0.86625 0.8011959 0.419302 -0.4269322 0.8008733 0.5798145 0.1497235 0 -0.9681022 -0.2505562 0 -0.9681022 -0.2505562 0 -0.9681032 -0.250552 -0.00170803 -0.1753996 0.9844959 -1.80271e-4 0.1735188 0.9848306 3.6844e-5 0.1737049 0.9847978 0.8006157 0.4198539 -0.4274779 -4.0023e-4 0.1733105 0.9848672 5.99415e-4 -0.1727874 0.984959 -0.4929924 -0.7168663 -0.4930124 -0.4929906 -0.7168655 -0.4930155 -0.4930075 -0.7168765 -0.4929826 -4.41367e-4 0.1732861 0.9848715 -1.73221e-5 0.1736705 -0.9848039 0 0.1736651 -0.9848048 -1.351e-7 0.1736651 -0.9848048 0 0.1736679 -0.9848043 0.001137793 -0.6681996 -0.7439812 2.42409e-4 -0.6688854 -0.7433657 -0.9169135 -0.328831 -0.2261412 -0.9976903 0.06432676 0.02182525 0 0.1736875 -0.9848008 0 0.1736887 -0.9848007 0 0.1736875 -0.9848009 -0.3875268 -0.3906003 0.8350178 -0.3875135 -0.3905948 0.8350265 -0.387537 -0.3906043 0.835011 -0.9976904 0.06432408 0.02182453 -2.09489e-5 -0.1736522 0.984807 -0.2207921 0.43141 0.8747208 -7.09478e-5 0.1737007 -0.9847986 -0.99769 0.06091231 0.0300728 -6.63757e-5 -0.1736801 0.9848022 -0.9976948 0.06086409 0.03001421 -3.86777e-5 0.1737765 -0.9847852 0 0.1736217 -0.9848125 0 0.1736224 -0.9848123 0 0.1736217 -0.9848125 -0.9729127 0.1933178 0.1267645 0.7821929 0.62171 0.04063457 0 0.1737726 0.9847859 -5.55971e-6 0.1737694 0.9847864 2.55332e-5 0.1736605 -0.9848056 -0.9729349 0.1930164 0.1270529 0.9062069 0.4219345 0.02757698 -0.9737925 0.1892241 0.1261844 3.45298e-4 -0.7661902 -0.6426138 0.9062944 0.4217431 0.02763062 3.45478e-4 0.580413 0.8143222 9.15929e-6 0.1736646 -0.9848049 0 -0.08732843 0.9961796 -0.9976931 0.05649751 0.03763812 2.6291e-5 -0.7658994 0.6429604 0.9731498 0.2296826 0.01501625 -8.3456e-4 0.1731641 -0.9848927 0 0.1736616 -0.9848055 -8.09481e-7 0.1736616 -0.9848055 0 0.1736617 -0.9848054 -0.002897799 -0.7682443 -0.6401504 0.9731304 0.2297625 0.01505357 -0.9976986 0.05659037 0.03735381 2.78586e-4 0.5803827 0.8143439 -0.9977724 0.05540066 0.03716462 4.68801e-4 0.1732947 -0.98487 0 -0.7659602 0.642888 -0.004001379 0.5043272 -0.8635034 8.54851e-4 0.1726973 -0.9849746 -3.45653e-5 0.1738935 -0.9847645 0 -0.7659133 0.642944 0.9062761 0.4145764 0.08240163 -3.58121e-5 -0.8190976 -0.5736543 0.9064947 0.4140842 0.08247256 -1 -1.3629e-7 0 -1 1.26807e-7 0 -0.6299452 0.6401624 0.4397287 0.9731405 0.2257771 0.04496955 0.9731315 0.2258106 0.04499781 0 0.5804027 0.8143296 -7.92688e-5 -0.9469252 0.3214542 -0.801421 0.4930043 0.3386314 0 -0.7659484 0.642902 0.9731681 0.2256556 0.04498064 -0.7853245 -0.04054266 -0.6177555 0.9976935 0.0677362 0.004421412 -2.80025e-5 -0.9469203 0.3214687 2.17039e-5 -0.9469352 0.3214246 -0.6041643 -0.05217581 -0.7951498 -0.8014355 0.4929055 0.338741 0 1 0 0.9976922 0.06775522 0.004429578 0 -0.7659537 0.6428958 -0.6042448 -0.05214095 -0.7950909 0.9976882 0.06665092 0.01326596 0.9976922 0.06660282 0.01320433 2.59072e-5 -0.7658994 0.6429604 0.9976986 0.06650346 0.01322627 -3.16695e-4 0.5804246 0.8143141 4.51155e-4 -0.8191603 -0.5735645 -3.70697e-4 -0.7661396 0.6426743 -0.6047089 -0.6621581 0.4425765 -0.9760721 0.1791579 0.1232298 4.20844e-4 -0.7657166 0.6431781 -0.4058065 -0.7598568 0.5078768 0.9061953 0.4219595 -0.02757543 -5.31904e-4 0.5803876 0.8143402 0 -0.7659427 0.6429089 0.9062058 0.4219384 -0.02754956 9.17457e-4 -0.7652927 -0.6436819 -0.2203121 -0.9236772 0.3135014 0 0.5804256 0.8143134 5.37253e-4 0.580507 0.8142551 -0.2217198 -0.9232344 0.3138132 0 -0.7659522 0.6428977 -0.9979849 0.05228632 0.03595024 0.9063341 0.4216578 -0.0276255 -0.9979775 0.05240076 0.03598743 -0.4020442 -0.8207079 0.4059547 -4.59692e-4 -0.7661533 0.6426576 0.9731406 0.2297191 -0.01505178 -4.02112e-4 -0.7661522 0.6426593 0.9739324 0.2262857 -0.01582914 -0.4045597 -0.8204185 0.4040361 -0.4046191 -0.8198372 0.4051549 -0.404869 -0.8199803 0.4046151 0 1 0 0 1 0 0 1 0 0.6302456 0.5440281 -0.5539171 -0.06420642 -0.9450125 0.3206697 -0.9167726 0.329167 0.2262237 0 -0.76595 0.6429001 0.9751209 0.2210068 -0.01718544 0.9751209 0.2210069 -0.01718544 0.9751209 0.2210069 -0.01718544 4.06439e-4 -0.76583 0.6430429 0 0.5804242 0.8143143 0.9710987 0.2383369 -0.01276636 0.9710986 0.238337 -0.01276636 0.9710987 0.238337 -0.01276636 0.9744188 0.2241306 -0.01654386 0.9744188 0.2241307 -0.01654386 0.9744188 0.2241307 -0.01654386 0.9741038 0.2255241 -0.01614546 0.9741038 0.2255241 -0.01614546 0.9741038 0.2255241 -0.01614546 0.9762495 0.215812 -0.01903039 0.9762495 0.215812 -0.01903039 0.9762495 0.2158121 -0.01903039 0.9730902 0.229933 -0.01504087 -0.9169744 0.3287019 0.2260818 0 -0.7659471 0.6429038 -0.2201998 -0.9237203 0.3134532 0.9731299 0.2297638 -0.01506972 -0.2204611 -0.9236658 0.3134302 -8.76316e-4 -0.7663474 0.6424259 -0.603709 0.5257488 0.5992693 -5.34316e-4 -0.8470595 0.531498 -0.6046307 -0.7140509 0.3529209 -0.6044332 0.5251213 0.5990895 -0.6047454 -0.7138136 0.3532041 -0.2190321 0.6435078 0.7334321 2.70366e-4 -0.8483907 0.5293706 2.61146e-4 -0.8483734 0.5293982 -0.6056752 -0.71329 0.3526685 -0.4051176 -0.8656712 0.2940973 -0.4058755 0.6027504 0.6869913 0.001279652 -0.8484526 0.5292698 0.001735925 -0.8486135 0.5290107 -7.43072e-4 -0.7662926 0.6424915 -5.13526e-4 -0.766167 0.6426415 -7.00486e-4 -0.8476274 0.5305915 -2.79905e-4 -0.8476593 0.5305411 -2.79933e-4 -0.8476593 0.5305411 -2.79871e-4 -0.8476592 0.5305411 -0.40551 -0.8654923 0.2940829 0.9701372 0.2422878 -0.01142233 0.9714853 0.2367523 -0.01283276 0.973139 0.2297291 -0.01500397 0.9732014 0.2294557 -0.01513689 0.9731501 0.2296822 -0.01500284 0 -0.8479823 0.5300246 -6.31598e-6 -0.8479552 0.530068 9.6768e-5 -0.8479847 0.5300207 -2.66339e-4 -0.847986 0.5300188 -3.75084e-5 -0.9782018 0.2076569 0 0.7660174 0.64282 -1.04034e-4 0.7658558 0.6430125 0.9976955 0.06770688 -0.004429221 -0.6039098 -0.7546893 0.2563929 0 -0.194909 -0.9808214 3.82084e-5 0.7660343 0.6427997 5.74703e-5 0.76599 0.6428526 -0.4046695 -0.7604823 0.5078479 -0.06363648 -0.1948698 -0.9787626 6.57089e-5 0.7659905 0.642852 1.2078e-4 0.7660403 0.6427927 1.24073e-4 0.7659714 0.6428747 0.9976925 0.06774985 -0.004426658 0.9976932 0.0677396 -0.004440963 -1.4396e-5 0.7659716 0.6428745 -0.4053704 -0.1784685 -0.8965622 -0.7022833 0.1512916 0.6956357 -0.7022615 0.1512714 0.6956622 -0.7022682 0.1512773 0.6956542 -0.220627 -0.1904245 -0.9565889 0.9165175 0.3981661 -0.03820294 -0.7817694 -0.1215796 -0.6116005 -0.7820855 -0.1214705 -0.6112179 2.56888e-5 0.7659931 0.6428489 3.83479e-5 0.7660276 0.6428077 7.93479e-5 0.7660297 0.6428053 -1.46188e-5 0.7659943 0.6428474 1.4025e-6 0.7659879 0.6428551 -0.232911 -0.8777413 0.4187155 2.09575e-4 0.7659647 0.6428827 0 -0.321449 -0.946927 -0.005743026 -0.7673035 -0.6412584 0 -0.3214824 -0.9469157 -0.2343942 -0.8776123 0.4181581 -0.4145006 -0.8215568 0.3914511 -0.4145007 -0.8215567 0.3914511 -0.4145005 -0.8215568 0.3914511 -4.10128e-5 0.7659339 0.6429193 -0.002674341 0.7612252 0.6484821 -0.0026744 0.7612254 0.648482 -0.00267446 0.7612253 0.648482 0 -0.3214541 -0.9469253 -3.42923e-4 -0.321039 -0.9470659 2.8567e-4 -0.3218734 -0.9467827 8.036e-5 -0.03473001 -0.9993968 -0.603739 -0.2562617 -0.7548704 -0.4283807 -0.8154938 0.3891788 -0.4286164 -0.8153687 0.3891812 -5.99843e-6 -0.3213816 -0.9469498 -7.09731e-4 -0.3207601 -0.9471603 -3.86929e-4 -0.3210998 -0.9470453 3.75028e-4 -0.3218792 -0.9467807 -5.90341e-4 0.7656278 0.6432836 -0.3919615 -0.8305183 0.3957343 -0.3919479 -0.830523 0.3957379 -0.3919527 -0.8305213 0.3957368 -0.426586 -0.8164954 0.3890497 0 -0.03418833 -0.9994155 -2.96736e-5 -0.03522849 -0.9993793 -2.04744e-4 -0.0348953 -0.999391 -0.6297701 -0.7010376 0.3345685 2.21619e-4 -0.034891 -0.9993911 -0.7816321 -0.2002906 -0.5907072 0 -0.1949101 -0.9808212 -0.6297535 -0.701052 0.3345695 -3.20405e-4 -0.03498679 -0.9993878 0.001059412 -0.03548556 -0.9993696 -0.7821114 -0.2003127 -0.5900651 0.001383841 -0.03519552 -0.9993796 0 -0.1949089 -0.9808214 -2.51612e-5 -0.1949697 -0.9808093 5.31107e-5 -0.1948156 -0.98084 -2.43185e-5 -0.1949219 -0.9808188 -0.06462204 -0.1945025 -0.978771 0.9170956 0.396844 -0.03808492 -0.06945675 -0.9003587 0.4295697 0 -0.9781324 0.2079834 -0.06355041 -0.1948517 -0.9787718 0.8005914 0.5964692 -0.05725377 0.801167 0.5957052 -0.05715662 0.8064458 0.5886089 -0.05643385 0.8064498 0.5886034 -0.05643391 0.8064486 0.5886051 -0.05643361 0.8015142 0.5952405 -0.05713051 -5.45153e-4 0.6155703 -0.788082 -0.001326501 0.6154619 -0.7881656 -5.00592e-5 -0.9780843 0.2082099 -8.96403e-4 0.6155208 -0.7881202 0.4054808 0.6027122 -0.6872579 0.4055526 0.6026539 -0.6872667 -0.4063523 0.602617 0.6868264 -2.90393e-5 -0.978142 0.2079378 0.4067575 0.602616 -0.6865875 0.4072598 0.6025871 -0.686315 -1 5.07246e-7 0 -0.23445 -0.877605 0.418142 0.001652717 -0.7654445 0.6434997 -0.6296235 -0.2075121 -0.7486742 -0.4056894 0.6027718 0.6870825 -0.01915943 -0.8151291 -0.5789626 -0.01915937 -0.815129 -0.5789626 -0.01915949 -0.8151291 -0.5789626 7.19588e-5 -0.8191198 -0.5736226 -0.6298341 0.4509364 0.6324282 -0.2207015 -0.1904466 -0.9565672 -0.4052312 -0.1785113 -0.8966167 0 -0.6428021 -0.7660323 0.6046012 0.5251783 -0.5988699 0.6045355 0.5251747 -0.5989394 -1.73875e-4 -0.9779511 0.2088341 -0.06920492 0.5790289 0.8123647 -0.2205579 -0.1904413 -0.9566015 -1 -2.72192e-7 0 -0.6298728 -0.7009568 0.3345445 -1.65443e-4 -0.9779573 0.2088053 0.6034634 0.5260015 -0.599295 0 -0.8190898 -0.5736654 0 -0.6426109 -0.7661927 3.4111e-5 -0.6426069 -0.7661961 0.7825288 0.410313 -0.4682862 -0.4052372 -0.1784574 -0.8966248 -0.4053679 -0.1784707 -0.896563 3.83302e-5 0.3734547 0.9276485 -0.603755 -0.1556095 -0.7818348 -3.87207e-4 0.3761194 0.9265712 -2.32262e-4 0.3754122 0.926858 -2.27899e-4 0.375408 0.9268597 -1.10869e-5 -0.03731101 -0.9993037 9.47801e-5 -0.03394532 -0.9994238 0 -0.0274105 -0.9996243 0.7819517 0.4109874 -0.4686588 -0.6040102 -0.15539 -0.7816813 -0.6041657 -0.1554019 -0.7815589 -9.51963e-5 -0.819105 -0.5736437 0.0731467 -0.7976288 -0.5986968 0.07314676 -0.7976286 -0.5986971 0.07314652 -0.7976291 -0.5986966 -3.6118e-5 -0.03478729 -0.9993948 1.75391e-4 -0.03279459 -0.9994622 -0.06470209 -0.3206611 -0.9449816 0.7822007 0.3461341 -0.5180283 -6.66946e-5 0.3746497 0.9271665 -5.13745e-4 -0.04542994 -0.9989674 -0.9979833 0.05230373 0.03596788 -0.8011735 0.4932613 0.3388427 -9.68286e-5 0.3747456 0.9271278 -0.06412112 -0.320721 -0.9450009 6.17579e-5 -0.03376269 -0.9994299 -0.06433546 -0.3207934 -0.9449617 -0.6396436 0.6334851 0.4353765 -0.6396591 0.6334811 0.4353596 -0.6396369 0.6334866 0.4353843 -1.98415e-4 -0.03577083 -0.9993601 9.1782e-5 0.3745622 0.9272018 -1.98387e-4 -0.03576707 -0.9993602 -1.08462e-4 0.3747053 0.927144 -0.220685 -0.3134891 -0.9235923 0 -0.8190831 -0.5736749 -0.2199143 -0.3134669 -0.9237837 0 -0.9023911 0.4309181 -0.2207409 -0.3135036 -0.923574 0.06604933 0.657897 -0.7502061 0.06592524 0.6579731 -0.7501502 -0.8008732 -0.15995 -0.5770772 -0.8007494 -0.1599851 -0.5772395 -0.7874773 -0.6163438 -4.08986e-7 -0.7874773 -0.6163439 -3.36207e-7 -0.7874713 -0.6163514 -6.82194e-7 0.06603413 0.6579994 -0.7501176 -0.4052904 -0.2938122 -0.8656871 -0.4056285 -0.2937512 -0.8655495 0.2190211 0.6433386 -0.7335838 -0.4053741 -0.2937411 -0.8656721 -2.18491e-5 0.3742973 0.9273089 -2.11144e-4 0.375041 0.9270082 -5.08722e-4 -0.9780109 0.2085536 3.04985e-4 -0.9782934 0.2072243 0.2190839 0.6433488 -0.7335562 0.2189146 0.6432825 -0.7336648 -0.9761433 0.1789057 0.1230325 -2.44294e-5 0.3745084 0.9272236 3.16051e-4 0.3739922 0.9274318 0.2182807 0.6435356 -0.7336317 -1.75425e-4 0.3746683 0.9271589 -8.19146e-5 0.3745531 0.9272056 -0.9761386 0.1789276 0.1230388 -0.9979829 0.05229675 0.03599089 -6.17394e-5 0.374526 0.9272165 -6.97394e-4 0.765585 0.6433346 -6.48995e-4 0.7655831 0.6433368 -6.70377e-4 0.7655766 0.6433445 -0.4059041 -0.2937557 -0.8654188 -9.55393e-6 0.3742121 0.9273432 3.9216e-5 0.7659938 0.6428481 0 0.7659948 0.6428468 -0.91679 0.3291307 0.2262065 -1.71121e-4 0.3750379 0.9270095 -1.71602e-4 0.3750203 0.9270167 -2.21633e-4 0.7658543 0.643014 -0.001019954 0.7652296 0.6437568 -3.17899e-4 0.7658877 0.6429743 -9.56542e-4 0.7653645 0.6435965 0.4046577 0.8969343 -0.1782167 0.002606034 0.7671006 0.6415217 0.4047932 0.8968748 -0.178208 0.4055721 0.8965589 -0.1780267 2.23831e-4 -0.5000956 -0.8659703 0.001358211 -0.5008442 -0.8655365 0.001358211 -0.5008442 -0.8655365 0.001358211 -0.5008442 -0.8655365 -0.00133109 -0.4990958 -0.8665459 -6.4187e-4 -0.5004602 0.8657593 -5.14742e-4 -0.5003632 0.8658155 -0.6038916 -0.2561517 -0.7547857 0.06436783 0.9787063 -0.1949124 1.96685e-4 -0.5000938 -0.8659713 0.3261905 -0.3231003 0.8883727 0.3261906 -0.3230997 0.8883729 0.3261913 -0.3230971 0.8883736 0 0.6593362 -0.7518483 0 0.6593382 -0.7518466 -8.75685e-4 -0.4993937 -0.8663747 -0.6038863 -0.2561479 -0.7547911 0 0.7006173 -0.7135372 -0.4288489 -0.8152844 0.3891016 -0.4279834 -0.8156405 0.3893085 -1.45829e-4 0.9396477 -0.3421436 -0.6699926 -0.6699706 0.3197644 -0.6699923 -0.6699711 0.3197642 -0.6699917 -0.6699718 0.3197638 0.001178026 -0.4999393 0.8660598 3.48923e-4 -0.5000334 0.8660061 -0.01027047 -0.4940099 0.8693957 0 0.7006169 -0.7135376 2.44846e-7 0.7006162 -0.7135384 0 0.7006154 -0.7135392 -1.6712e-6 0.7006172 -0.7135373 -0.6036096 -0.2563058 -0.7549588 -1.86705e-4 -0.6696625 -0.7426656 0.229066 0.954097 -0.192945 0.229066 0.954097 -0.1929449 0.229066 0.954097 -0.192945 -0.6298958 -0.7009451 0.3345255 0 -0.4999539 0.866052 1.92804e-4 -0.4997595 0.8661643 1.92837e-4 -0.4997595 0.8661643 1.92806e-4 -0.4997596 0.8661642 7.51759e-6 -0.4999307 0.8660654 6.73944e-5 -0.5000469 -0.8659983 -6.31271e-6 -0.4999352 0.8660629 -0.008292436 -0.494542 -0.8691142 -0.008292436 -0.4945421 -0.8691142 -0.008292317 -0.4945421 -0.8691141 -0.2328269 -0.2597562 -0.9371865 0 0.7659942 0.6428475 -9.10573e-6 -0.4999321 -0.8660646 0.03941631 -0.8082191 -0.5875613 -5.7716e-5 -0.9780659 0.2082955 3.27379e-4 -0.5001301 -0.8659502 1.71007e-6 -0.500007 -0.8660215 -3.50464e-4 0.9397621 -0.3418294 -2.60829e-5 0.7659461 0.6429049 -2.74016e-4 -0.4997081 -0.8661938 0.4054214 0.5078218 -0.7600991 -0.004761338 -0.8203914 -0.5717827 -0.004761278 -0.8203914 -0.5717828 -0.004761338 -0.8203914 -0.5717825 -0.05075198 -0.8311206 -0.5537716 -0.05075192 -0.8311203 -0.5537719 -0.05075198 -0.8311207 -0.5537714 -4.14688e-4 -0.4997419 -0.8661743 -0.7818512 -0.04080665 -0.6221284 -0.9728852 -0.01513594 -0.2307928 -0.9723918 -0.01525104 -0.2328555 -0.9979795 0.06151974 0.01588845 -0.9979793 0.06151932 0.01589834 -0.972911 -0.01508802 -0.2306874 -0.9976936 -0.004451155 -0.06773388 -0.2337576 -0.2593206 -0.9370754 0 -0.939701 -0.3419975 -0.9976965 -0.004429519 -0.06769204 -0.9976653 -0.004455566 -0.06814956 0 0.9954189 -0.0956096 -8.68142e-6 -0.9781478 0.2079113 1.47179e-5 -0.9781395 0.2079497 -0.9979811 0.0614885 0.01590305 -0.242892 -0.4810156 -0.8423939 -0.242893 -0.4810144 -0.8423944 -0.2428894 -0.4810183 -0.8423932 -7.5613e-4 -0.4994974 -0.8663151 0.80128 0.5955553 -0.05713427 0.8015227 0.5952326 -0.05709332 0.8005083 0.5965709 -0.0573576 -0.782163 -0.04063564 -0.6217475 0.4931547 -0.7133995 -0.4978548 0.4931515 -0.7134022 -0.4978544 0.4931546 -0.7133995 -0.4978551 -0.6278629 0.4516404 0.6338842 -0.6278722 0.4516331 0.6338801 -0.6278707 0.4516348 0.6338805 3.36286e-4 -0.7661895 -0.6426146 1.17946e-6 -0.9025875 0.4305066 -7.23579e-4 -0.03824889 -0.9992681 -0.9036207 -0.02801877 -0.4274161 -0.002681374 -0.7680506 -0.6403836 2.13617e-4 -0.0336169 -0.9994348 -0.9067674 -0.02755206 -0.4207301 0.8009822 0.595948 -0.05721557 -0.629185 0.4512111 0.6328783 -0.2325435 -0.8778143 0.4187668 -0.9066942 -0.02750819 -0.4208907 -0.7818716 -0.1215865 -0.6114684 -0.06985032 -0.9003887 0.429443 -0.06933009 -0.9004077 0.4294873 7.18537e-5 -0.03459626 -0.9994014 -0.2334222 -0.8776083 0.4187096 3.83154e-5 -0.9781774 0.2077717 -6.49126e-7 -0.9781641 0.2078346 0.09702539 0.1942673 0.9761385 0.09702521 0.1942673 0.9761385 0.09702545 0.1942673 0.9761385 -7.28746e-5 0.1735853 0.9848188 -0.9979789 0.06152504 0.01590085 -1.96197e-5 -0.9781605 0.2078512 1.39168e-4 -0.9782122 0.2076078 -6.0254e-5 -0.499874 -0.8660982 -0.00254625 -0.4985348 -0.8668659 -8.83783e-5 0.1735449 0.984826 2.17236e-5 -0.9782098 0.2076193 -9.88895e-6 -0.4998666 -0.8661025 3.40135e-5 -0.9781765 0.2077762 -4.63794e-4 0.3091157 -0.9510244 -7.54369e-4 0.3091381 -0.951017 -0.06894576 0.5790275 0.8123877 0 -0.4998426 -0.8661164 0 -0.4998428 -0.8661162 0 -0.4998428 -0.8661162 -1.22037e-4 -0.4998709 -0.8661 8.96427e-4 0.3092859 -0.9509687 -1.64853e-4 -0.9779558 0.2088123 4.96298e-4 -0.7655448 -0.6433825 8.54029e-5 -0.7658674 0.6429988 0.035968 0.1814161 0.9827485 0.03596812 0.1814162 0.9827485 0.035968 0.1814161 0.9827485 -1.38708e-4 -0.977984 0.2086801 1.82771e-4 -0.765851 0.6430181 -1.00571e-4 -0.9025809 0.4305202 -1.03975e-4 -0.9780274 0.2084766 -0.06952065 -0.9003931 0.4294874 -1.97453e-4 -0.1737081 0.9847972 0.001015603 -0.7652218 -0.6437659 -0.06890976 0.5790333 0.8123866 -2.31344e-5 0.1735946 0.9848172 0 -0.9962009 -0.08708512 -0.06930792 0.5789087 0.8124415 0 0.5802714 0.8144232 0 0.5802719 0.8144228 0 0.5802714 0.8144232 0.02195894 0.1736109 0.9845696 0.02195882 0.1736109 0.9845696 0.02195906 0.1736109 0.9845696 0 0.1736266 0.9848117 2.62006e-4 -0.5000606 -0.8659904 2.54434e-4 -0.5000613 -0.86599 -0.2340734 0.5641707 0.7917836 -0.2341042 0.5641644 0.7917791 -4.6812e-4 0.9397171 -0.3419526 -2.96293e-4 0.9396858 -0.3420389 -1.10351e-4 0.1736047 0.9848155 0.003566145 -0.0201767 -0.9997901 2.03453e-4 -0.5000525 -0.8659951 9.56255e-4 0.9394766 -0.3426118 -0.001646876 0.1715039 0.9851821 3.06353e-4 0.9395598 -0.3423845 0.002740681 0.9390262 -0.3438348 2.20396e-5 0.173617 0.9848133 -1.44847e-4 0.1736264 0.9848116 2.27988e-4 -0.9025973 0.430486 -1 4.08164e-7 0 6.42558e-4 -0.7655137 -0.6434193 1.93704e-4 0.1736524 0.9848071 1.76487e-5 0.7660421 0.6427905 -0.06895828 -0.2666372 -0.9613268 -0.06920868 -0.2666425 -0.9613075 4.70078e-4 0.1740304 0.9847402 7.93155e-4 0.1744962 0.9846575 0.01249164 0.1924979 0.9812179 0.01249158 0.192498 0.9812179 0.01249164 0.1924979 0.981218 0 -0.902587 0.4305078 -1 -1.08959e-6 0 -1.8439e-4 0.7658429 0.6430279 0 -0.2670207 -0.9636909 -0.06974124 -0.2664594 -0.9613198 -0.002927362 -0.04514187 -0.9989763 -3.40087e-4 -0.03582537 -0.9993581 -5.67133e-5 -0.9025992 0.430482 -0.232477 -0.2597817 -0.9372662 -0.2326958 -0.2597575 -0.9372187 0 -0.9961844 -0.08727431 0 -0.9397774 -0.3417875 0 -0.9397766 -0.3417893 -2.87311e-4 0.3755664 0.9267956 2.13398e-4 0.3734964 0.9276317 -3.34965e-4 0.3757745 0.9267112 0 -0.8190756 -0.5736857 -0.7821542 -0.1216491 -0.6110945 4.48014e-4 0.3728236 0.9279022 5.28845e-4 0.3726214 0.9279834 0 0.9807357 -0.1953399 0 0.9807419 -0.1953083 -0.9979726 0.06335431 -0.006092131 -0.9979825 0.06319981 -0.006085455 -0.2413149 -0.2588748 -0.9352813 -0.241346 -0.2588725 -0.9352739 -0.241353 -0.2588713 -0.9352724 -0.2335916 -0.2593767 -0.9371013 -0.9068579 -0.08231776 -0.4133189 0 0.9807382 -0.1953272 -0.9066554 -0.08227324 -0.413772 -9.88704e-5 0.3746953 0.927148 0 0.9807455 -0.1952907 0 0.9807392 -0.1953225 -0.9979818 0.06320977 -0.006090939 -0.4290379 -0.2411953 -0.8704891 -0.4284749 -0.241132 -0.870784 -0.4289019 -0.2410794 -0.8705883 -0.4280422 -0.2412186 -0.8709728 -9.33787e-5 0.3748376 0.9270905 0 0.9807437 -0.1952995 0 0.9807396 -0.1953199 -0.9067606 -0.08232033 -0.4135318 -0.9067741 -0.08230948 -0.4135046 -0.431567 -0.2406368 -0.8693929 -0.4315836 -0.2406361 -0.8693848 -0.4315996 -0.2406341 -0.8693773 -0.428146 -0.2410718 -0.8709624 0.8028532 0.2473868 -0.5424267 -2.65018e-5 0.9807424 -0.1953058 -6.74496e-6 0.9807414 -0.1953108 0 0.9807382 -0.1953271 -0.9729272 -0.04512494 -0.226664 8.75773e-4 -0.03500235 -0.9993869 -0.6299518 -0.2074239 -0.7484225 -0.9728417 -0.045143 -0.2270268 -0.5873062 -0.2160248 -0.7800031 -0.5872931 -0.2160263 -0.7800126 -0.5873016 -0.2160257 -0.7800063 -0.6295168 -0.2073752 -0.7488018 -0.6295157 -0.2073763 -0.7488024 -1.33821e-4 0.3748943 0.9270676 0 -0.9848102 0.173635 0 -0.9848102 0.1736345 -0.06430172 0.978713 -0.1949009 -0.06436777 0.9787091 -0.1948987 -3.54863e-4 0.3754926 0.9268254 0 0.374467 0.9272403 0 0.3744698 0.9272391 0 -0.9069834 0.4211666 -0.9728871 -0.04517465 -0.226826 0 -0.9847952 0.17372 0 -0.984795 0.1737205 0 -0.9025879 0.4305058 0 -0.9025875 0.4305065 0 -0.9025877 0.4305061 0 -0.9025881 0.4305052 -1.1735e-4 -0.9780725 0.2082648 8.17024e-5 -0.9781221 0.2080324 0 -0.9961805 -0.08731818 -0.4045292 0.8969269 -0.1785448 -0.9728879 -0.04517626 -0.2268224 1.67218e-6 -0.9025799 0.4305226 -0.4053818 0.8965532 -0.1784881 -7.04937e-5 -0.9780856 0.2082033 -2.81151e-5 -0.9781045 0.208115 0 -0.9962009 -0.08708506 0 -0.4999562 -0.8660508 0 -0.4999585 -0.8660495 -2.19994e-5 -0.9780931 0.208168 0.8001509 0.2484513 -0.5459219 0.8011335 0.2480893 -0.5446438 -1 1.01442e-6 0 -0.9729527 -0.07418632 -0.218768 0.8011888 0.2480854 -0.5445644 0.001790702 -0.0336309 -0.9994328 4.20951e-4 -0.03466933 -0.9993988 8.31134e-4 -0.03438562 -0.9994083 -4.70939e-5 -0.9961808 -0.08731508 -0.4045588 0.8969832 -0.1781947 -0.4030796 0.8976171 -0.1783552 2.70028e-4 0.9395372 -0.3424469 -0.001538753 -0.8835736 -0.4682899 -0.4043563 0.8970649 -0.1782433 -0.97296 -0.07419723 -0.2187322 -0.9066197 -0.1355111 -0.3995967 0.003646731 -0.02327996 -0.9997224 5.54821e-4 -0.8827207 -0.4698978 -0.6040815 0.7816235 -0.1554042 -2.87362e-5 -0.8828942 -0.4695721 -0.603941 0.7817256 -0.1554368 -2.20617e-4 -0.8829604 -0.4694473 9.29652e-4 -0.8825499 -0.4702181 -3.48299e-5 -0.8828994 -0.4695625 0.9977004 0.06647729 -0.01321631 -0.6044211 0.781394 -0.1552374 0 -0.8828605 -0.4696354 -8.90271e-5 -0.8829542 -0.4694594 -0.6045541 0.7812904 -0.1552411 0.05389338 0.9235371 -0.3797036 -2.79153e-4 0.9397196 -0.3419463 8.26265e-4 -0.8816244 -0.4719511 -3.1418e-4 0.9396824 -0.3420481 -5.91383e-4 0.9397826 -0.3417724 -0.2208202 0.9565563 -0.1903647 -0.9728694 -0.07445633 -0.2190466 -0.9729336 -0.07433241 -0.2188038 -0.6299847 -0.2074194 -0.748396 0.9165559 0.3980782 -0.03819727 0.4056482 0.5078284 -0.7599737 -0.6043657 0.7544127 -0.2561324 0.9165492 0.3980932 -0.03820139 -0.9976966 -0.01323747 -0.06653124 0.9197656 0.3906732 -0.03749263 0.9197658 0.3906726 -0.03749251 0.9197658 0.3906728 -0.03749257 2.297e-5 0.9954175 -0.0956242 0.4055359 0.4041844 -0.8198633 0.9763369 0.2152646 -0.02067583 0.9762571 0.2156249 -0.02069336 -0.782045 0.5901391 -0.2003534 -0.1247476 0.9876358 -0.09493976 -0.1247475 0.9876359 -0.0949397 -0.1247475 0.9876358 -0.09493976 0.4054745 0.4041497 -0.8199108 0.9814198 0.1909919 -0.01837092 0.9814198 0.1909914 -0.01837098 0.9814198 0.1909915 -0.01837092 -0.2337509 0.9678351 -0.09303623 -0.9976956 -0.01323491 -0.06654751 -0.9976922 -0.01325714 -0.06659382 1.39359e-4 0.9396072 -0.3422549 -0.06880271 0.9930572 -0.09541326 -1.74656e-4 0.9396687 -0.3420858 0 0.5802616 0.8144302 2.35951e-7 0.5802733 0.814422 -1.3723e-7 0.5802616 0.8144302 -0.2337527 0.9678348 -0.09303539 0.4057534 0.404011 -0.8198412 -0.001360535 0.9399656 -0.3412665 -2.18715e-4 0.939682 -0.3420494 -2.12236e-4 0.9396994 -0.3420016 -6.44781e-4 -0.7661669 0.6426414 -2.77057e-4 -0.9026107 0.4304578 2.65983e-4 -0.9025537 0.4305775 -0.9976917 -0.02181494 -0.06430804 -0.9976903 -0.02184087 -0.06432086 -0.4288902 0.8991896 -0.08666777 -1.21531e-4 0.9396702 -0.3420819 0 -0.4999602 -0.8660485 0.1137576 0.9250414 -0.3624328 0.1137576 0.9250414 -0.3624328 0.1137574 0.9250415 -0.3624328 5.7651e-4 0.9394981 -0.3425538 0 -0.766094 0.6427286 0 -0.7660955 0.6427268 0 -0.766094 0.6427286 0 -0.4999552 -0.8660514 -4.57677e-4 -0.766162 0.6426473 -0.6300067 0.7730057 -0.07452332 2.05139e-5 -0.765917 0.6429396 -0.1242749 0.9601337 -0.2503982 -0.1242724 0.9601343 -0.2503966 -0.1242735 0.9601341 -0.2503973 0 -0.4999522 -0.8660531 2.87503e-4 -0.7658323 0.6430404 -0.6297713 0.7732037 -0.07445925 -0.6296526 0.7733005 -0.07445698 0 -0.4999554 -0.8660512 0.6038532 0.3523445 -0.7149929 0 -0.7658065 0.6430712 0 -0.7658064 0.6430712 1.53304e-7 -0.7658086 0.6430687 1.28633e-4 0.173792 0.9847824 -0.06917744 -0.2666462 -0.9613087 -0.8006327 0.5407361 -0.2580541 0 -0.5000171 -0.8660156 2.8069e-4 -0.7658327 0.64304 5.5502e-4 -0.5002387 -0.8658875 6.3586e-4 0.1741701 0.9847154 0 -0.902587 0.4305075 -3.84516e-4 0.939711 -0.3419696 -0.4142302 -0.808403 0.4182081 -0.4142218 -0.8084071 0.4182084 -0.4142303 -0.8084033 0.4182074 -3.52961e-4 0.9397128 -0.3419646 0.6043174 0.3523539 -0.7145959 0.604336 0.3523349 -0.7145895 -0.718336 0.692488 -0.06673699 -0.7183363 0.6924877 -0.06673693 -0.7183353 0.6924887 -0.06673687 0 -0.3735454 -0.927612 5.82571e-5 -0.3734896 -0.9276345 0 -0.4999625 -0.8660471 -5.32849e-4 -0.4997673 -0.8661597 -0.4292446 0.8990237 -0.08663511 7.14818e-6 0.9395676 -0.3423635 0 -0.4999433 -0.8660582 0.7816618 0.2758258 -0.5593969 -0.428805 0.89923 -0.08667016 2.44834e-4 0.9395467 -0.3424208 0 0.9395886 -0.342306 0 -0.4999612 -0.8660479 4.29366e-4 0.9395414 -0.3424351 -0.6295878 0.7733526 -0.07446473 0.7822749 0.2757466 -0.5585783 -0.6291926 0.4512532 0.6328406 7.7021e-4 -0.5005353 -0.8657159 9.79385e-6 -0.2672674 -0.9636224 1.66183e-4 -0.2672993 -0.9636136 -1.63326e-4 -0.2672736 -0.9636207 6.52908e-4 -0.5004663 -0.8657558 -3.35305e-4 0.1735149 0.9848313 -0.4286421 0.5246984 0.7354982 -0.4286615 0.5246957 0.7354889 -0.4285708 0.5247182 0.7355257 3.68e-5 -0.2672795 -0.9636191 0.08825355 0.2367303 0.9675589 0.08825331 0.2367304 0.9675588 0.08825367 0.2367305 0.9675588 0.7822843 0.2757304 -0.5585732 1.67889e-4 -0.2673267 -0.963606 0.60427 0.4426314 -0.6625219 0 -0.4999212 -0.8660709 1.59169e-5 -0.4999038 -0.8660809 9.50247e-6 -0.9781426 0.2079355 0.6045427 0.4425984 -0.6622952 -1.27675e-4 -0.9779688 0.2087514 -5.00927e-4 0.1733072 0.9848677 -8.06326e-4 0.1731182 0.9849007 0.7822955 0.3461058 -0.5179039 0 -0.4999555 -0.866051 -1.83114e-4 -0.9779364 0.2089031 6.22188e-5 -0.3736539 -0.9275683 0 0.4420265 -0.897002 -3.67996e-5 -0.946916 0.3214811 9.22361e-5 -0.9782004 0.2076635 0 -0.9781321 0.2079846 3.12579e-4 -0.9784293 0.2065821 -1.91503e-5 -0.9807486 0.1952748 0 -0.9807481 0.1952773 -0.03853505 0.1555185 0.9870811 -0.03853499 0.1555181 0.9870811 -0.03853499 0.1555185 0.9870811 1.95737e-4 -0.9782955 0.2072151 0.06422954 0.4414052 -0.8950062 0 -0.9807466 0.1952849 -6.38058e-5 0.173573 0.9848211 -5.40008e-4 -0.7661681 0.6426399 0 -0.9807467 0.1952842 0 -0.9807466 0.1952848 -1.89546e-4 -0.9807681 0.1951771 0 -0.9781637 0.2078362 -0.03921717 0.1549945 0.9871367 -0.03921699 0.1549945 0.9871367 -0.03921699 0.1549946 0.9871367 3.82661e-4 -0.9783907 0.2067647 0.06512349 0.4410887 -0.8950976 -3.08315e-4 0.9397092 -0.3419744 2.21257e-4 -0.9807227 0.1954049 -0.06897908 0.993047 -0.09539175 -3.79417e-4 -0.7661328 0.6426821 -4.48326e-5 -0.2672746 -0.9636204 0.9763267 0.2153091 -0.02069664 7.57941e-4 0.9394996 -0.3425491 0.06512212 0.441088 -0.8950981 0.06505209 0.554649 -0.8295377 0.9979718 0.06336694 -0.006092131 0 0.9395951 -0.3422884 -4.81341e-4 -0.7661182 0.6426994 0.2199658 0.4313444 -0.8749611 -1.569e-4 -0.2672886 -0.9636166 0 -0.2672851 -0.9636175 0 -0.2672563 -0.9636256 -5.19836e-4 -0.7661582 0.6426518 -0.0216217 0.1716707 0.9849172 -0.02162128 0.1716706 0.9849172 -0.0216211 0.1716707 0.9849172 0 0.9396457 -0.3421491 -3.51722e-5 0.9396294 -0.3421939 0.2191101 0.5423198 -0.811098 0.8011127 0.5957762 -0.05717784 -0.4059139 0.4038191 0.8198562 0 -0.2672852 -0.9636175 0.06584978 0.5543761 -0.8296571 -8.11654e-4 0.9398663 -0.3415419 1.92869e-4 0.1737194 0.9847952 0.04315966 0.1583206 0.9864441 0.04315912 0.1583207 0.9864441 0.04315853 0.1583206 0.9864442 6.7832e-5 0.1737414 0.9847913 5.88139e-5 0.1737269 0.984794 0 0.9396458 -0.3421491 1.86605e-4 0.1738606 0.9847704 2.73829e-4 0.1738836 0.9847663 0.220476 0.4314355 -0.8747879 -0.6043379 0.3523393 0.7145857 -1.13741e-5 0.1736914 0.9848002 -0.07698178 0.1831506 0.9800662 -0.0769819 0.1831507 0.9800662 -0.07698214 0.1831508 0.9800661 -5.06407e-4 0.1733802 0.9848549 -5.28047e-4 0.173383 0.9848544 -3.26957e-4 0.1733876 0.9848537 -1.49503e-4 -0.8828592 -0.4696379 6.97211e-4 0.1736342 0.98481 -0.6302026 0.7007258 -0.3344072 -3.66255e-5 0.5555814 0.8314622 9.22676e-4 0.9393848 -0.3428635 4.37755e-5 0.173681 0.984802 0.001871943 0.1747913 0.9846038 0 0.9396222 -0.3422137 0.4058499 0.9119816 0.05979573 0.219938 0.4313188 -0.8749809 0.6042997 0.79505 0.05212962 -1.26456e-4 0.5561364 0.8310911 7.1432e-5 0.5553606 0.8316097 0 0.5555531 0.8314811 7.24471e-6 -0.26725 -0.9636273 -9.4605e-4 0.1733298 0.9848635 0.6041944 0.7951272 0.05217331 1.39583e-4 0.1736708 0.9848037 0.2199562 0.4313476 -0.8749621 2.79527e-4 0.1737976 0.9847814 -0.001492083 0.9398844 -0.3414899 0.7818492 0.6221298 0.04082125 -0.801035 0.54024 -0.2578446 -1.59822e-4 0.1735632 0.9848228 -8.41091e-4 0.1732427 0.9848789 -1.02937e-4 0.173558 0.9848237 -6.03025e-4 0.9397411 -0.3418867 0.2199263 0.5419902 -0.8110976 1.08212e-4 0.1737954 0.9847818 6.98445e-5 0.1736884 0.9848006 -0.06500369 0.5543787 0.8297221 2.11623e-4 0.8484171 -0.5293283 -0.06510072 0.5544027 0.8296985 0 0.9396221 -0.3422142 5.63485e-4 0.93949 -0.3425763 -0.2193107 0.5421102 0.8111839 -0.2191784 0.5420216 0.811279 0 -0.2672854 -0.9636175 -1.71665e-4 -0.2672612 -0.9636242 -0.219278 0.4311044 0.8752521 0 0.5555816 -0.831462 -2.3532e-4 0.1734731 0.9848386 9.21303e-5 0.4999325 0.8660645 0.7818191 0.6221677 -0.04082399 -1.85013e-4 0.8473891 -0.5309724 6.06786e-4 0.9394852 -0.3425891 0.001119196 0.939393 -0.3428407 -0.2201433 0.5417836 0.8111765 -0.2191855 0.5420449 0.8112615 0 0.9396221 -0.342214 0 0.9954169 -0.0956307 5.73735e-5 0.9954169 -0.09563124 -0.4061235 0.5076554 0.7598354 -0.4060304 0.5077477 0.7598235 -0.405575 0.5077242 0.7600824 0 0.9396196 -0.3422209 -9.08294e-5 0.4998921 0.8660877 0.4057688 0.9120166 -0.05981343 0 0.1737014 0.9847984 5.28254e-5 0.4143348 -0.9101245 -8.96746e-5 0.4142869 -0.9101464 -0.4057128 0.5077409 0.7599976 -0.001066446 0.9398768 -0.3415122 -5.96979e-4 0.939773 -0.3417989 0 0.1737011 0.9847984 -6.64365e-5 0.4999635 0.8660466 -6.0801e-5 0.9954175 -0.09562492 6.25803e-5 0.9954161 -0.09563976 -0.01196438 0.4925738 0.8701885 -0.01196438 0.4925737 0.8701885 -0.01196426 0.492574 0.8701884 0.6041737 0.7951428 -0.05217438 0 0.1736988 0.9847988 6.6481e-4 0.939489 -0.3425787 -0.604327 0.442689 0.6624315 0.6041936 0.7951263 -0.05219453 0.4293341 0.3742441 -0.8219573 6.28537e-4 0.1740942 0.9847289 0 0.9954174 -0.09562593 -6.13741e-5 0.9954182 -0.09561765 -0.6043587 0.4425864 0.6624711 -0.6042683 0.4426968 0.6624797 0 0.173624 0.9848121 0 0.1736251 0.9848119 -1.38242e-4 0.5804196 0.8143176 0 0.1736258 0.9848117 0.6043192 0.7950343 -0.0521422 -6.46955e-4 0.1732575 0.9848764 0 0.1736231 0.9848122 -0.5918772 0.6701499 -0.4478623 -0.5918772 0.6701498 -0.4478623 -0.2344056 0.5641374 0.791709 -0.2342903 0.5640806 0.7917836 -0.2340688 0.5641602 0.7917923 -5.93165e-4 0.173225 0.9848822 0.7821934 0.6217101 -0.04062128 0.7822007 0.6217004 -0.04062956 -0.9067571 0.3992609 -0.1355814 -0.4278858 0.5247185 0.7359241 -0.9067513 0.3992729 -0.1355851 1.74139e-5 0.9954175 -0.09562546 -4.6275e-5 0.9954165 -0.09563505 -0.4268491 0.5247642 0.7364933 0 0.1736982 0.984799 -0.9976921 -0.02184063 -0.06429445 4.78321e-4 0.1740735 0.9847325 -0.6300858 0.4509773 0.6321482 -0.6302779 0.4509061 0.6320074 2.30439e-5 -0.9953884 0.09592711 0 -0.882867 -0.4696232 3.38334e-5 0.1736574 0.9848061 -0.9069628 0.398896 -0.1352794 1.80982e-5 0.1736776 0.9848026 1.06571e-5 0.8479931 -0.5300074 -4.12001e-4 0.8475479 -0.5307189 -2.11209e-5 0.8478983 -0.5301591 -5.29496e-4 0.8471344 -0.5313785 0 -0.9953866 0.09594577 -0.9069765 0.3988684 -0.1352691 -0.7825513 0.5175757 -0.346019 8.29715e-5 -0.8827046 -0.4699285 1.40714e-4 -0.8826295 -0.4700696 -0.003479421 0.8454177 -0.5340945 3.23218e-5 0.8479455 -0.5300835 -7.05096e-5 -0.1736453 -0.9848083 0 0.1737 0.9847986 6.34532e-4 0.1739939 0.9847465 -0.7822861 0.5179097 -0.3461186 9.63857e-5 0.847958 -0.5300635 -7.30345e-5 -0.1736481 -0.9848078 -5.43441e-5 0.8478631 -0.5302153 -1.03811e-5 0.9954171 -0.09562927 5.89229e-5 0.9954158 -0.09564238 0 -0.995387 0.0959416 -7.10071e-5 0.8477528 -0.5303915 0 0.1736257 0.9848118 -0.782203 0.5180254 -0.3461332 -8.36378e-4 -0.1729837 -0.9849243 -3.85933e-4 -0.8835037 -0.4684242 -6.09066e-4 0.1733807 0.9848547 -4.70236e-4 -0.1732724 -0.9848739 0.4292479 0.8990203 -0.08665436 -5.32293e-4 -0.8836748 -0.4681012 1.33472e-4 0.173669 0.9848042 1.07318e-4 0.1736754 0.984803 -0.7802904 0.5199788 -0.3475183 0 0.1736266 0.9848117 3.85483e-6 0.8480891 -0.5298538 4.00088e-5 0.8481621 -0.5297368 -2.53277e-4 0.8479927 -0.5300081 0 -0.1737062 -0.9847976 0.001027166 -0.8825478 -0.4702215 7.90466e-4 -0.03442639 -0.9994069 5.8296e-4 -0.1740996 -0.9847279 1.4256e-4 0.8481842 -0.5297014 2.0232e-5 0.8482517 -0.5295935 0.404636 0.8659596 -0.2939112 0.4049628 0.8658241 -0.29386 6.58479e-4 -0.8826718 -0.4699894 5.8893e-4 -0.8827027 -0.4699317 0 -0.995387 0.09594202 -0.9067327 0.3507338 -0.2341403 0 -0.1737161 -0.9847958 0 -0.1737114 -0.9847966 -2.43051e-5 0.8478729 -0.5301997 -0.7817307 0.5905082 -0.2004925 0.40589 0.8653447 -0.2939932 0.801434 0.5953559 -0.05705285 0.4058242 0.8963602 -0.1784524 -2.2127e-4 0.8473188 -0.5310848 0.2203007 0.9566573 -0.1904582 -7.60568e-4 -0.03559994 -0.9993659 1.93102e-4 0.8483708 -0.5294025 0 -0.1737107 -0.9847968 -0.7818548 0.5903504 -0.2004734 -0.7814929 0.5908272 -0.2004796 8.40221e-5 -0.03480362 -0.9993942 1.43472e-4 -0.03473472 -0.9993966 0 0.5804021 0.8143302 5.57648e-6 0.5804184 0.8143185 0.06463336 0.9449862 -0.3206613 9.50284e-4 -0.1744015 -0.9846742 0 -0.1737116 -0.9847967 -0.001949369 -0.03630936 -0.9993388 -1.51872e-4 -0.03494781 -0.9993892 1.49892e-4 -0.03461176 -0.9994009 0 0.8479846 -0.530021 -2.80542e-4 -0.8830049 -0.469364 -1.84647e-4 0.8473898 -0.5309714 -2.62211e-5 -0.9953877 0.09593355 -2.77507e-5 -0.9953877 0.09593439 -0.9976905 0.0643208 -0.02183377 -4.41002e-4 -0.03581714 -0.9993583 1.03904e-4 -0.03485465 -0.9993924 -2.10213e-4 0.8473498 -0.531035 -0.001108169 -0.173124 -0.9848995 -6.23783e-4 -0.1733508 -0.98486 4.23348e-4 -0.3746353 -0.9271723 0 0.8479597 -0.5300607 -4.41609e-4 -0.8830699 -0.4692414 2.4238e-4 0.8484705 -0.5292429 2.18878e-5 0.8479352 -0.5301001 1.81115e-4 0.8483521 -0.5294325 6.03213e-5 -0.9953856 0.09595596 -0.9729353 0.2188356 -0.07421511 -0.9728254 0.2192285 -0.07449561 0 0.4143013 -0.9101399 -5.53999e-4 -0.03674626 -0.9993246 0.06428545 0.944967 -0.3207879 0.06367009 0.9450081 -0.3207895 0 -0.1737105 -0.9847968 0 -0.1737105 -0.9847968 0.4278252 0.3748666 -0.8224602 -1.65461e-4 -0.3742293 -0.9273363 9.48559e-4 -0.03431159 -0.9994108 0.001769244 -0.03329938 -0.999444 0 -0.1737129 -0.9847964 -2.31508e-4 0.7658253 -0.6430487 -0.00110954 -0.03593802 -0.9993534 -1.30591e-4 0.7658653 -0.6430013 -4.17478e-4 0.7657348 -0.6431564 2.48678e-4 -0.03478676 -0.9993948 7.88695e-4 -0.03442633 -0.9994069 3.37216e-4 -0.7657533 0.6431343 1.59398e-4 -0.765841 0.6430301 0.4293242 0.8989845 -0.08664751 3.67229e-4 -0.1738198 -0.9847774 0.2211773 0.9234783 -0.313478 -1.09532e-4 -0.7659676 0.6428793 0.2202943 0.9236609 -0.3135621 -0.4044058 0.4045581 0.820237 -0.6041767 -0.7815695 0.1553058 -0.6044213 -0.7813879 0.1552679 0.7187019 0.6921093 -0.06672602 0.7187024 0.6921088 -0.06672614 0.7187022 0.6921089 -0.06672608 0.6300529 0.7729683 -0.07452225 -0.60461 0.3523362 0.714357 0.2203733 0.9566446 -0.1904383 1.72975e-5 -0.3744947 -0.9272291 0.6291126 0.7737341 -0.07451963 0.629746 0.7732259 -0.0744425 -0.4044427 0.2939184 0.8660475 -0.8011315 0.5401566 -0.2577193 0.8011672 0.5956845 -0.05736994 0.8007702 0.5962153 -0.05739897 0.8006522 0.5963692 -0.05744481 -0.4028461 0.2941671 0.8667069 -0.4045512 0.293839 0.8660236 0.2200248 0.923748 -0.3134945 0.2202472 0.9236907 -0.313507 -0.9162427 0.3615656 -0.1725387 -0.916751 0.360513 -0.1720406 0 -0.8828964 -0.4695679 -6.34726e-5 -0.8828724 -0.469613 7.53641e-5 -0.8828583 -0.4696395 0.06440496 0.9787023 -0.19492 0.9976949 0.06086337 0.03001368 -1.35172e-4 -0.8828955 -0.4695697 -0.06890314 -0.993019 0.09573787 -0.06903618 -0.9930112 0.09572285 0.06474536 0.9787092 -0.1947728 -0.4077308 0.2937625 0.8645572 0.9731488 0.2064406 0.1018033 3.70115e-5 -0.3746115 -0.9271819 0.220154 0.9567043 -0.1903927 -0.4052627 0.2940534 0.8656182 -0.6046448 0.2559834 0.7542396 3.04172e-4 -0.3755596 -0.9267982 -8.91568e-4 -0.3748981 -0.9270656 -0.604651 0.2559899 0.7542324 3.36687e-5 -0.8828861 -0.4695874 0.9976901 0.06091153 0.03007251 0 -0.8828961 -0.4695685 0 -0.3748393 -0.9270898 7.58092e-6 -0.8828899 -0.4695801 5.40807e-5 -0.8828918 -0.4695765 -2.37966e-5 -0.3738359 -0.927495 0.9731379 0.2064737 0.1018397 3.78109e-4 -0.8829051 -0.4695516 -2.51481e-5 -0.3745891 -0.927191 -0.4278712 -0.8997008 0.08639949 0 0.9807391 -0.1953231 0.9976931 0.05649751 0.03763812 0.9977 0.05659043 0.03731483 -0.405139 0.1784552 0.8966695 -0.6297556 -0.7732172 0.07445138 -8.87209e-4 -0.8835077 -0.468416 3.53239e-4 -0.8827808 -0.469785 0.9737473 0.1894602 0.1261785 4.39998e-4 -0.8822959 -0.470695 0.9731401 0.1920076 0.1270099 0.9731329 0.1912342 0.1282261 0.9731603 0.1920317 0.1268185 2.59574e-4 -0.8825164 -0.4702816 0.4270502 0.8162991 -0.3889525 -2.34243e-4 -0.1735284 -0.9848288 -6.71685e-5 -0.3736115 -0.9275853 -9.44412e-6 -0.3735609 -0.9276058 0.9977687 0.05551242 0.03709453 -4.72216e-4 -0.1734845 -0.9848365 -0.6294015 -0.4513047 -0.6325961 2.69143e-4 -0.1738543 -0.9847714 0 -0.3728682 -0.9278843 3.55641e-5 -0.3735644 -0.9276043 1.18788e-4 -0.1738215 -0.9847772 2.36752e-4 -0.1738312 -0.9847754 0 -0.1739715 -0.9847507 -2.10074e-4 -0.3756075 -0.9267789 0.9063387 0.08253788 -0.4144126 0.976257 0.1784771 0.1227529 0.9763607 0.1781021 0.122473 0.9068427 0.08229804 -0.4133565 0.009756982 0.5078283 0.8614032 -0.02874672 0.475378 0.879312 1.09276e-4 0.5000594 0.8659911 0.001473426 -0.1747073 -0.9846194 4.83541e-4 0.5003572 0.865819 0.07105457 -0.2320633 -0.970102 0.07105487 -0.2320622 -0.9701022 0.07105457 -0.2320631 -0.970102 0.9979835 0.05230134 0.03596735 0.9979776 0.05239975 0.03598678 -0.06101506 -0.122175 -0.9906314 -0.06101512 -0.122175 -0.9906314 -0.06101495 -0.1221749 -0.9906314 0.7816292 0.2002776 -0.5907156 -0.4286001 -0.899357 0.08636683 -1.02428e-4 0.4999466 0.8660562 -0.6301151 -0.7729252 0.07444196 0.9063494 0.1356707 -0.4001553 -1.12553e-4 -0.8476824 0.5305042 -4.22858e-6 -0.8477082 0.530463 -0.6322152 -0.7712447 0.07406598 -0.6322154 -0.7712444 0.07406592 -0.6322146 -0.7712452 0.0740658 -1.25204e-4 -0.8476185 0.5306061 -3.33662e-5 -0.8479614 0.5300581 -0.4283832 -0.8994582 0.08638787 0.9063516 0.1357077 -0.4001378 0.9063161 0.1357154 -0.4002155 0.6297267 0.6403238 0.4398066 -0.6293933 -0.7735049 0.07452774 0.06808817 0.9004934 -0.4295065 0.8009623 0.4935324 0.3389472 -9.06276e-6 -0.1737042 -0.984798 0.9976933 0.01325261 -0.06657779 -0.1877204 0.3719741 0.9090635 -0.1877233 0.3719735 0.9090632 -0.1877141 0.3719759 0.9090639 -0.2343242 -0.5640767 -0.7917764 6.09579e-5 -0.1737227 -0.9847946 5.85306e-5 -0.1737226 -0.9847947 1.43976e-4 -0.8484789 0.5292292 1.19328e-4 -0.8484601 0.5292595 0.001076579 -0.3744603 -0.9272423 -8.01996e-5 -0.3744183 -0.92726 -5.42448e-5 -0.3745087 -0.9272235 -6.87537e-4 -0.3748576 -0.9270821 0.9731452 0.04494071 -0.225763 -0.9063674 0.3511203 -0.234974 -1.05616e-5 -0.3744324 -0.9272543 -9.98405e-5 -0.9902438 -0.1393462 -2.1621e-4 -0.3744915 -0.9272304 4.88959e-5 -0.3744701 -0.9272391 -0.002267897 -0.8254445 -0.5644788 -0.002267837 -0.8254446 -0.5644786 -0.002267837 -0.8254446 -0.5644787 -4.9334e-5 -0.8190989 -0.5736525 -0.9064987 0.3510528 -0.2345681 -0.9066094 0.3509456 -0.2343002 -7.5887e-4 -0.3744663 -0.9272403 -8.86633e-4 -0.1730546 -0.9849119 -4.32129e-4 -0.1733933 -0.9848526 5.46858e-4 0.6155674 -0.7880841 -0.001372456 0.6159093 -0.787816 8.96412e-4 0.6155273 -0.788115 -0.9728916 0.1923376 -0.1284067 -6.25884e-4 -0.1732084 -0.984885 0.9977292 0.0131402 -0.0660603 -0.7816525 -0.2002635 -0.5906894 -0.7816225 -0.2002838 -0.5907222 0.001326441 0.6154937 -0.7881408 0 -0.374486 -0.9272327 0.002371549 -0.3726738 -0.9279594 -5.3087e-5 -0.3744997 -0.927227 -0.9730125 0.1918179 -0.1282679 0 0.9469671 -0.3213307 0 0.9469667 -0.3213319 0.9976941 0.01325511 -0.06656432 0.9976934 0.02181065 -0.06428307 -5.89952e-6 0.9396163 0.3422296 1 -2.72397e-7 0 -0.9711962 0.1981924 -0.1322786 -0.9729329 0.1921636 -0.128354 0 -0.8190889 -0.5736665 1.68392e-6 -0.8190869 -0.5736696 6.85095e-4 -0.6398188 -0.7685256 6.85139e-4 -0.6398188 -0.7685256 6.85209e-4 -0.6398188 -0.7685256 0 -0.642612 -0.7661918 -1.32037e-5 -0.6426072 -0.7661958 -0.9068135 -0.1353066 -0.3992261 -0.997691 0.0564754 -0.03772509 0.997689 0.021851 -0.06433594 0.9976942 0.02181369 -0.06427025 -0.4049657 -0.8968048 0.1781687 -0.4043554 -0.8970696 0.1782221 -0.6044836 -0.7813463 0.1552338 0.9730907 0.0741083 -0.2181802 0 0.9025878 -0.4305058 -0.6042753 -0.7815017 0.1552627 0.9731304 0.07407379 -0.2180149 0.9731801 0.07405251 -0.2178 -0.06517767 -0.9786383 0.194985 5.67136e-4 -0.3725182 -0.9280248 -3.51268e-4 -0.3755016 -0.9268218 -0.06427907 -0.9449671 0.3207889 -1.20102e-4 0.9395241 0.3424829 0.9763593 0.1781085 0.1224746 -0.9068166 -0.1352986 -0.3992218 -0.9068495 -0.1353265 -0.3991375 0.9734188 0.07323831 -0.2170072 0.997983 0.05229431 0.03599029 -0.06458878 -0.9449852 0.3206734 0.9731832 0.0738793 -0.2178449 0 0.9025881 -0.4305055 -0.7821798 0.4684987 -0.4107356 -0.7822172 0.4684551 -0.4107144 0 -0.3744915 -0.9272304 0.8014177 0.4929144 0.3387705 -0.4045254 -0.8660103 0.293914 -0.4040235 -0.8662144 0.2940031 0 -0.3744925 -0.9272301 0.4231722 0.7533706 -0.5033469 -0.9067651 0.3168974 -0.2781246 0.7814402 0.1218388 -0.6119694 -0.9071041 0.3161977 -0.2778151 0.4051516 0.760291 -0.5077498 -0.1909152 -0.9627478 0.1914898 -0.2202779 -0.956665 0.190446 -0.2204041 -0.9566411 0.1904207 0.001983344 -0.8135762 -0.5814549 0.4050298 0.7603501 -0.5077585 -0.4054538 -0.8965224 0.1784799 -0.9064962 0.3174784 -0.2783383 -0.9065085 0.3174639 -0.2783147 7.66316e-4 -0.1740739 -0.9847323 0.9062944 0.08252286 -0.4145125 -0.9728474 0.1739913 -0.1526269 -0.9976901 -0.03004878 -0.06092339 -0.9729114 0.1737678 -0.1524739 -0.2203903 -0.9566378 0.1904526 0.2188296 0.8112576 -0.5421946 -0.2205229 -0.9566068 0.1904553 0.2199834 0.8112429 -0.5417492 0.9163758 0.3299085 0.2267503 0.2198627 0.8112588 -0.5417745 0 -0.6685354 -0.7436803 -0.9979802 0.004975914 -0.06333029 0.9165502 0.3295044 0.2266333 -0.0306524 -0.1541054 -0.9875789 -0.03065222 -0.1541056 -0.9875789 -0.03065228 -0.1541054 -0.9875789 0.973192 0.04499346 -0.2255505 -0.404143 -0.8971546 0.1782753 1.75175e-4 0.9025865 -0.4305086 0.9722129 0.04449957 -0.2298304 0.9731574 0.04498046 -0.2257022 0.9979856 0.05227416 0.0359503 0.4290289 0.815199 -0.3890821 -0.9729269 0.1737012 -0.1524509 -0.9729267 0.1737017 -0.1524515 -0.9976931 0.05103528 -0.04476541 0.8010296 0.4934438 0.3389169 0.9746988 0.04578483 -0.2187836 0.9725252 0.04463118 -0.2284795 0.06880766 0.9004365 -0.4295111 0 0.9026934 -0.4302845 0.973663 0.04524046 -0.2234584 0.9728049 0.0447871 -0.227255 0.2331817 0.8777973 -0.4184473 0 1 -6.36591e-7 0 1 0 0 1 -2.93064e-7 0 1 0 0.9731324 0.04496186 -0.2258139 4.53401e-5 -0.9807395 0.19532 0.9740953 0.04540497 -0.2215328 0.9720214 0.04449027 -0.2306404 0.9730591 0.04495465 -0.2261312 0.9731332 0.04497134 -0.2258087 -0.0645157 -0.9786964 0.1949138 -0.06455159 -0.9787005 0.194881 -0.001578211 0.4985305 -0.8668708 -0.997694 0.05103224 -0.04475128 -0.9976946 0.05102443 -0.04474633 -0.0646438 -0.9787017 0.1948442 -0.9982237 0.04962778 -0.0329644 -0.9982237 0.04962778 -0.03296446 -0.9982237 0.04962784 -0.0329644 -0.9976944 0.05642259 -0.03771549 1.24302e-4 -0.1738294 -0.9847758 1.56541e-4 -0.1738363 -0.9847746 -0.01118779 -0.8484185 -0.5292079 -0.01118779 -0.8484187 -0.5292077 -0.01118773 -0.8484185 -0.5292078 0 1 0 5.82303e-4 -0.1741249 -0.9847235 5.89703e-4 -0.174013 -0.9847432 -0.001057565 -0.172873 -0.9849436 1.61282e-4 -0.1738886 -0.9847654 0.06956636 0.900496 -0.4292639 0 -0.9953867 0.09594416 -0.06845748 -0.9930533 0.09570103 -3.53464e-5 -0.4998339 0.8661213 0 -0.7660494 0.6427817 -2.45957e-4 -0.1735242 -0.9848297 -5.31036e-4 -0.1733777 -0.9848553 -3.14457e-4 -0.1735292 -0.9848287 0.4097617 0.8234803 -0.3923974 0.4097892 0.8234766 -0.3923762 0.4097814 0.8234776 -0.3923825 -0.9979799 -0.01696091 -0.06122517 -0.9979814 -0.01695597 -0.06120342 -0.6301421 0.5440841 -0.5539796 -3.79707e-5 -0.5001111 0.8659614 4.09963e-5 -0.4999406 0.8660598 -7.54807e-6 -0.4999334 0.866064 7.38699e-5 -0.49959 0.8662621 7.38726e-5 -0.49959 0.8662621 7.38769e-5 -0.49959 0.8662621 -0.9979804 -0.01696586 -0.0612151 2.24646e-4 -0.1737728 -0.9847859 0.01030784 -0.4938769 0.8694708 -3.47232e-4 -0.5000253 0.8660108 -0.001173257 -0.4999449 0.8660565 5.47451e-4 -0.1738972 -0.9847638 -0.8011813 -0.1596528 -0.5767318 -0.8011263 0.4193707 -0.4269953 6.84281e-5 -0.4999145 0.8660749 -0.9168168 -0.1065152 -0.3848396 -0.9168465 -0.1064988 -0.3847733 0 -0.8190838 -0.573674 0 0.4225528 0.9063385 0.9731263 0.0449571 -0.2258411 0 0.1738906 0.9847651 1 6.33967e-7 0 0 0.9025904 -0.4305005 1.41226e-5 -0.8190917 -0.5736626 -2.7984e-4 -0.9780753 0.208252 2.51129e-4 -0.9780902 0.2081812 2.54219e-5 -0.9781246 0.2080202 0.916723 0.03123301 -0.3983009 0.9160715 0.03137129 -0.3997861 0.9163526 0.03129214 -0.3991476 0.2341653 0.8776579 -0.4181907 -3.95272e-5 -0.9781479 0.2079107 8.66756e-5 -0.9781208 0.2080383 0.8939399 0.03519552 -0.446803 0.8939399 0.03519558 -0.446803 0.8939399 0.03519552 -0.446803 0.004100918 -0.9781879 0.2076814 -1.9897e-4 -0.9781143 0.2080687 0.9979811 0.06148904 0.01590281 0.9164965 0.03137451 -0.3988106 -6.97727e-6 -0.9978635 0.06533354 0 -0.9779716 0.2087382 0.9979795 0.06151771 0.01589804 0.9979789 0.06152504 0.01590085 0.9979794 0.06151992 0.01588845 0.9763458 0.01696878 -0.2155481 0.9763538 0.01696234 -0.2155123 -4.05704e-6 -0.9978635 0.06533366 -1.15042e-5 -0.9978618 0.06535899 3.05231e-5 -0.9978759 0.06514358 9.94499e-5 -0.9781098 0.2080895 0 -0.9978634 0.06533449 0 -0.9397011 -0.3419971 0.9804236 0.01541727 -0.1962956 0.9763531 0.01696205 -0.2155159 -0.9171727 -0.1063084 -0.3840481 0.2335619 0.8777109 -0.4184168 0.9979801 0.004985511 -0.06333225 0.9979804 0.00496608 -0.06332939 -0.4056189 -0.912085 0.05978512 0.997978 0.004973769 -0.06336706 -0.976112 0.1522583 -0.1549925 -1.30414e-5 -0.9782318 0.2075155 -1.92007e-5 -0.9782441 0.2074577 -4.15455e-4 -0.9780906 0.2081793 2.54968e-5 -0.978217 0.207585 -0.4053743 -0.9121935 0.05978924 0 -0.9781982 0.207674 -0.4054114 -0.9121758 0.05980724 -0.4052722 -0.912231 0.05990934 -0.9979756 0.04456841 -0.04537069 -0.9979805 0.04451072 -0.0453189 -2.71848e-4 0.4996484 0.8662283 0 -0.9961851 -0.08726632 -0.9979801 0.0445137 -0.04532557 0.8003113 0.04676264 -0.5977585 0.7997309 0.04694372 -0.5985206 0.801989 0.04671335 -0.5955096 0 -0.9397801 -0.3417799 -1.11168e-5 -0.9397771 -0.3417879 -0.8008307 0.4196137 -0.427311 -0.6041969 -0.7951256 0.05216783 -0.6041964 -0.7951263 0.05216354 7.54378e-4 0.3091474 -0.9510139 -0.004104793 0.4998922 0.8660779 -0.004104673 0.4998922 0.8660779 -0.004104733 0.4998922 0.8660778 -1.7622e-5 0.4999063 0.8660795 2.31645e-5 0.4998729 0.8660988 0.005120396 0.4998844 0.866077 -8.9644e-4 0.3092718 -0.9509733 -4.04921e-5 -0.9781391 0.207952 -0.9168738 0.2796856 -0.2848133 0 -0.9397008 -0.3419977 -0.6043349 -0.7950246 0.05210882 0.2681013 0.5388064 0.7986297 0.2680913 0.5388084 0.7986319 0.2680892 0.5388086 0.7986323 0 0.4999257 0.8660684 1.52031e-6 0.4999257 0.8660684 1.25461e-6 0.4999113 0.8660767 -1.24315e-5 0.4999009 0.8660827 -5.14378e-6 0.499898 0.8660843 -0.06461435 -0.995778 0.06520211 0.002959251 -0.9885162 -0.1510859 2.77138e-4 0.9395307 -0.3424646 0 0.4998478 0.8661133 0 0.4998479 0.8661133 -4.40516e-7 0.4998382 0.8661188 0 -0.9397751 -0.3417937 -6.73195e-5 -0.939769 -0.3418105 -0.0651288 -0.9957571 0.06500929 7.46693e-5 -0.6689627 -0.743296 1.9261e-4 0.9395721 -0.3423511 -0.06512558 -0.9957575 0.06500649 -0.001136124 -0.6690432 -0.7432227 -0.220331 -0.9733359 0.06380832 0.4056448 0.6872225 -0.6026421 1.97455e-4 -0.1737102 0.9847969 5.73652e-5 -0.9900935 -0.1404094 -3.77671e-5 -0.6689816 -0.743279 1.20152e-4 -0.6690676 -0.7432016 4.06085e-5 -0.6690051 -0.7432578 1.28685e-4 -0.6690363 -0.7432297 0 0.7519649 -0.6592032 0.4056921 0.7599934 -0.5077638 0.8020279 0.04674863 -0.5954543 -0.2196508 -0.9735045 0.06358134 0 -0.8190829 -0.5736753 1.45468e-4 -0.669061 -0.7432075 -0.9761459 -0.05794495 -0.2092409 -0.9762054 -0.0578863 -0.2089794 -0.2195889 -0.9735143 0.0636447 0.06530487 0.7503771 -0.6577763 -2.66266e-4 -0.9903454 -0.1386221 -0.2219264 -0.9729921 0.06352287 0.9979819 0.06320881 -0.006090819 0 -0.6692066 -0.7430765 -0.9374847 -0.0929026 -0.3353979 -0.9374849 -0.0929026 -0.3353974 -0.9374849 -0.09290254 -0.3353973 0.2188593 0.7336316 -0.6433392 6.33066e-5 -0.6690785 -0.7431918 0.0655418 0.8296169 -0.5544728 0.8008707 0.04675078 -0.5970097 0.8014115 0.0467801 -0.5962812 0.07964861 0.8287115 -0.5539796 0.07964825 0.8287116 -0.5539796 0.07964831 0.8287116 -0.5539795 0.06532531 0.829584 -0.5545476 -0.9761216 -0.05801248 -0.2093351 0 -0.996201 -0.08708512 0.2265934 0.8097078 -0.5413213 2.3597e-4 0.0333777 0.9994428 1.48316e-4 0.03353816 0.9994375 -1.95557e-4 0.03577506 0.9993599 -3.46134e-4 0.03641408 0.9993368 3.86683e-6 -0.9847965 0.1737123 -0.7359277 -0.1806205 -0.6525234 -0.7359269 -0.1806207 -0.6525242 -0.7359262 -0.180621 -0.652525 0 0.8313531 -0.5557446 -8.75787e-4 -0.03500294 -0.9993869 4.64187e-5 -0.8483788 0.5293896 0 -0.9962009 -0.08708494 -5.57731e-4 -0.8479554 0.5300674 -7.81426e-5 -0.8483015 0.5295138 8.14154e-5 -0.8484268 0.5293129 -0.9169887 0.2795004 -0.2846249 0 -0.9961784 -0.08734309 0 -0.9902357 -0.1394035 -1.29638e-4 -0.9903071 -0.1388954 -3.81883e-5 -0.9902467 -0.1393259 0.001101434 -0.990117 -0.1402402 -7.83856e-6 0.9025727 -0.4305374 3.5451e-5 0.9025861 -0.4305095 -5.46521e-5 0.9025714 -0.4305403 -4.15085e-5 -0.9901947 -0.1396939 -3.34554e-5 -0.5806003 -0.8141887 0 0.4998652 0.8661032 -5.25267e-5 -0.9902456 -0.1393332 9.58164e-4 -0.9901319 -0.1401355 0 0.4998648 0.8661035 -8.32868e-6 -0.5806238 -0.814172 8.47636e-4 -0.9902599 -0.1392288 -4.72492e-4 -0.9902457 -0.1393318 0.9979825 0.06319779 -0.006085991 0.7679979 0.04973894 -0.6385182 0.06613689 0.7501327 -0.6579718 0.06519544 0.7503655 -0.6578003 8.50403e-6 -0.990037 -0.1408073 0 -0.9899499 -0.1414189 4.04631e-5 -0.6684102 -0.743793 -8.86288e-4 -0.6693863 -0.7429141 0.2184235 0.7336277 -0.6434918 0.2188194 0.7336483 -0.6433338 -1.25567e-4 -0.9906022 -0.136775 1.93574e-4 -0.8483607 0.5294187 -0.2341797 -0.9677325 0.09302562 0.003821432 -0.9700179 0.2430035 0.003821313 -0.9700181 0.2430031 0.003821313 -0.9700183 0.2430024 -0.2342007 -0.9677433 0.09285986 0.9979826 0.06319683 -0.006085455 6.99023e-5 0.9470033 -0.3212241 -2.77866e-5 0.9469622 -0.3213449 -3.6793e-5 0.9469601 -0.3213513 0 -0.98481 0.1736356 -1.83323e-4 0.03452605 0.9994038 -1.06881e-4 -0.9905174 -0.1373873 -1.06882e-4 -0.9905174 -0.1373873 -1.06912e-4 -0.9905174 -0.1373873 -5.1997e-5 -0.6685403 -0.743676 -5.85728e-5 0.9025983 -0.4304838 2.45572e-4 0.03330558 0.9994452 2.04367e-4 0.03337353 0.9994429 -4.33482e-4 -0.6690133 -0.7432504 1.18435e-4 0.9395377 -0.3424455 0 0.9396819 -0.3420497 2.22958e-6 0.9025799 -0.4305224 -0.009291291 -0.9999569 0 3.39658e-4 0.03228807 0.9994786 -8.82232e-6 0.03368234 0.9994326 0.8007519 0.04679125 -0.5971658 -2.86382e-4 -0.3755908 -0.9267856 7.90998e-5 -0.6685307 -0.7436847 8.17284e-5 -0.6685041 -0.7437085 4.64974e-4 -0.3727819 -0.9279189 -2.78332e-4 0.03615814 0.9993461 8.67303e-5 0.9396333 -0.3421833 2.74073e-4 0.9395299 -0.342467 -4.88853e-5 0.03509736 0.999384 -1.06704e-4 0.03525638 0.9993784 -3.36894e-4 -0.99043 -0.1380155 -1.12635e-4 -0.3747968 -0.927107 -4.06287e-4 -0.9906591 -0.1363611 0 -0.9953973 0.09583503 -0.06971728 -0.9929882 0.09546715 1 -5.10609e-7 0 -1 2.7219e-7 0 -4.64944e-4 -0.3757911 -0.9267043 -0.9101569 -0.1105968 -0.3992277 -0.9101573 -0.1105965 -0.3992272 -0.9101588 -0.1105961 -0.3992236 -1.48689e-4 -0.3748645 -0.9270796 -7.52307e-5 -0.3746806 -0.927154 -0.2336487 -0.9678602 0.09303218 -0.2338376 -0.9678158 0.09301984 -1.24569e-4 -0.9902797 -0.1390905 -0.9979815 -0.01696473 -0.06119769 0.01225644 -0.7683071 0.6399641 -0.3038941 -0.6736634 0.6736662 -0.3039104 -0.6736445 0.6736777 -0.303884 -0.6736717 0.6736624 -4.43784e-5 -0.9847952 0.1737201 1.90403e-4 -0.9847731 0.1738449 -0.2854316 -0.9540345 0.09136217 -0.800809 -0.1599493 -0.5771665 6.06462e-5 -0.9901611 -0.1399331 -0.06456953 0.9786886 -0.1949346 -0.06470841 0.9787117 -0.1947726 6.83086e-4 -0.9895853 -0.1439468 6.83096e-4 -0.9895852 -0.1439468 6.83094e-4 -0.9895852 -0.1439468 -0.4044238 0.1782684 0.8970295 -0.9167559 -0.1066182 -0.3849563 1 -2.72204e-7 0 -0.4045249 0.8660071 -0.2939243 -0.4047499 0.8659167 -0.2938805 -1.44898e-4 0.9779843 -0.2086787 -0.91688 -0.1064468 -0.3847083 5.96616e-5 -0.9961809 -0.08731442 1.07062e-5 -0.9961825 -0.08729606 0.7817518 -0.03907352 0.6223644 -1.34816e-4 -0.9903643 -0.1384867 0.9061837 -0.02807319 0.4219514 -0.220153 0.1901381 0.956755 -0.2206065 0.1900881 0.9566606 -3.24939e-4 0.9397354 -0.3419027 0 0.9807407 -0.1953142 0.9077764 -0.02786237 0.4185281 -3.30049e-4 0.9397243 -0.3419333 0.07857567 0.9211372 -0.3812245 0.07854509 0.9211397 -0.3812249 0.07857728 0.9211373 -0.3812239 -0.4044128 0.1782751 0.8970331 -6.1477e-4 0.9398455 -0.3415995 0.9062203 -0.0269922 0.4219435 0.9717186 -0.01572394 0.2356184 -2.35021e-4 0.9396796 -0.3420558 0.9731556 -0.01533913 0.2296367 -4.44772e-4 0.9396312 -0.3421887 -0.2203394 0.9566695 -0.1903528 -0.007230997 -0.9934763 -0.1138096 -0.2206277 0.9565889 -0.1904237 -0.2206029 0.9565942 -0.1904255 9.56217e-5 -0.9901762 -0.1398262 -1.05256e-4 0.9396337 -0.342182 0.1984113 0.9112947 -0.3607978 0.1984111 0.9112946 -0.3607981 0.198412 0.9112948 -0.3607971 2.84941e-6 0.9396523 -0.3421313 0.02055078 0.9313136 -0.3636381 0.02055096 0.9313138 -0.3636376 0.0205512 0.9313142 -0.3636367 1.96958e-5 0.9396705 -0.3420809 1.61473e-4 -0.9902359 -0.1394019 -0.001749098 -0.9903579 -0.1385214 -0.002308666 -0.9905072 -0.1374421 5.53096e-4 -0.990195 -0.1396911 -4.87855e-5 0.9395969 -0.3422831 0.8025549 0.04688769 -0.5947329 -2.29077e-4 0.9396915 -0.3420233 1.01908e-4 0.9469709 -0.3213193 1.28756e-4 -0.9902161 -0.139542 0 0.1738909 0.984765 -0.06463438 0.9449904 -0.3206489 1.76925e-5 -0.9902261 -0.1394715 -2.70235e-4 -0.9902912 -0.1390087 0.001785755 -0.9894079 -0.145151 -0.06428539 0.9449707 -0.3207771 -0.7824095 -0.3460362 -0.5177783 -0.06415957 0.9449795 -0.3207761 -6.22411e-5 -0.9902567 -0.1392542 -0.7822183 -0.3462024 -0.5179563 -0.2205248 0.9236171 -0.3135287 -0.2206605 0.9235887 -0.313517 -0.2203475 0.9236726 -0.31349 -0.2204297 0.9236479 -0.3135052 0.9164506 0.1658568 -0.3641565 -0.405183 0.8656412 -0.2940957 -0.8009445 -0.3477325 -0.4874118 -0.4054427 0.8655256 -0.2940779 -0.603891 0.7546995 -0.2564069 2.52134e-4 -0.8485467 0.5291205 8.45046e-5 -0.8484117 0.5293369 0.997978 0.02633899 -0.05784761 -3.85538e-7 -0.8482476 0.5295999 -0.6043647 0.7544152 -0.2561275 0.9979782 0.02633976 -0.05784171 -7.28786e-5 -0.8478029 0.5303115 -1.02336e-5 -0.8477349 0.5304202 6.54991e-5 -0.8828624 -0.469632 -0.2345688 0.8775905 -0.4181059 -1.99697e-4 -0.8475466 0.5307212 1.38674e-4 -0.8828808 -0.4695975 -0.4283477 0.8155285 -0.389142 -8.20596e-4 -0.882812 -0.4697259 -2.51214e-5 -0.8480091 0.5299818 5.85875e-5 -0.8482939 0.5295258 -0.41456 0.8212824 -0.3919634 -0.4145628 0.8212815 -0.3919623 -0.4145553 0.8212838 -0.3919655 0.9164105 0.1659033 -0.3642361 -0.6034735 -0.5992808 -0.5260061 -0.426631 0.8164704 -0.3890529 5.26245e-5 -0.3734729 -0.9276411 -0.62977 -0.4511298 -0.6323541 -1.56717e-4 -0.3757303 -0.926729 -8.65851e-5 -0.3755452 -0.9268041 -3.70112e-4 -0.3757491 -0.9267215 -6.91662e-5 -0.3754322 -0.9268499 0.9763664 0.08955609 -0.196694 0.9762707 0.08975255 -0.1970787 -8.74034e-5 -0.3755444 -0.9268045 0.9763734 0.08955293 -0.1966605 0.9979783 0.02632236 -0.05784946 0.8011916 0.2480807 -0.5445623 -1.76253e-4 -0.3751665 -0.9269575 2.09758e-4 -0.3736404 -0.9275737 -4.56808e-4 -0.3762148 -0.9265324 -2.89454e-4 -0.375631 -0.9267693 -2.06142e-4 -0.375362 -0.9268783 9.94456e-5 -0.3736008 -0.9275896 5.73554e-5 -0.3737158 -0.9275432 -2.91298e-5 0.9396318 0.3421874 -1.35874e-4 0.939479 0.3426066 4.78853e-4 0.7657136 -0.6431816 1.49566e-4 -0.373467 -0.9276435 4.3487e-4 -0.3730731 -0.9278019 1.91452e-4 -0.3734742 -0.9276406 1.78265e-4 -0.3734692 -0.9276426 3.49794e-4 -0.3723616 -0.9280877 3.87739e-5 -0.3738963 -0.9274706 -3.57417e-5 0.9396737 0.3420721 1.58934e-4 -0.3732213 -0.9277423 -1.18533e-4 0.93964 0.3421649 3.04531e-4 0.939766 0.3418186 2.58477e-4 0.9397575 0.3418417 -1.72962e-4 -0.3750274 -0.9270138 -2.58198e-4 -0.3753281 -0.926892 -9.43106e-5 -0.3748288 -0.9270941 0 0.8313521 -0.5557463 -0.6041684 -0.5253974 -0.5991144 -0.7820469 -0.410912 -0.4685661 0.9164035 0.1659032 -0.3642536 1 1.30916e-5 2.4458e-7 1 1.30911e-5 3.58792e-7 1 -3.29514e-6 4.62867e-7 -6.49359e-4 0.8315039 -0.5555185 0 0.8313518 -0.5557464 -5.61655e-4 0.8314955 -0.5555313 6.68143e-4 0.8312194 -0.5559443 6.12606e-4 0.8312172 -0.5559477 0 0.831353 -0.5557448 -0.6045188 0.1554868 0.7812687 -1.71833e-4 -0.5806069 -0.814184 3.76545e-4 -0.5806697 -0.8141393 -6.70982e-4 0.8314781 -0.5555571 1.67845e-4 -0.5806565 -0.8141487 0 -0.5806263 -0.8141703 0 -0.5806262 -0.8141703 2.77295e-4 0.9025642 -0.4305554 0.9763247 0.08957457 -0.1968923 0.9763248 0.08957433 -0.1968922 0.9763246 0.08957481 -0.1968922 0 0.9025802 -0.4305219 -2.86452e-4 0.9025847 -0.4305123 -5.10944e-5 -0.6690487 -0.7432186 0.9979754 0.02636021 -0.05788266 0 0.4999219 0.8660705 1.59385e-5 0.4999055 0.86608 0 -0.5806193 -0.8141753 1.99286e-5 -0.6689355 -0.7433205 0 0.1949246 0.9808183 2.21333e-5 0.1948909 0.980825 2.62603e-4 0.9025898 -0.4305016 -4.94866e-4 0.7661373 -0.6426767 0 0.4999206 0.8660712 1.48762e-5 0.939557 0.342393 -8.20107e-5 0.9395896 0.3423035 1.63148e-4 0.9396683 0.3420871 0 0.499922 0.8660705 -0.0645529 0.1945139 0.9787734 9.01114e-4 0.50058 0.8656899 5.95482e-4 0.9999998 0 -0.2793392 0.9601926 0 -0.279339 0.9601926 0 -0.279339 0.9601926 0 1.66767e-5 -0.6689941 -0.7432677 -3.12252e-4 0.902599 -0.4304823 3.13596e-4 0.9025623 -0.4305591 -2.35898e-6 0.9025944 -0.4304921 -3.92406e-5 0.9025856 -0.4305106 0.001169621 0.3224884 0.9465728 -5.56024e-4 0.4996745 0.8662132 -0.001052618 0.4994646 0.8663338 1.78462e-4 0.9396541 0.342126 0.3074328 0.8793707 0.3635827 0.3074328 0.8793706 0.3635827 0.3074328 0.8793707 0.3635826 -4.84336e-5 0.9396305 0.342191 0 -0.5806256 -0.8141708 -0.001141846 0.3204834 0.9472535 4.28324e-5 0.3214123 0.9469394 0 -0.7661622 0.6426473 0 0.3214427 0.9469292 0 0.7659158 -0.6429409 -3.65848e-4 -0.5806148 -0.8141783 8.78101e-4 0.7655237 -0.6434073 4.78492e-4 0.7656831 -0.6432178 8.94868e-4 0.5004163 0.8657845 0 -0.7660558 0.6427741 -8.9457e-4 0.4994183 0.8663605 -8.17082e-4 0.4993869 0.8663788 7.9879e-5 0.4999919 0.8660302 0 -0.3419971 0.9397011 1.19396e-5 -0.9062841 0.4226691 8.46795e-5 -0.9062821 0.4226734 0 0.7659155 -0.6429412 0.6292822 0.3221809 -0.7072506 0 0.7659116 -0.6429459 0.9732093 -0.0448994 0.2254945 0.8017024 0.2478395 -0.54392 7.52575e-4 0.5004876 0.8657434 3.03751e-4 0.9025762 -0.43053 0.001041769 0.5005821 0.8656885 0.8013434 0.2479926 -0.5443791 8.66718e-4 0.5004888 0.8657427 0 -0.08734691 0.996178 0.001076519 0.5004994 0.8657363 -0.9760717 0.196283 -0.0935803 0 -0.5806255 -0.8141707 0.004128575 0.9899595 0.1412915 -0.001146435 0.9903872 0.1383188 0.0016613 0.9900519 0.1406931 6.15737e-4 0.990185 0.1397624 -0.001071989 0.4993316 0.8664103 0 0.7659146 -0.6429423 -0.9979758 0.05740755 -0.02736324 -9.82871e-4 0.4992712 0.8664453 0 -0.0873472 0.996178 -0.9979814 0.05731898 -0.02734243 0 0.3214744 0.9469183 9.78336e-4 0.3226429 0.9465203 -8.61489e-4 0.320263 0.9473283 -0.001132726 0.320217 0.9473437 0 0.321385 0.9469487 0.2206596 0.3134986 -0.9235952 1.0662e-5 0.3214911 0.9469127 0.2204254 0.3134821 -0.9236567 6.56037e-4 0.8312468 -0.5559033 0.4056831 0.2937828 -0.8655132 0.4059002 0.2937177 -0.8654334 -0.2206882 0.3137593 0.9234998 -0.06556427 0.8296174 -0.5544694 -0.2206338 0.3137976 0.9234998 0 -0.9062371 0.42277 -0.06555819 0.829616 -0.5544723 4.43172e-4 -0.374711 -0.9271417 2.93593e-4 -0.3745878 -0.9271914 -0.7822756 -0.2757616 -0.5585703 -0.220413 0.313694 0.9235876 0.001124918 -0.3746572 -0.9271628 4.39439e-4 -0.3747314 -0.9271333 -0.7816094 -0.2758512 -0.5594579 -0.2212203 0.3137307 0.9233823 -0.05211961 0.8302261 -0.5549848 0.6049634 -0.05297571 0.7944892 0.6049598 -0.05336821 0.7944656 0.6049598 -0.05336821 0.7944656 0.6049599 -0.05336821 0.7944656 0.6054503 -0.05302381 0.794115 -0.426335 -0.9004637 0.08604484 -9.09843e-4 0.7662955 -0.6424877 0.781709 -0.04149812 0.6222612 -0.2364237 0.8078519 -0.5398882 8.89111e-4 0.7656455 -0.6432622 -0.06530952 0.3207268 0.9449175 -0.0652219 0.3207417 0.9449185 -0.06514292 0.3206912 0.9449411 -0.4453704 -0.8912415 0.0856378 -0.4274536 -0.8999072 0.08631622 0.7765462 -0.04184591 0.6286692 0.7765461 -0.04184591 0.6286693 0.7765462 -0.04184585 0.6286692 -0.2194739 0.8112192 -0.5419916 0.08541393 -0.924829 0.3706693 0.08541417 -0.9248293 0.3706687 0.08541446 -0.9248296 0.3706678 -0.2344075 -0.9676989 0.09280097 0.4057355 0.2936927 -0.8655191 0.4060842 0.2936832 -0.8653588 -0.9761584 0.1959289 -0.09341633 0.6042616 -0.1555585 0.7814534 -0.4052544 0.7601597 -0.5078644 1.33827e-4 0.990239 0.1393806 -0.9979835 0.05729609 -0.02731907 -0.9979832 0.05729937 -0.02731847 -0.4044566 0.7605699 -0.5078861 -0.4046404 0.7604955 -0.5078513 0.603505 0.2563331 -0.7550332 0.6036079 0.2563261 -0.7549533 -0.4290131 -0.5245966 -0.7353545 -0.4285694 -0.5247177 -0.7355268 -0.4056342 0.7599548 -0.5078677 -0.6292423 -0.7736477 0.07432019 -0.6291393 -0.7737323 0.07431143 -0.6295866 -0.451231 -0.6324645 0.7822958 0.2002503 -0.5898417 -0.6296222 -0.4512235 -0.6324345 -0.7404661 -0.3903211 -0.5471376 -0.7404578 -0.3903247 -0.5471462 -0.7404642 -0.3903218 -0.5471397 -0.06444466 0.3210318 0.9448733 -0.6041976 0.6625754 -0.4426501 -1.64197e-5 0.03447812 0.9994055 -0.6047363 0.6621354 -0.4425729 -0.1995226 0.2613928 0.9443858 -0.1995239 0.2613928 0.9443855 -0.1995232 0.2613633 0.9443939 9.79506e-4 0.7654614 -0.6434812 0 -0.9062371 0.42277 -2.87079e-5 0.0354585 0.9993712 -8.66066e-5 0.03566712 0.9993637 2.73189e-4 0.03529095 0.9993771 -2.37623e-4 0.03574031 0.9993612 -0.4293689 0.2415484 0.870228 -0.6295185 -0.4512597 -0.6325117 0.6039001 0.2561539 -0.754778 -7.76719e-5 0.03555458 0.9993678 -0.3633129 0.2485434 0.8979032 -0.36331 0.2485423 0.8979046 -0.363312 0.2485429 0.8979037 -0.4271129 0.2411881 0.8714373 -4.09698e-5 0.0355308 0.9993687 -4.69702e-4 0.7661959 -0.6426069 -8.77364e-5 0.03563648 0.9993649 -0.6294752 0.2076097 0.7487719 -0.6295308 0.2076049 0.7487264 -0.2246026 -0.8119884 0.5387287 -0.2246068 -0.8119715 0.5387523 -0.2246042 -0.8119855 0.5387324 0.7821971 0.2003138 -0.5899509 -0.06870561 0.9004389 -0.4295225 -0.06815838 0.9004827 -0.4295178 -0.6287758 0.2076844 0.7493386 4.54631e-5 -0.9953875 0.09593582 -0.0695126 0.9004853 -0.429295 0 0.9026576 -0.4303596 0 0.9026574 -0.4303601 0 0.9026576 -0.4303596 4.20241e-5 0.9782343 -0.2075036 -5.63731e-5 -0.9953869 0.09594315 1.81911e-5 -0.9953871 0.09594148 -0.233758 0.8776621 -0.4184097 -0.2338199 0.8776482 -0.4184041 -0.2337946 0.877655 -0.418404 -0.9128862 0.3684921 -0.175649 -0.9128857 0.368493 -0.1756491 -0.9128857 0.3684929 -0.1756497 -0.2343652 0.8776137 -0.4181713 0 0.9027363 -0.4301944 0 0.9027354 -0.4301964 0 0.9027363 -0.4301944 6.51493e-4 0.939896 0.3414605 1.80059e-4 0.03337973 0.9994428 -0.9729453 -0.1021988 -0.207203 -0.4288252 0.815293 -0.3891097 -2.53959e-4 0.03608977 0.9993485 -0.9761527 0.1959489 -0.0934351 -3.03361e-4 0.0363059 0.9993407 -0.4279748 0.8156465 -0.3893051 0.7814866 0.2002838 -0.590902 0 0.03494584 0.9993893 -0.7980312 0.5440201 -0.2592073 -0.79803 0.5440217 -0.2592076 -0.7980313 0.5440199 -0.2592071 0.2204781 0.1904554 -0.9566171 6.8988e-6 0.9780858 -0.2082027 -0.8008617 0.5404282 -0.2579885 1.31577e-4 0.03438878 0.9994086 2.23649e-4 0.03380584 0.9994285 -7.10015e-5 0.03515338 0.999382 -0.6298633 0.7009757 -0.3345224 0.2197208 0.1904729 -0.9567878 0.2203714 0.1904314 -0.9566465 -9.67189e-5 0.9780624 -0.2083122 1.4665e-5 0.978114 -0.2080704 4.357e-5 0.9782437 -0.2074595 -1.75959e-4 0.03556263 0.9993674 -2.95517e-4 0.03587502 0.9993563 -0.9976876 -0.0377469 -0.0565204 -0.9128258 0.3685431 -0.1758555 -0.912826 0.3685429 -0.1758552 -0.9128261 0.3685426 -0.1758553 0.4057672 0.1784194 -0.8963925 0.4052951 0.1784668 -0.8965966 4.68212e-4 0.03347575 0.9994394 -0.9976917 -0.03766286 -0.05650705 -0.6298934 0.7009462 -0.3345277 0.6036483 0.1556242 -0.7819143 -0.6042563 -0.7950817 -0.05214792 0.405989 0.1784673 -0.8962825 -0.9066276 -0.1867828 -0.3783366 0.6041293 0.1553816 -0.7815911 7.42272e-5 0.9782615 -0.2073753 9.92786e-6 0.9781434 -0.2079318 -4.04551e-5 0.9781258 -0.2080142 -0.9169922 0.3600785 -0.1716647 -0.9068329 -0.1864471 -0.3780102 -0.4054104 -0.9121749 -0.05982816 -0.9729565 -0.1021621 -0.2071679 -3.12109e-5 0.9780825 -0.2082178 0.7822135 0.1216221 -0.6110239 -0.9976907 -0.03004038 -0.06091624 -0.002186 -0.940105 0.3408782 0.781902 0.1215548 -0.6114359 -0.6041965 -0.7951256 -0.05217242 1.99023e-4 0.5000858 0.8659759 -0.001104533 0.4990258 0.8665865 0.06455147 0.1945177 -0.9787727 -0.005887031 0.4962687 0.8681491 -0.005887091 0.4962688 0.8681491 -0.005887031 0.4962692 0.8681488 -0.4045996 -0.8969528 -0.178255 -0.4040246 -0.897212 -0.1782551 -3.65422e-4 0.4997237 0.8661848 3.13808e-5 -0.9396204 0.3422185 -0.9065675 -0.2345172 -0.350909 -0.9067286 -0.2342205 -0.3506908 -0.9065923 -0.2345163 -0.3508456 -0.06304425 0.4713683 0.8796802 -0.06304407 0.4713685 0.8796802 -0.06304061 0.4713711 0.879679 7.7546e-4 -0.9394487 0.3426889 3.64467e-6 0.1737148 -0.9847961 0.06366103 0.1948497 -0.9787651 0.09459733 -0.9280769 0.3601731 -0.6297714 0.701048 -0.3345443 0.220124 0.3134889 -0.9237263 0.2202981 0.3134475 -0.9236988 -0.1068337 -0.9585834 0.264016 -0.1068337 -0.9585835 0.264016 -0.1068336 -0.9585834 0.2640161 3.2026e-4 0.499926 0.8660681 -0.1045129 0.4860866 0.8676387 -0.1045179 0.4860886 0.8676369 -0.1044978 0.4860832 0.8676424 -0.4066739 -0.8959898 -0.1783778 -0.406674 -0.8959898 -0.1783778 -0.4066736 -0.8959885 -0.1783851 -0.4053748 -0.8965659 -0.1784405 -0.4052703 -0.896599 -0.1785114 -0.6298416 0.7009855 -0.3345429 -0.0651254 -0.9957538 -0.06506145 -0.9065801 -0.2344859 -0.3508974 -7.3563e-5 0.4999123 0.8660761 -0.06473922 -0.9957697 -0.06520587 0 0.3214667 -0.9469209 -4.51428e-4 -0.9397516 0.3418582 -0.2196505 -0.973503 -0.06360602 -0.7823643 -0.3460457 -0.5178405 -0.2204184 -0.9733132 -0.06385362 0.06430441 0.3208014 -0.9449611 -3.32761e-4 -0.9397018 0.3419949 -0.4053651 -0.912194 -0.05984401 0.06458598 0.3206956 -0.9449778 0.06461101 0.3206998 -0.9449747 0.6041958 -0.1556537 0.7814854 -1 4.08493e-7 0 -2.04554e-4 0.7660173 -0.6428201 -1.76566e-5 0.4999499 0.8660543 -0.1414663 0.8235474 -0.549324 -0.1414591 0.823551 -0.5493206 -0.1414924 0.8235344 -0.549337 -7.06436e-4 0.7662088 -0.6425914 0.5476457 -0.8367105 0 0.5476468 -0.8367096 0 0.5476457 -0.8367105 0 -4.10164e-4 0.4996865 0.8662064 0 0.4143011 -0.91014 -1.31945e-4 -0.5806356 -0.8141637 -0.7822969 -0.3460691 -0.5179264 -0.06946349 -0.5791946 -0.8122245 -0.9728497 -0.1285372 -0.1924626 -0.233852 -0.5643472 -0.7917231 0.4290365 0.3742989 -0.8220876 -2.83989e-4 -0.9397189 0.3419479 -0.9731432 -0.1281737 -0.1912174 0.4058481 -0.06086659 0.9119116 0.4058576 -0.05954068 0.9119949 0 0.4147555 -0.909933 0 0.4147616 -0.9099301 1.25847e-7 0.4147616 -0.9099301 -3.44647e-4 0.4997459 0.866172 -4.03098e-4 0.4997438 0.8661732 -0.428782 -0.5246549 -0.7354477 0.4287019 -0.07076209 0.9006705 -5.45661e-4 -0.9397846 0.3417669 0.6296973 0.3219321 -0.7069945 0 0.4144099 -0.9100903 1.93193e-7 0.4144011 -0.9100944 0 0.4144099 -0.9100903 0.6299254 -0.06068968 0.7742808 1.6112e-4 -0.9396005 0.3422734 0.6293202 0.3221733 -0.7072203 9.40202e-4 0.7654604 -0.6434824 -0.9729413 -0.1284046 -0.1920872 -0.9729476 -0.1283682 -0.1920794 -4.99025e-4 -0.9397552 0.3418478 0.06914144 0.4133291 -0.907953 0.06963843 0.413293 -0.9079314 -1.02158e-4 0.9025817 -0.4305189 0.001063585 0.7654339 -0.6435137 -0.06889384 0.900437 -0.4294962 0.06914496 0.4133279 -0.9079533 0 0.4143881 -0.9101003 0 0.4143881 -0.9101003 0 0.4143877 -0.9101006 -0.7822086 -0.41071 -0.4684732 -0.7822301 -0.4106904 -0.4684543 0 0.2669214 0.9637184 0 0.2669214 0.9637184 1.4651e-7 0.2669215 0.9637183 -0.906654 -0.2782111 -0.3171392 -0.2336789 0.2596957 0.9369911 0.6389118 -0.06024926 0.7669171 0.6389085 -0.06024938 0.7669199 0.6389056 -0.06024932 0.7669222 0.8005015 -0.04683607 0.5974979 -1.1347e-4 0.49986 0.8661063 -0.001118779 0.4993605 0.8663938 -0.06956392 0.2662432 0.9613925 0.233066 0.4029111 -0.8850667 0.2333016 0.4028841 -0.8850168 -0.9068627 -0.2778844 -0.3168289 -0.906793 -0.2779739 -0.3169497 0.2347228 0.4031301 -0.884529 0 0.4147155 -0.9099512 0 0.4147155 -0.9099512 2.20418e-7 0.4147109 -0.9099533 -0.2335584 0.2597076 0.9370179 -0.2336738 0.2596992 0.9369914 -1.30319e-4 0.4998296 0.8661237 -0.9066863 -0.2780647 -0.3171752 0 0.499754 0.8661675 0 0.4997534 0.8661678 0 0.499754 0.8661675 -4.73249e-4 0.7660985 -0.6427231 -0.234613 0.2593196 0.9368619 -0.2348817 0.2592386 0.9368169 0 0.4143035 -0.9101388 8.85266e-5 0.4998502 0.866112 -4.64633e-4 0.766099 -0.6427224 0.6295276 -0.06084972 0.7745918 -0.2615422 0.8143177 -0.5181528 -0.2615484 0.814316 -0.5181526 -0.2615341 0.8143208 -0.5181521 1.73545e-4 0.7659172 -0.6429392 -0.9728937 -0.1524853 -0.1738564 0.8012762 -0.04697972 0.5964474 -4.52552e-5 0.9780455 -0.2083917 1.09537e-4 0.4999839 0.8660348 0.01306611 0.503438 0.8639325 -1.53521e-4 0.4998894 0.8660892 0.4285775 -0.07076197 0.9007298 -0.9728646 -0.1525854 -0.1739313 -0.9728919 -0.1524904 -0.173862 0.6300317 -0.06068843 0.7741944 -0.9728984 -0.1524748 -0.1738396 9.89121e-4 -0.9809219 -0.1944002 0 -0.9807492 -0.1952716 2.99939e-4 0.5000475 0.865998 0.003928601 0.5014457 0.8651803 0.003928244 0.501446 0.86518 0.003928482 0.5014458 0.8651802 2.04831e-4 0.500003 0.8660236 2.06024e-4 0.5000559 0.8659932 0 0.7659743 -0.6428713 2.0401e-4 0.5000542 0.8659941 0.8007503 -0.0467953 0.5971676 -0.0688883 0.2664687 0.9613787 -0.9976884 -0.0448125 -0.05108612 2.07798e-5 0.4143015 -0.9101397 -0.4286177 0.8153687 -0.3891797 -3.18192e-4 0.9902907 0.1390122 6.11843e-4 0.9902107 0.13958 0 -0.5804329 -0.8143081 0 -0.5804329 -0.8143081 0 -0.5804356 -0.8143063 -0.2336606 -0.5643633 -0.7917683 0.001159548 0.9901353 0.1401094 2.26433e-4 0.5000871 0.8659752 8.43419e-6 0.9781388 -0.2079535 -1.64693e-5 0.9781195 -0.2080443 -0.9977042 -0.03762668 -0.05630868 -1.62323e-5 0.9902647 0.1391969 3.15213e-4 0.9782361 -0.2074946 -7.242e-5 0.7659033 -0.6429558 2.45007e-6 0.978137 -0.207962 -0.782027 -0.4109244 -0.4685885 8.67182e-5 0.7658942 -0.6429666 3.11096e-7 0.7658976 -0.6429626 2.83297e-7 0.7658976 -0.6429626 7.89762e-7 0.7658995 -0.6429604 3.17627e-4 0.7658323 -0.6430404 0.001471221 0.5008417 0.8655377 0.00389111 0.989809 0.1423491 5.49756e-4 0.9901792 0.1398034 -1.01986e-4 0.9780262 -0.2084825 0 0.9781252 -0.2080174 -0.906469 -0.3175282 -0.2783702 1.79532e-4 0.765855 -0.6430133 8.85118e-5 -0.939646 0.3421484 -0.9067968 -0.3168433 -0.2780828 1.41147e-5 -0.9396473 0.3421447 1.10894e-4 0.765864 -0.6430027 0 -1 0 -3.25146e-5 -0.9396527 0.3421298 0 -0.9396687 0.342086 0 -0.9396687 0.342086 0 -0.9396688 0.3420857 -3.90445e-5 -0.9396535 0.3421277 -0.9761925 -0.1258962 -0.176631 0 0.5000079 0.8660208 0 -1 0 -0.603546 -0.5259628 -0.5992457 -0.9168002 0.3604144 -0.1719858 -0.9167827 0.3604474 -0.1720095 0 -1 0 -7.32505e-4 0.4995074 0.8663094 -0.9137458 0.366741 -0.1748422 -0.9137434 0.3667445 -0.1748465 -0.9137444 0.3667434 -0.1748448 -0.06905072 0.2662856 0.9614178 0.179432 0.6033906 0.7769967 0.1794392 0.6033937 0.7769927 0.1794202 0.6033844 0.7770043 0.9731783 -0.0129193 0.2296896 5.40846e-4 -0.9395367 0.3424479 -0.9761081 -0.1261382 -0.1769243 0 0.7519634 -0.659205 0.9977006 -0.004543185 0.06762409 0.9977062 -0.001741528 0.06767255 0.9972656 -0.004892528 0.07373911 -0.219113 -0.6432695 -0.733617 -0.8009628 -0.3477171 -0.4873927 -0.4062145 -0.6028151 -0.6867342 -0.4072209 -0.6024952 -0.6864188 -1.41597e-4 0.4998067 0.866137 -4.95071e-4 0.9903185 0.1388124 2.42137e-4 -0.9395931 0.3422936 1.15466e-4 -0.9396316 0.3421879 -0.801355 -0.3472625 -0.4870719 -6.82707e-5 0.8313636 -0.5557289 -1.52445e-4 0.4998465 0.8661141 -0.4046378 -0.6029289 -0.6875646 -0.4051234 -0.6027663 -0.6874212 -0.9170658 -0.2314996 -0.3246512 -0.2190467 0.7335845 -0.6433292 -0.4050942 0.6873927 -0.6028184 -0.9168963 -0.2316559 -0.3250182 -1.30115e-5 -0.5806224 -0.814173 0.9736437 -0.04516535 0.2235579 1.1585e-4 0.5000846 0.8659766 -0.009183764 0.4907333 0.8712614 -2.24312e-4 0.4999511 0.8660537 -0.01134073 0.5062493 0.8623127 -0.01134026 0.5062486 0.8623132 -0.01134032 0.5062487 0.862313 0.9714444 -0.04408049 0.2331368 0.9714444 -0.04408055 0.2331368 0.9714444 -0.04408055 0.2331368 0.9742755 -0.04550617 0.220718 0.9732335 -0.04494702 0.2253806 -0.06985175 -0.5792174 -0.812175 -0.06925112 -0.5792219 -0.8122231 -0.06920886 0.2662889 0.9614055 -0.06532472 0.8295803 -0.5545533 0.9739096 -0.04524403 0.2223808 0.9739096 -0.04524403 0.2223808 0.9739096 -0.04524409 0.2223809 0.9696214 -0.04331392 0.2407453 -6.86916e-5 -0.8478108 0.5302988 -2.17046e-4 -0.8479692 0.5300455 -1.49514e-4 -0.8479427 0.5300881 -0.07372665 0.4767537 0.8759397 -0.07371568 0.4767494 0.875943 -0.07372778 0.4767543 0.8759393 -3.77022e-5 0.5000257 0.8660106 -0.07004499 -0.5790147 -0.8123027 6.90564e-4 -0.9395121 0.3425149 -0.2190557 0.8112198 -0.5421597 -0.2202696 0.8111963 -0.5417029 -0.2334952 -0.564393 -0.7917959 0 -0.8478389 0.530254 5.96493e-5 -0.8480452 0.5299241 4.15544e-4 -0.9395303 0.3424657 0.9743592 -0.04550766 0.2203484 0.9755988 -0.04603183 0.2146816 0.9719244 -0.04435068 0.231076 0.9731351 -0.04489856 0.2258147 0.9730903 -0.04489547 0.2260081 -0.4227246 0.7535628 -0.5034354 -0.4227246 0.7535628 -0.5034353 -0.4227246 0.7535628 -0.5034354 -2.16381e-4 -0.8479154 0.5301316 5.13753e-4 -0.9395354 0.3424516 -0.2340305 -0.5641736 -0.7917942 -0.3799487 -0.5367801 -0.7533301 -0.3799306 -0.5367785 -0.7533404 -0.3799255 -0.5367769 -0.7533441 -0.4307292 -0.5246043 -0.7343451 -1.88574e-4 0.2669227 0.963718 -0.001128554 -0.8478987 0.5301572 -3.43855e-4 -0.8479459 0.5300827 -0.4268733 -0.5247457 -0.7364925 0 -0.5802592 -0.8144319 0 -0.5802592 -0.8144319 1.56202e-7 -0.5802612 -0.8144306 -1.1377e-4 -0.9396669 0.3420909 -8.97861e-5 -0.9396649 0.3420963 -0.6045463 0.6622936 -0.4425958 6.71222e-4 -0.9395239 0.3424828 2.27623e-5 0.7520058 -0.6591566 9.41278e-5 -0.8479768 0.5300336 -0.07440572 -0.8823896 0.4645994 -0.06602847 0.750142 -0.6579721 -0.2190997 0.7335198 -0.6433849 0.002805948 0.7647626 -0.644306 0 -0.7661624 0.6426472 -0.9160641 -0.2328088 -0.3265373 0.001000285 0.7654492 -0.6434956 -0.06530559 0.7503544 -0.6578021 -4.96683e-5 -0.8483708 0.5294026 4.51987e-4 -0.8487059 0.528865 -5.24552e-4 0.7661372 -0.642677 0 0.2669076 0.9637221 0 0.7659531 -0.6428965 3.01882e-5 0.7659089 -0.6429492 8.65997e-5 -0.8488804 0.528585 -4.49583e-5 -0.848376 0.5293943 0.4067476 0.6865878 -0.6026223 -4.36918e-5 0.9781009 -0.2081317 9.12015e-5 0.7658459 -0.6430241 0 -0.8480169 0.5299692 -1.03715e-4 0.765938 -0.6429145 -9.12451e-5 0.9780278 -0.2084743 0 -0.7660574 0.6427722 -4.11936e-4 0.766074 -0.6427524 2.98132e-4 0.7658604 -0.643007 1.83664e-4 0.7658717 -0.6429935 -2.66194e-4 0.9779237 -0.208962 0 -0.9063287 0.4225735 -8.63352e-5 0.9780458 -0.2083902 0.916742 -0.03136557 0.3982465 0.9162687 -0.03147017 0.3993262 0.916531 -0.03139555 0.3987296 -0.001008152 -0.9805392 -0.1963214 0 -0.4420632 -0.896984 -9.22511e-4 -0.9804999 -0.1965175 0 -0.9807396 -0.1953203 0.997978 -0.004973769 0.06336677 -2.24772e-4 -0.9807015 -0.1955109 -5.17774e-5 -0.980742 -0.1953083 0.001196086 -0.9810263 -0.1938713 7.44805e-4 -0.9809778 -0.1941192 0 -0.980731 -0.1953633 0 -0.9807319 -0.1953586 1.36362e-4 0.9782548 -0.2074071 0 0.9781252 -0.2080177 8.06933e-5 0.9781848 -0.2077367 0.8015139 -0.04695492 0.5961298 0.8002864 -0.04703503 0.5977706 0.8005377 -0.04690456 0.5974441 -6.20102e-4 0.9777345 -0.2098454 0 0.087085 -0.9962009 1.21478e-4 0.9782264 -0.2075405 0 -0.5734527 0.8192387 0 -0.9978629 -0.06534314 0.2331302 0.6814205 -0.6937698 0.2343591 0.6814771 -0.6933 -2.31158e-4 0.08686125 -0.9962204 -0.06474739 -0.9787143 -0.1947464 -0.06474494 -0.9787155 -0.1947408 -1.08485e-4 -0.6690635 -0.7432053 9.09982e-4 -0.6693041 -0.7429881 -2.8168e-5 -0.5556237 -0.8314339 -1.3068e-4 0.9901925 0.13971 0 0.9903143 0.1388443 -4.47255e-5 0.9902276 0.1394608 2.25429e-4 0.9902405 0.139369 0.001026213 0.9900992 0.140366 -0.06433886 -0.9787099 -0.1949042 -0.06422597 -0.9787085 -0.1949482 -0.9979804 0.04451817 -0.04531455 -2.35027e-4 0.99035 0.1385884 4.03938e-5 -0.6690486 -0.7432187 -1.0488e-5 -0.6690917 -0.7431799 -2.88886e-4 0.9902461 0.1393293 4.82824e-5 0.2668886 0.9637274 -1.29716e-5 0.2669194 0.963719 -0.2206863 -0.9565721 -0.1904406 -5.13117e-4 0.9902461 0.1393287 2.77186e-5 -0.5554731 -0.8315345 5.00807e-5 -0.5554147 -0.8315736 -3.57094e-5 -0.5556291 -0.8314303 0 -0.5556259 -0.8314324 0.406955 0.6865056 -0.6025759 7.41484e-5 0.9902523 0.1392855 -6.05923e-4 -0.939734 0.3419061 -3.80974e-4 -0.9397008 0.3419975 -0.2211304 -0.9564933 -0.1903207 0.405663 0.6872186 -0.6026343 -0.2204178 -0.9566475 -0.1903727 -0.2203096 -0.9566569 -0.1904503 0.7668865 -0.04994589 0.6398364 0.7668867 -0.04994583 0.6398362 0.7668866 -0.04994577 0.6398363 0.8035179 -0.04674088 0.5934429 -0.4052979 -0.4041208 -0.8200122 0 0.2669223 0.9637181 -3.80169e-6 0.9904638 0.1377731 0 0.9905313 0.137288 0 0.9905313 0.137288 0 0.9905313 0.137288 0.428268 0.6333455 -0.6445618 8.62617e-5 0.9900591 0.140652 -0.6045711 -0.7812808 -0.1552225 0.4279264 0.6335728 -0.6445654 -0.06427848 -0.3207563 -0.9449782 1.8469e-4 0.2669627 0.9637069 0 0.2669218 0.9637182 0.06906378 0.6989228 -0.7118548 0.06892275 0.6989369 -0.7118546 -0.2206787 -0.3134953 -0.9235917 0.06955593 0.6990532 -0.7116788 -0.6041735 -0.7815483 -0.1554244 -0.6041609 -0.7815595 -0.1554175 -0.4056378 -0.2937846 -0.8655338 0 -0.9396385 0.3421691 3.68403e-4 0.1734598 -0.984841 0.2332076 0.68141 -0.6937541 -0.6043365 -0.3523396 -0.7145868 0.03982234 0.1229139 -0.9916181 0.03982251 0.1229138 -0.9916181 0.03982251 0.1229138 -0.9916181 -1.36016e-4 0.9905567 0.1371042 4.2902e-5 0.17368 -0.9848023 -0.6039035 -0.3523446 -0.7149504 4.46297e-5 0.9900474 0.1407342 -1.72109e-4 -0.939661 0.342107 0.09240627 -0.5385373 0.8375194 0.09240615 -0.5385374 0.8375193 0.09240657 -0.538537 0.8375195 -0.4051469 -0.5080213 -0.7601122 -0.4049175 -0.5079118 -0.7603076 6.15351e-5 -0.6690464 -0.7432208 -3.03574e-4 0.1738788 -0.9847671 0.01786339 0.1625 -0.9865469 0.01786333 0.1625 -0.9865469 0.01786339 0.1625 -0.9865469 3.90658e-5 -0.6690421 -0.7432245 -7.83214e-5 0.9903277 0.138748 9.74291e-4 0.9889023 0.1485645 -0.4052106 -0.5079637 -0.7601168 -4.19657e-4 -0.6689469 -0.7433101 0 0.2669221 0.9637181 1.8937e-5 0.2669194 0.9637189 5.53185e-4 0.1734381 -0.9848446 -3.2365e-5 -0.9396485 0.3421413 3.57478e-4 0.1734624 -0.9848405 -4.11744e-5 -0.9396442 0.3421533 0.1227108 -0.5257316 0.8417531 0.1227109 -0.5257316 0.8417531 0.1227108 -0.5257316 0.8417533 -0.8883072 -0.4592497 -1.98372e-7 -0.8883092 -0.4592459 6.19329e-7 -0.8883072 -0.4592497 0 0 0.2669223 0.9637181 -1.51406e-4 -0.8476508 0.5305547 -2.87362e-4 -0.9397204 0.3419439 -0.005227088 0.08201521 -0.9966174 0 -0.669049 -0.7432184 4.52683e-5 -0.6690484 -0.7432188 0 -0.9396396 0.3421661 -0.002625286 0.9923582 0.1233624 3.27082e-4 -0.9395424 0.3424323 -2.59341e-6 0.700598 -0.7135564 -0.4050574 -0.5079486 -0.7602084 0 -0.9396282 0.3421972 -0.06511926 -0.4411252 -0.89508 -0.976134 -0.1260365 -0.176854 -5.97118e-4 0.9906539 0.1363983 2.30258e-5 -0.5734604 0.8192334 -0.3790545 -0.654181 0.6544959 -0.3790555 -0.6541807 0.6544957 -0.3790601 -0.6541791 0.6544947 0 -0.6690554 -0.7432126 -1.03553e-4 0.7005866 -0.7135674 0 0.7005981 -0.7135561 -3.28958e-4 -0.6697294 -0.7426052 -2.74468e-4 -0.6696392 -0.7426866 -0.06432569 -0.4414108 -0.8949965 0 0.7005985 -0.7135556 0.8017088 -0.04694771 0.5958683 0.8004202 -0.04695409 0.5975977 0.8016399 -0.04698574 0.5959579 0.8014689 -0.04698282 0.5961881 0.003567337 0.9877384 0.1560775 -0.2201927 -0.4312896 -0.874931 5.96469e-4 0.9899417 0.1414746 2.21335e-4 -0.6683936 -0.7438077 1.47149e-4 -0.6685419 -0.7436745 -0.8009344 -0.3477461 -0.4874185 -1.21341e-4 -0.6692496 -0.7430377 -1.07662e-4 -0.6692265 -0.7430585 -0.9761314 0.1522215 -0.1549066 0 -0.6690495 -0.743218 -0.8119916 -0.3388367 -0.4752469 -0.8119724 -0.338842 -0.4752759 -0.8119693 -0.338843 -0.4752805 -0.0033679 0.9920794 0.1255668 5.73623e-4 0.9898869 0.1418583 -0.2207915 -0.4314113 -0.8747202 -0.6034829 0.5992736 -0.5260035 -0.9168141 -0.2318113 -0.3251392 -0.4050381 -0.4042499 -0.8200769 -0.9128466 -0.2369828 -0.3324912 -0.9128549 -0.2369487 -0.3324926 -0.912846 -0.2369848 -0.3324913 0.005349516 0.9873692 0.1583459 4.20204e-4 0.7656858 -0.6432147 -0.06568884 -0.5544248 -0.8296374 -0.001057624 0.9907567 0.1356474 -0.06503158 -0.5546274 -0.8295537 -0.06505382 -0.5546451 -0.8295401 4.05786e-4 0.7657722 -0.6431119 -0.2189319 -0.5423905 -0.8110989 0 -0.5734978 0.8192071 0 -0.5734974 0.8192075 -0.006281018 0.9928065 0.1195659 -0.5774322 0.5723042 -0.5822715 -0.5774318 0.5723043 -0.5822717 -0.5774316 0.5723042 -0.582272 -0.2196813 -0.5422225 -0.8110086 -0.4288533 -0.8746909 -0.2258332 -0.06953507 0.6990697 -0.7116646 1.67212e-4 0.9901734 0.1398449 4.17502e-4 0.7657381 -0.6431525 6.99091e-4 0.7655465 -0.6433803 -0.2330817 0.6814505 -0.6937566 -0.2203434 -0.5420104 -0.8109709 -0.2201566 -0.541894 -0.8110993 -0.2346333 0.6814329 -0.6932508 -0.2342128 0.6814311 -0.6933946 -0.604605 -0.442582 -0.6622492 5.61799e-5 0.9902194 0.1395192 1.28698e-6 0.9902596 0.1392332 -1.94778e-5 0.7659409 0.642911 0 -0.9396395 0.3421663 4.75439e-4 0.9902004 0.1396533 7.32225e-4 0.9901629 0.1399176 -9.5869e-5 0.7659006 0.6429589 -0.6042232 -0.4426819 -0.6625309 -0.604269 -0.442624 -0.6625277 0 0.2669224 0.9637181 1.06768e-4 0.7659468 0.6429041 1.64626e-4 0.7659022 0.6429572 -1.86411e-4 -0.8479859 0.5300188 6.18474e-5 -0.8483899 0.529372 0 0.3419972 -0.939701 3.19444e-5 -0.6684017 -0.7438005 -0.9168237 -0.2317963 -0.3251228 -4.20528e-4 -0.8468132 0.5318903 1.0082e-5 -0.6686944 -0.7435373 0.9799278 0.1993528 -2.0396e-7 0.9799286 0.1993494 1.26427e-7 0.9799278 0.1993528 -1.95534e-7 8.57302e-5 -0.6688566 -0.7433914 5.94931e-5 0.7658925 -0.6429688 -1.78934e-4 0.7661058 -0.6427146 0 0.7659786 0.6428663 -3.77833e-4 -0.9397222 0.3419389 -4.20983e-4 -0.8468382 0.5318506 -4.65148e-4 -0.8467447 0.5319994 -4.21337e-4 -0.8468153 0.531887 -1.75051e-4 0.7660495 -0.6427815 0.07064568 0.7382531 -0.6708141 0.07065314 0.7382581 -0.6708078 0.07064729 0.7382542 -0.6708127 0 -0.9396385 0.3421688 5.11251e-4 -0.8491792 0.5281046 1.56847e-4 -0.8483073 0.5295045 1.18529e-4 -0.8482158 0.5296509 -2.6289e-4 0.7661573 -0.6426531 -1.88968e-4 0.2668989 0.9637246 -5.23093e-5 0.7659218 0.6429339 0 0.08708125 -0.9962013 6.10311e-4 -0.9394944 0.3425639 4.08735e-4 -0.93953 0.3424664 1.60428e-4 -0.8483085 0.5295026 0 0.3420528 -0.9396808 -3.47319e-5 -0.6689997 -0.7432628 -4.12494e-5 -0.6690035 -0.7432593 -1.8627e-4 0.7660187 -0.6428183 0 -0.9396306 0.3421906 0.8930298 -0.03531396 0.4486098 0.8930301 -0.03531384 0.4486094 0.8930301 -0.03531408 0.4486091 3.80506e-4 -0.8487601 0.5287779 3.96157e-4 -0.8487865 0.5287357 1.01333e-5 -0.6689631 -0.7432957 -4.08176e-5 -0.6692848 -0.7430061 -8.694e-5 -0.6690344 -0.7432315 0 -0.939629 0.3421951 0.9164974 -0.03137731 0.3988082 0.9763846 -0.01695477 0.2153736 -0.1256473 0.8592404 -0.495902 -0.1256673 0.8592438 -0.495891 -0.1256405 0.8592389 -0.4959063 -9.65537e-5 0.7658745 -0.6429902 1.89633e-4 0.765966 -0.6428812 -5.52881e-4 -0.8470302 0.5315445 -3.62906e-5 0.7659698 -0.6428767 -2.98694e-4 0.766094 -0.6427285 -0.06461948 0.1944946 0.9787728 0.9763535 -0.01697129 0.2155132 -0.04230386 -0.5876123 0.808036 -0.04230374 -0.5876126 0.8080358 -0.04230391 -0.5876124 0.808036 0 -0.6688463 -0.7434009 -0.4051728 0.1784593 0.8966535 -2.53676e-4 -0.6699729 -0.7423855 -2.38507e-4 -0.6698452 -0.7425008 0.9762976 -0.01690065 0.2157718 0.9804236 -0.01541727 0.1962956 -0.2207443 0.1901125 0.9566239 -0.4064834 0.6866707 -0.6027061 -0.4065102 0.6866562 -0.6027045 0.9979808 -0.004957139 0.06332278 0.9979765 -0.004966557 0.06338971 0.9979764 -0.004970848 0.06339097 -0.2206289 0.1900811 0.9566567 -3.36879e-4 0.7660748 -0.6427513 -4.56496e-4 0.7661585 -0.6426515 -0.6041024 0.1556641 0.7815555 -0.6041591 0.1556687 0.7815108 -0.6043714 -0.7544141 -0.2561149 1 -5.44881e-7 0 0 -0.341997 0.9397011 0 0.1949021 0.9808228 -0.06867718 0.6989623 -0.7118533 -0.603893 -0.7547012 -0.2563972 -0.3318771 0.6610157 -0.6729902 -0.3318777 0.6610151 -0.6729905 -0.3318771 0.6610158 -0.6729902 1.30902e-5 0.08703279 -0.9962055 1.52904e-5 0.08703333 -0.9962054 -0.7817642 -0.590465 -0.2004889 -0.2333078 0.6814067 -0.6937235 0 -1 0 0 -1 -2.3307e-6 0 -1 0 0 -1 -4.2427e-7 1 -2.89866e-7 0 -1 -2.53487e-7 0 -0.6039026 -0.7149487 -0.3523494 -7.09063e-5 0.9781856 -0.2077329 -1 5.44682e-7 0 -0.428692 0.6332181 -0.6444053 -0.4279714 0.6334482 -0.6446581 -0.6040794 -0.7147582 -0.3524326 -6.82095e-5 -0.08729022 0.996183 -0.4274427 0.6337346 -0.6447272 -0.7818271 -0.5592244 -0.2757077 0 -0.3421307 0.9396525 0 -0.3421291 0.939653 -0.6294096 0.5446444 -0.5542618 -0.6297008 0.544455 -0.554117 0 -0.5734611 0.8192329 -0.7818036 -0.5904197 -0.200469 3.05678e-4 -0.6685644 -0.7436543 -1.15347e-4 -0.6690458 -0.7432213 -0.781461 -0.5908342 -0.2005837 -8.31869e-5 -0.6690732 -0.7431966 0 0.08704096 -0.9962048 -0.6045354 0.5989236 -0.5251927 -0.6044323 0.5989971 -0.5252277 1 1.74207e-7 0 -0.7821584 0.4684914 -0.4107847 -0.6291602 0.207588 0.7490426 -0.7821012 0.4685453 -0.4108324 -0.4284601 0.2414287 0.8707091 -0.4285666 0.2414126 0.870661 -0.4284799 0.2414219 0.8707012 -0.5941942 0.2149103 0.7750787 -0.5941923 0.2149107 0.77508 -0.5941959 0.2149101 0.7750774 -0.6301615 -0.7517801 -0.1942247 -0.7822197 0.4106569 -0.4685014 -3.52086e-4 -0.9397217 0.3419404 -0.8010128 -0.5796169 -0.1497419 0.05324739 -0.92399 0.3786914 0.05324387 -0.9239916 0.3786879 0.05324798 -0.9239894 0.3786931 -2.03621e-4 -0.9397011 0.3419969 -3.01037e-4 -0.9397194 0.3419463 -0.6302924 0.5440018 -0.5538896 0 -0.9681528 -0.2503607 -0.6989654 -0.6924367 -0.1788263 -0.6989655 -0.6924366 -0.1788263 -0.698966 -0.692436 -0.1788265 -0.06901818 -0.9659138 -0.2494937 5.30964e-4 -0.3107951 0.9504769 -2.01069e-5 -0.3099274 0.9507603 -0.2325874 -0.9416753 -0.2432093 -0.2326323 -0.9416641 -0.2432099 -6.37853e-5 -0.669018 -0.7432463 -0.069866 -0.9657879 -0.2497449 -0.06986117 -0.9657877 -0.2497474 -0.06986582 -0.9657872 -0.2497481 1 -1.34296e-7 0 1 -1.61547e-6 0 1 -5.20416e-7 0 0 -0.9681261 -0.2504633 -1.38162e-4 -0.3083277 0.9512802 -0.4291102 -0.8745706 -0.2258112 -0.4289174 -0.8746616 -0.225825 -0.4289525 -0.874651 -0.2257996 7.0891e-5 -0.3102075 0.950669 -0.4272149 -0.8753199 -0.2265011 -0.6920972 -0.6987875 -0.1808251 -0.6920952 -0.6987896 -0.1808241 -0.6920951 -0.6987897 -0.1808243 1 -2.76672e-7 0 -0.04039287 0.7457336 0.6650187 -0.04036569 0.7457489 0.6650032 -0.0403608 0.7457512 0.6650009 -0.7763293 -0.5653381 -0.2787576 -0.6296985 -0.7521486 -0.1942994 -6.82892e-5 0.1737995 -0.9847811 0.1607049 0.1591976 -0.9740791 0.1606965 0.1592007 -0.97408 0.1606968 0.1592002 -0.97408 -1.66885e-4 0.1737932 -0.9847822 -3.53445e-4 0.1738942 -0.9847643 -0.8010464 -0.4933412 -0.3390268 0 -0.1737601 0.984788 -0.6292061 -0.6405416 -0.4402343 1 -3.19061e-5 0 -2.23926e-5 -0.9681514 -0.2503655 -0.628471 -0.6410416 -0.4405565 -0.00275582 0.5020611 -0.8648278 2.05718e-4 0.1735917 -0.9848177 1 0 0 2.5539e-4 0.1735826 -0.9848194 2.58505e-4 0.1735831 -0.9848193 1 2.44805e-7 0 1 0 0 -1.79877e-4 0.7657965 0.643083 1.48785e-4 0.1736167 -0.9848134 0 0.1736396 -0.9848093 1.63051e-4 0.4997913 -0.866146 6.14138e-5 0.4998921 -0.8660877 3.25398e-4 0.1730386 -0.9849151 0 0.1735132 -0.9848316 -1.23342e-7 0.1735132 -0.9848316 0 0.1735141 -0.9848315 3.86291e-4 0.1730912 -0.9849058 3.97218e-4 0.1734681 -0.9848395 0.08552896 0.08639168 -0.9925832 0.08553063 0.08639234 -0.992583 0.08552944 0.08639186 -0.9925832 -0.6045558 0.5251988 -0.5988979 -0.6045292 0.5252195 -0.5989066 0 0.1949244 0.9808183 -7.43197e-5 0.4999927 -0.8660296 -0.7818904 0.4110446 -0.468711 0 0.06534302 0.9978629 1 -2.73461e-7 0 1 5.62663e-7 0 -0.7822017 0.3461337 -0.5180271 -8.83851e-6 0.1736816 -0.9848019 6.78908e-4 0.7662428 0.6425508 -0.6045411 -0.5989264 -0.5251831 1 -5.22992e-7 0 3.78028e-5 0.173668 -0.9848043 -0.7821944 -0.4684919 -0.4107155 -0.6045434 0.442598 -0.6622947 1 -5.7503e-7 0 -0.6042494 0.05215084 0.7950868 -0.7824987 -0.4681546 -0.4105206 1 6.85453e-7 0 1 -2.12644e-7 0 -2.01461e-4 0.1734 -0.9848515 0 0.1949244 0.9808183 -0.7822964 0.3461046 -0.5179035 -2.60997e-5 -0.6158172 0.7878891 3.29381e-4 -0.6174832 0.786584 -0.06455719 0.1945169 0.9787725 -0.6301323 -0.7518202 -0.194164 -0.06418478 0.06538897 0.9957935 -0.8009626 0.4195286 -0.4271473 -0.06467187 0.06520634 0.995774 1 -5.54592e-7 0 -0.6300429 -0.7518826 -0.1942127 -0.2205044 0.06419825 0.973271 -0.9069617 -0.3989 -0.135275 2.08978e-4 -0.7657682 -0.6431167 -0.2196429 0.06392407 0.9734838 -0.9073235 -0.3982375 -0.1347994 -0.4043878 0.06019651 0.9126046 -0.405409 0.05983108 0.9121753 1 2.97107e-7 0 1 -7.00449e-7 0 -0.90675 -0.3781342 -0.1865988 -0.9065421 -0.3784787 -0.1869099 0 -0.1949234 0.9808185 0 -0.1949234 0.9808185 1 1.04079e-6 0 -3.25294e-4 0.7657514 0.6431366 -5.80628e-4 0.1742293 -0.9847049 -0.9741597 -0.2025421 -0.09994834 -0.9729288 -0.2072387 -0.1022832 -3.32616e-4 0.7657454 0.6431438 -1.67085e-5 -0.07825928 0.9969331 1.18594e-4 0.1736874 -0.9848009 -6.31437e-4 0.1741399 -0.9847208 0.7821131 -0.1214295 0.6111907 -0.9076532 -0.3764112 -0.1856895 0 0.1737973 -0.9847815 0 0.1737974 -0.9847815 0 0.1737973 -0.9847815 3.13314e-4 0.9900768 0.140527 3.2694e-4 0.4996921 -0.8662031 -7.17298e-4 0.1742169 -0.9847071 -0.8011001 0.2480982 -0.5446888 -0.9728763 -0.2074735 -0.1023066 -2.4308e-4 0.9903479 0.1386045 0.906076 -0.08245217 0.4150036 0 0.9902533 0.1392782 -5.29378e-4 0.1741005 -0.9847278 0.9063394 -0.08253681 0.4144113 -0.972913 -0.2073335 -0.102241 -0.7817983 -0.5904271 -0.2004679 0.7816388 -0.2004747 0.5906359 -1.56452e-4 -0.9681515 -0.2503655 -1.17841e-4 -0.9681646 -0.2503149 2.85751e-6 -0.968159 -0.2503365 0.7816213 -0.2004792 0.5906575 -5.30213e-5 -0.1949161 0.98082 2.30101e-5 -0.88264 -0.4700497 2.00298e-5 -0.8826435 -0.4700431 0 -0.1949306 0.9808171 6.92461e-5 -0.1949884 0.9808056 -6.58404e-5 -0.1948157 0.9808399 -0.9067316 -0.3993167 -0.1355884 -0.9067542 -0.3992674 -0.1355816 -0.6049606 -0.05309963 0.794483 -0.6054503 -0.05302381 0.794115 -1.22888e-4 -0.8828668 -0.4696235 0 -0.9681618 -0.2503255 -1.54862e-4 -0.9681578 -0.2503407 -0.4042963 -0.1782305 0.8970945 -0.7821048 -0.5588109 -0.2757584 -0.7823401 -0.558539 -0.2756414 3.09844e-5 -0.8828225 -0.4697069 -0.4044133 -0.178246 0.8970386 -0.06461066 -0.1944906 0.9787742 0.9063506 -0.1358058 0.4001069 -0.9067372 -0.3781644 -0.1865998 7.16393e-5 0.1736523 -0.984807 6.22169e-5 0.1736696 -0.984804 4.00866e-5 0.1736525 -0.984807 -0.6043525 0.3523388 -0.7145736 -0.06455093 -0.194514 0.9787735 -0.06436073 -0.1945129 0.9787863 -0.7821852 0.2757009 -0.5587266 -0.2203662 -0.1901072 0.9567121 -1.1022e-5 -0.1738895 0.9847652 -0.7815363 0.2758934 -0.559539 0.6044306 -0.1555356 0.7813274 -0.2207228 -0.1901163 0.9566282 -0.9976881 -0.0643534 -0.02184367 7.49078e-5 -0.1737596 0.9847882 1.57027e-4 0.990163 0.1399185 -0.9728963 -0.2189717 -0.07432436 3.36969e-5 -0.1737346 0.9847926 -1.54295e-5 -0.1738762 0.9847675 -0.9728519 -0.2191393 -0.07441228 0.4057703 -0.1784163 0.8963917 -0.2201178 -0.1901127 0.9567683 -0.7822728 0.2756866 -0.5586109 0.4050305 -0.1785008 0.8967095 0 -0.9681532 -0.2503587 -8.13898e-5 -0.9681583 -0.2503389 0.218683 0.7334892 0.6435616 -6.22205e-4 0.1740306 -0.9847401 -0.001318514 0.1743482 -0.9846832 -0.9729404 -0.2188163 -0.07420569 2.01971e-5 -0.8827968 -0.4697552 -0.9729225 -0.2188938 -0.07421284 -2.24245e-5 -0.8827625 -0.4698197 0.7817249 -0.1215382 0.6116656 -0.4051341 -0.1784893 0.8966649 -0.7822661 0.4106538 -0.4684265 0.7823312 -0.1216694 0.6108638 -0.9976936 -0.06427741 -0.02181768 -0.6044273 -0.1555237 0.7813323 -8.5962e-5 0.1737459 -0.9847905 -2.6199e-4 0.1738212 -0.9847772 -1.40387e-4 0.1737513 -0.9847896 -0.99769 -0.0609138 -0.03007078 -0.7823871 0.4105711 -0.4682967 -3.92028e-4 0.1739433 -0.9847556 -0.90667 0.278094 -0.317196 -0.9066675 0.2781015 -0.317197 -0.9976945 -0.06086689 -0.0300166 0.4045304 -0.2938825 0.8660185 0.4050272 -0.2938622 0.8657934 -1.25913e-4 0.1737504 -0.9847898 -0.9067721 0.2780207 -0.3169684 -0.9068176 0.2779659 -0.3168863 -0.6041415 -0.1556673 0.7815245 -3.20079e-4 0.1738203 -0.9847774 -0.8011652 -0.4931766 -0.3389856 -0.8009968 -0.4933889 -0.3390747 -0.06046485 -0.0664848 0.9959537 5.96146e-4 -0.9681981 -0.2501841 -0.9729166 0.152418 -0.1737879 -0.972963 0.1523028 -0.1736291 0.4063023 0.6868596 0.602613 0 0.1736703 -0.9848039 -0.06418573 -0.06499844 0.995819 -0.06420022 -0.0663703 0.9957276 0.604732 -0.2559351 0.754186 -1.08114e-4 0.173715 -0.984796 -0.2196406 -0.06418895 0.973467 -0.2196252 -0.06488782 0.9734241 -0.2215769 -0.06485325 0.972984 8.05686e-5 0.4998427 -0.8661163 -0.9728654 0.1525698 -0.173941 -0.9728851 0.1524679 -0.1739205 0.405889 -0.2940078 0.8653402 -0.405415 -0.05972552 0.9121797 -0.4054062 -0.06089454 0.9121062 -0.4017989 -0.0608806 0.913702 1.46206e-4 -0.9681612 -0.2503279 0 -0.07828432 0.9969311 -0.9976943 0.04478836 -0.05099105 -0.537945 0.6490193 -0.5379491 -0.5379578 0.6490216 -0.5379334 -0.5379544 0.6490209 -0.5379378 3.54424e-4 0.4997947 -0.8661439 0 -0.0782839 0.9969311 -9.92701e-4 0.1745164 -0.9846538 -4.68734e-4 0.1741104 -0.9847261 -0.9976904 0.04478615 -0.05107027 -0.9977012 0.0446875 -0.05094361 7.62841e-4 0.4992991 -0.8664294 0.001240074 0.1727545 -0.9849641 5.76987e-4 0.1731862 -0.984889 0.6043234 -0.2561547 0.754439 0.6043649 -0.2561522 0.7544065 -7.57934e-5 0.4999521 -0.8660532 -4.43069e-5 0.6156355 -0.7880311 -5.64679e-4 0.6156569 -0.7880142 0.001044571 0.6156588 -0.7880122 6.33197e-4 -0.9681757 -0.2502712 0.001122415 0.6163294 -0.7874877 0.002585709 0.6171359 -0.7868524 0.001354992 0.1728846 -0.9849412 -4.3391e-4 -0.9395365 -0.3424487 2.34646e-4 0.6157912 -0.7879095 4.77765e-4 0.6159687 -0.7877705 -3.17537e-6 -0.9396804 -0.3420538 -0.6299258 -0.06066018 0.7742828 -6.6326e-5 0.4999214 -0.8660708 -2.16163e-4 0.1738778 -0.9847673 -1.9177e-4 0.5000633 -0.865989 -6.15936e-4 0.17413 -0.9847226 -0.7822295 0.2757622 -0.5586344 -0.6293403 -0.06089609 0.7747403 0.7817327 -0.2004792 0.59051 0.7816526 -0.2005282 0.5905995 -4.75304e-4 -0.9681372 -0.2504197 -0.801117 -0.579502 -0.1496299 7.45899e-4 0.1731926 -0.9848877 4.22057e-4 -0.9397656 -0.3418196 -0.001121163 0.1743874 -0.9846766 -0.9168437 -0.3865709 -0.09980374 -0.06888198 -0.0781092 0.9945624 -7.30548e-6 -0.9396898 -0.3420282 -4.08881e-4 -0.9395509 -0.3424089 -9.83222e-4 -0.9392005 -0.3433679 -1.13515e-4 0.1738128 -0.9847788 -0.2333558 -0.07611584 0.9694078 0 0.173662 -0.9848054 -6.01991e-5 -0.9396674 -0.3420895 -0.2340211 -0.07629358 0.9692334 -0.2184635 -0.07658225 0.9728355 -0.2184723 -0.07658213 0.9728336 -0.218434 -0.07658284 0.972842 -4.14927e-6 -0.3090001 0.951062 3.31637e-5 -0.3088915 0.9510974 0 0.1736556 -0.9848065 -0.4285758 -0.07078468 0.9007288 -0.4282491 -0.0707845 0.9008842 0.9976921 -0.01325911 0.06659311 -0.9068198 0.1864635 -0.3780336 -0.4919474 -0.06832462 0.8679398 -0.4919199 -0.06832599 0.8679554 -0.4919336 -0.06832581 0.8679475 -0.4278672 -0.07091069 0.9010557 0.9976896 -0.01325011 0.06663262 3.82393e-4 0.1735346 -0.9848277 0 -0.3090317 0.9510518 0.9976787 -0.01329135 0.06678771 1.40745e-4 -0.3089266 0.9510859 -0.6386042 -0.0602886 0.7671701 -0.6386038 -0.0602886 0.7671706 -0.638604 -0.06028854 0.7671703 -0.6294512 -0.06087332 0.774652 0.2199518 0.8125097 0.5398604 0.9976869 -0.02184033 0.0643742 -0.9065794 0.1868095 -0.3784391 1.73328e-5 0.1736896 -0.9848005 0.2197926 0.8103424 0.5431725 0.2199633 0.812596 0.5397259 -0.9067064 0.1866534 -0.3782115 0.9976962 -0.02179574 0.06424492 0.9976899 -0.02184522 0.0643264 -0.9066291 0.1868231 -0.3783132 0.0650143 0.8302224 0.553628 0.9066463 -0.08238828 0.413769 3.336e-5 0.9901744 0.139838 0 -0.309813 0.9507976 -8.40608e-5 -0.3098632 0.9507812 0.06504964 0.8289988 0.5554545 0.6046248 -0.5986237 -0.5254319 -5.61863e-5 -0.3097365 0.9508225 -6.59437e-5 -0.3101607 0.9506843 3.80417e-5 -0.3098036 0.9508006 4.13447e-5 -0.3098856 0.950774 -4.23086e-5 0.9902801 0.1390876 0.2270346 0.8103458 0.5401806 0.9731826 -0.04491394 0.2256065 4.77274e-5 0.9902572 0.1392508 0.9731423 -0.04494822 0.2257736 -0.9729201 0.1022399 -0.2073011 -3.64772e-5 -0.3087273 0.9511507 -4.97584e-6 -0.3087979 0.9511278 -2.44689e-4 -0.3085799 0.9511985 0.9732187 -0.07385659 0.2176941 0.06693124 0.829366 0.554682 0.9729611 -0.07402795 0.2187842 0.9731866 -0.07389324 0.2178251 5.59286e-6 0.9902551 0.139266 -3.01232e-4 0.9903017 0.1389334 -1.80212e-5 -0.308931 0.9510845 0.9732089 -0.07382839 0.2177473 -0.9729447 0.1021651 -0.2072221 -0.9729444 0.1021661 -0.2072233 0.9731354 -0.07402265 0.21801 4.35471e-5 -0.07826542 0.9969326 -1.89235e-5 -0.07831394 0.9969288 0.9063507 -0.1358461 0.4000928 -0.06871795 -0.07805651 0.9945778 0.7812688 -0.4693202 -0.4115311 0.9060519 -0.3181976 -0.278963 0.906313 -0.1358574 0.4001744 0.428794 0.7445302 0.5116742 -0.06961619 -0.07807582 0.9945138 -0.2336469 -0.07609874 0.9693391 -0.2338688 -0.07626378 0.9692726 0.9730894 -0.1732391 -0.1519389 0.9731374 -0.1730759 -0.1518166 5.12036e-5 0.9901875 0.1397453 2.22664e-4 0.9901592 0.139946 -2.00023e-5 0.9902167 0.139539 3.02972e-4 0.99008 0.1405044 6.18151e-6 0.990213 0.1395646 0.9976516 -0.05148696 -0.04517096 0.9976933 -0.0510208 -0.04477733 -0.9729717 0.1021537 -0.2071006 6.68858e-5 0.9901912 0.1397196 3.53005e-6 0.9902255 0.1394758 1.79066e-4 0.9901591 0.139946 -1.81805e-4 0.9902376 0.1393893 0.9746238 -0.167015 -0.1490454 0.9721126 -0.1772161 -0.1535958 -4.048e-5 0.9902115 0.139575 0.9714426 -0.1797236 -0.1549151 0.9714427 -0.1797236 -0.1549151 0.9714426 -0.1797236 -0.1549152 0.9728203 -0.1742264 -0.1525319 0.9767628 -0.1579864 -0.1448271 0.9767628 -0.1579863 -0.1448271 0.9767628 -0.1579864 -0.1448271 -2.26241e-4 0.9904297 0.1380178 -3.4519e-4 0.9904934 0.13756 -2.44418e-4 -0.4999842 0.8660346 -0.004149556 -0.499916 0.8660641 0 -0.4999669 0.8660446 -0.906594 0.2345045 -0.350849 0.9732649 -0.1725825 -0.1515608 0 0.8969843 0.4420627 -0.9729416 0.1283935 -0.1920928 -2.98156e-4 0.9904578 0.1378162 -0.9066766 0.2343543 -0.3507358 0 0.8310934 0.5561329 0 0.8310553 0.5561899 0 0.8310553 0.5561899 0 0.8310553 0.5561899 -2.93868e-4 0.9904649 0.1377657 0.9717751 -0.1784757 -0.1542711 0.9744857 -0.1676193 -0.1492694 0.9730579 -0.1733704 -0.1519907 0.9724662 -0.1757349 -0.1530585 0.9732066 -0.1727801 -0.1517103 -3.32526e-5 0.7519946 0.6591694 -1.14823e-5 0.7519765 0.6591901 0.9731637 -0.172954 -0.1517869 2.81353e-4 0.9901061 0.1403205 -1.73344e-4 0.9903296 0.1387343 2.09123e-4 0.9901359 0.1401106 -4.34052e-5 0.9902894 0.1390212 3.12966e-4 0.9900774 0.1405224 -0.9728835 0.1284535 -0.1923472 -4.39418e-4 0.9904325 0.1379974 0.9731022 -0.2065656 -0.1019943 0.9732599 -0.2060447 -0.1015415 0.997694 -0.06427049 -0.02181768 -1.54741e-4 0.6152856 -0.7883044 -0.9976913 0.03771561 -0.05647605 -1.94512e-4 0.9903314 0.1387219 0.9732223 -0.2061862 -0.1016151 0 0.6156357 -0.788031 0.9976945 -0.06086647 -0.03001624 -0.9976944 0.03770697 -0.05642813 0 -1 0 0 -1 6.62525e-7 0.9975225 -0.06308376 -0.03113436 0.9976901 -0.06091302 -0.03007024 0.219139 0.7335143 0.6433778 -0.9976941 0.0300219 -0.06087201 0.4062548 0.6868885 0.6026121 0 -1 0 0 -1 0 0.9063379 -0.317594 -0.2787216 0.4063535 0.6868348 0.6026066 0.9063422 -0.317613 -0.2786858 0 -1 0 -0.9976896 0.03005039 -0.06093156 0.2189266 0.6434987 0.7334716 0 -1 0 0.2188706 0.643514 0.7334749 0 -1 0 -0.9976909 0.03006273 -0.0609036 0.4064027 0.6025843 0.6868254 0 -1 0 -0.3594172 -0.7152509 0.5993626 -0.3594278 -0.7152614 0.5993437 -0.3594232 -0.7152637 0.5993436 0.9976974 -0.05099284 -0.04471844 0.2192313 0.6433748 0.7334894 0.2192044 0.6433751 0.7334971 0.06611055 0.7501392 0.657967 0.06605678 0.6579713 0.7501403 0.06602227 0.6579774 0.7501381 0.406163 0.6025961 0.6869568 4.81629e-4 0.7661452 0.6426675 4.38557e-4 0.7660501 0.6427807 0.916478 -0.3296479 -0.2267166 0.06524711 0.6577951 0.7503656 -0.8009024 0.4195683 -0.4272212 0.9763967 -0.1779646 -0.1223853 -0.9168347 0.2797514 -0.2848743 3.09689e-4 -0.765959 0.6428894 7.03616e-5 -0.7660017 0.6428386 -7.59133e-5 -0.7659478 0.6429029 0 0.7519649 0.6592032 0.9763418 -0.1782208 -0.1224509 -0.9170099 0.2795658 -0.2844924 0 0.6592004 0.7519673 0 0.6592007 0.7519672 0 0.6591746 0.75199 0 -0.7659469 0.6429039 -5.28715e-4 0.7656421 0.6432667 0.06577897 0.7501475 0.6579909 0.800979 -0.4932965 -0.3392513 0.8014934 -0.4927316 -0.3388569 0.2196871 0.7334061 0.6433143 4.11664e-4 -0.7656595 -0.643246 0.2188962 0.7334725 0.6435081 0 -0.6160002 0.787746 8.17131e-5 -0.615615 0.7880471 7.31767e-4 -0.6154294 0.7881917 -6.46137e-5 -0.6155943 0.7880634 1.01744e-4 -0.6158438 0.7878683 6.51829e-5 -0.61565 0.7880198 0.9164037 -0.1659123 0.3642492 2.5798e-4 -0.765753 -0.6431349 -6.89315e-5 -0.6152902 0.7883007 0.9763621 -0.0895881 0.1967011 0.6436855 -0.6315544 -0.4322131 0.6436837 -0.6315556 -0.4322139 0.6436837 -0.6315556 -0.432214 0.9763084 -0.08972442 0.1969047 0.9763084 -0.08972436 0.1969049 0.9763085 -0.08972352 0.1969051 0.06536877 0.7503572 0.6577927 0.001143932 -0.6226894 0.7824684 0.9979851 -0.02629268 0.05774521 0.9979779 -0.02634698 0.05784612 0.9979783 -0.02632254 0.0578491 3.00268e-4 -0.6167362 0.7871699 -5.57908e-4 -0.7662153 -0.6425839 1.24825e-4 -0.6160626 0.7876973 1.09256e-4 0.8240567 0.5665075 1.02867e-5 0.8240513 0.5665152 0.9979771 -0.02634841 0.05785858 -0.9761839 0.1520618 -0.1547329 -0.9761629 0.1521235 -0.1548047 1.37887e-4 -0.6162048 0.787586 0.9161577 -0.3302752 -0.2270983 0.8028044 -0.4912728 -0.3378698 -0.8009511 0.4195386 -0.4271588 -2.54375e-5 -0.6163617 0.7874633 0 -0.6148777 0.7886226 -2.07643e-4 -0.6115857 0.7911782 -4.03698e-4 0.7658581 0.6430096 -6.54666e-5 0.8240814 0.5664714 -3.64426e-4 0.7657154 0.6431797 -0.002096474 -0.6051855 0.7960819 0.8008286 -0.2481386 0.5450696 -5.60894e-4 0.7657155 0.6431793 -0.001102447 0.7652963 0.6436774 -1.48762e-4 -0.6152142 0.78836 -1.0462e-4 0.7658946 0.6429662 0.06831485 0.8221281 0.5651889 0.6299562 -0.3217759 0.7068349 0.629968 -0.3217765 0.706824 0.8007444 -0.4935994 -0.3393643 0.8016567 -0.4925445 -0.3387424 0.8015199 -0.4927035 -0.3388351 0.6297565 -0.3219062 0.7069535 0 -0.4143596 0.9101133 1.87411e-7 -0.4143949 0.9100972 0 -0.4143596 0.9101133 0.00129199 -0.620352 0.7843225 9.75945e-6 0.8240649 0.5664954 -3.43052e-4 -0.6140964 0.7892311 4.31459e-4 0.617003 -0.7869608 0.8018155 -0.4923592 -0.3386365 -4.17999e-4 0.7658787 0.6429849 -4.33319e-4 0.7657889 0.643092 -1.3571e-4 0.765824 0.6430504 -4.81588e-4 0.6144578 -0.7889496 -0.001894354 -0.609649 0.7926692 0 0.8240548 0.5665103 -0.9761493 0.08996731 -0.1975817 -0.9760839 0.09009909 -0.1978442 5.67966e-4 -0.6172374 0.7867769 -0.9761525 0.08996611 -0.1975666 -5.50531e-4 -0.6138005 0.789461 0.004516303 -0.6284537 0.7778339 4.41234e-6 0.5736404 -0.8191073 -0.8011101 0.2481089 -0.5446695 -5.85622e-4 0.8829302 0.4695038 0.635872 0.6358859 0.4373971 0.6358669 0.6358889 0.4373999 0.6358712 0.6358863 0.4373974 -0.9168162 0.1655046 -0.3633955 -0.9176721 0.1647089 -0.3615924 0 0.8240547 0.5665102 -0.916828 0.1655002 -0.3633677 1.61298e-5 0.8829394 0.4694872 0.4277576 0.744715 0.5122724 1.31666e-4 -0.6160661 0.7876945 4.52307e-4 0.882978 0.4694142 -0.9164545 0.1659677 -0.3640961 0 0.5736757 -0.8190826 -0.008159339 -0.5948008 0.8038319 -0.008159339 -0.5948007 0.8038318 -0.008159339 -0.5948007 0.8038319 1 -1.01386e-6 0 1 1.08885e-6 0 -3.06899e-4 -0.8828622 -0.4696322 -1.38246e-4 -0.8828822 -0.4695946 -3.35229e-4 -0.8828093 -0.4697315 -3.00715e-4 -0.8828729 -0.4696119 1.64895e-5 -0.882815 -0.4697211 6.73675e-4 -0.6172833 0.7867408 -7.98554e-5 0.5736218 -0.8191204 -3.94183e-4 0.5738078 -0.8189899 -1.38969e-6 0.5736526 -0.8190987 1.90658e-5 -0.8828216 -0.4697087 0 0.6156334 -0.7880326 -3.80172e-5 0.6156337 -0.7880325 0.9418026 -0.2770445 -0.1904056 0.9418026 -0.2770445 -0.1904057 0.9418023 -0.2770448 -0.190406 -4.58605e-5 0.6156015 -0.7880576 2.82771e-4 0.615751 -0.7879408 1.94138e-4 -0.9398983 -0.3414545 0.9979655 -0.05254584 -0.03610992 -2.41427e-5 0.615633 -0.7880331 4.56772e-6 0.6156094 -0.7880515 6.75706e-4 -0.9403746 -0.3401399 2.33438e-4 0.615536 -0.7881088 0 -0.8828739 -0.4696101 0.4705982 0.4943493 -0.7308599 0.4706038 0.4943485 -0.7308568 0.4706063 0.4943482 -0.7308553 -1.74396e-5 0.6156089 -0.7880519 9.61418e-5 -0.9396877 -0.3420338 -9.12058e-4 0.4999531 -0.8660521 7.85183e-5 -0.882605 -0.4701154 -7.40712e-6 -0.8826764 -0.4699815 -1.67479e-5 -0.882684 -0.4699672 -1.93334e-4 -0.9396253 -0.3422051 0 -0.9396346 -0.3421799 0 -0.9396346 -0.3421799 0 -0.9396344 -0.3421801 0 -0.824055 -0.56651 0.001306772 -0.8821107 -0.4710406 -5.41625e-5 -0.8827369 -0.4698675 -2.39063e-5 -0.8828082 -0.4697336 0 -0.8826687 -0.4699958 1.32603e-4 -0.939711 -0.3419696 0.2201291 0.9237135 0.3135227 0.2201459 0.9237154 0.3135056 0.6294165 -0.6404011 -0.4401379 -4.14257e-5 -0.8828924 -0.4695754 0.220504 0.9236636 0.3134068 7.5864e-5 -0.9397059 -0.3419841 0.4056523 0.8654322 0.2940636 -7.28735e-5 -0.9396611 -0.3421068 0.06952798 -0.822059 -0.5651415 0.4050431 0.8200117 0.4043772 -0.8015025 0.2479174 -0.544179 0.8008338 -0.2481319 0.545065 0.4057402 0.8198363 0.4040338 0 -0.08734709 0.996178 0.8008332 -0.4935672 -0.3392018 0 -0.341997 0.9397011 0.9163941 -0.1659157 0.3642718 0.405154 0.7612971 0.5062381 -1 -2.53636e-7 0 0.2334833 -0.8013132 -0.5508018 0.8015748 -0.4926177 -0.3388296 0.4051862 0.7602536 0.5077784 0.4051862 0.7602535 0.5077784 0.4051861 0.7602536 0.5077784 0.4051752 0.7615023 0.5059124 0.0642504 0.9449764 0.3207673 0.06433445 0.9449651 0.3207835 0.9763661 -0.08957558 0.1966864 4.65458e-6 -0.8240694 -0.5664891 4.68337e-5 -0.8240548 -0.5665102 0.976359 -0.08957821 0.1967207 0.064323 0.8949968 0.4414107 0 -0.8240548 -0.56651 -0.6036058 0.2563071 -0.7549614 -0.603878 0.2562546 -0.7547616 0.06512254 0.89508 0.4411245 1 1.08971e-6 0 0.06459838 0.9449802 0.3206863 -0.7821981 0.2003133 -0.5899498 0.2199748 0.9237636 0.3134833 -0.7822478 0.2002825 -0.5898945 -1.8201e-4 -0.8944256 -0.4472169 -1.82025e-4 -0.8944263 -0.4472154 -1.81845e-4 -0.8944259 -0.4472162 -2.41111e-4 -0.9395363 -0.3424491 -9.25118e-5 -0.939628 -0.3421976 -1.32716e-4 -0.9396132 -0.3422386 0.2201142 0.8748571 0.4314797 -1.88813e-4 -0.9395555 -0.3423967 0.2199647 0.8749106 0.4314478 -0.2925296 -0.9562565 -5.27129e-7 -0.2925203 -0.9562593 0 -0.2925203 -0.9562593 0 7.45951e-5 -0.9396232 -0.3422109 0 0.9469338 0.321429 0 0.9469333 0.3214302 -0.7815964 0.2002902 -0.5907545 2.51465e-4 -0.9396593 -0.3421119 0.3047925 -0.8799186 -0.3644789 0.3047996 -0.879916 -0.3644793 0.3047907 -0.8799191 -0.3644791 5.8594e-5 -0.9396332 -0.3421835 4.93387e-5 -0.8240558 -0.5665088 -0.7819374 0.1215503 -0.6113915 0 0.8969843 0.4420626 -2.19044e-4 -0.6147228 0.7887433 3.99025e-5 0.8240705 0.5664875 1.48051e-4 -0.6159934 0.7877514 0.4290214 0.7444326 0.5116256 -4.87122e-4 -0.6142352 0.789123 -3.25973e-4 -0.6145688 0.7888631 -0.801216 0.2480808 -0.5445264 0 0.8239428 0.566673 0 0.8239433 0.5666724 0 0.8239428 0.566673 0.4292262 -0.7444863 -0.5113756 0.4276998 -0.7448761 -0.5120866 3.13105e-4 0.9396511 0.3421342 1.19009e-4 0.3419236 -0.9397279 1.19046e-4 0.3419236 -0.9397279 1.19036e-4 0.3419236 -0.9397279 -3.20716e-4 0.3425064 -0.9395155 0.06882721 0.8221142 0.565147 -0.6286461 0.3224058 -0.7077136 -0.6292783 0.3222162 -0.707238 0.2331002 0.8015344 0.5506423 -0.8010416 0.2481492 -0.5447515 -5.29746e-4 0.9394317 0.3427358 -4.03052e-5 0.3421301 -0.9396527 0 0.3421137 -0.9396586 7.48788e-4 -0.6158808 0.7878389 0.9770016 -0.08812594 0.1941695 0.9679083 -0.1187168 0.2214947 0.9741339 -0.09841632 0.2034147 1.60901e-5 -0.9395965 -0.3422843 0.9732642 -0.1013804 0.2061038 0.9743577 -0.09753769 0.2027646 0.9729177 -0.1028963 0.2069863 0.973187 -0.1015928 0.2063633 0.9732172 -0.1016169 0.2062093 0.9729897 -0.1022353 0.2069764 0.4289751 -0.7445933 -0.5114306 0.9705163 -0.1102859 0.2143252 0.9764755 -0.09030824 0.1958064 0.9764755 -0.09030818 0.1958063 0.9764754 -0.09030812 0.1958063 -0.8012283 0.2480784 -0.5445093 8.2704e-4 0.5008204 -0.8655509 8.16292e-4 0.5008229 -0.8655495 5.19908e-4 0.9397583 0.3418396 1.282e-4 0.939697 0.3420083 -5.5882e-4 0.8850492 0.4654973 6.61228e-4 0.8803518 0.474321 -0.001744389 0.498305 -0.867 0.002554655 0.8776336 0.4793255 0.002554655 0.8776336 0.4793254 0.002554714 0.8776336 0.4793254 2.97624e-4 0.9397338 0.3419072 8.70226e-4 0.8812905 0.4725742 -0.001746356 0.8859897 0.4637018 0.2332576 0.8014891 0.5506415 -5.99492e-4 0.9394515 0.3426815 0.005295157 0.8746733 0.4846842 1.68691e-4 0.8825615 0.4701972 -2.12848e-4 0.8830237 0.4693285 0.001354753 0.8823153 0.4706569 0.2336925 -0.8012361 -0.5508254 -2.90082e-4 0.4998956 -0.8660857 0.00142461 0.8821504 0.4709658 -4.12255e-4 0.939472 0.3426256 0.9719098 -0.1058648 0.2102005 0.97368 -0.1001069 0.2047587 0.06839776 0.82228 0.564958 0 -0.615548 0.7880994 0.9731302 -0.1018391 0.2065106 0.2326008 0.8016057 0.5507498 -0.6041629 0.1553825 -0.7815648 2.15996e-4 -0.6156426 0.7880254 -9.76895e-5 -0.6155216 0.78812 1.31438e-4 -0.6156347 0.7880316 0.06920355 0.8220854 0.5651431 0.9976899 -0.03004121 0.06093025 0.2350757 0.8008061 0.5508623 -3.05201e-5 -0.6155492 0.7880986 6.21932e-4 -0.61593 0.7878008 0.9976913 -0.03003734 0.06090879 8.09134e-5 -0.6154981 0.7881383 -1.60696e-4 -0.6155452 0.7881016 0.9976909 -0.03003132 0.06091958 1.58816e-5 -0.4999457 0.8660569 -4.77201e-4 -0.6157298 0.7879573 5.8807e-5 -0.6155455 0.7881013 0.7823151 -0.275711 0.5585398 -0.7818908 0.1215572 -0.6114496 1.60231e-5 -0.4999274 0.8660674 0.7822953 -0.3461058 0.5179045 -4.55884e-4 -0.6147488 0.7887229 1.02991e-5 -0.6155267 0.7881161 0.7822007 -0.3461341 0.5180283 -6.95498e-4 -0.5005962 0.8656807 -0.6294823 0.06061232 -0.7746471 -5.44354e-5 -0.4998803 0.8660945 0 -0.6155477 0.7880997 0.9060394 -0.2351119 0.3518738 -0.6291866 0.06073004 -0.7748783 -0.6292876 0.060727 -0.7747964 0.7822178 -0.4106106 0.4685449 0 -0.4999656 0.8660454 0.9060479 -0.2788776 0.3182837 4.89643e-4 -0.6165891 0.787285 0.9059545 -0.2352678 0.3519879 -0.8010056 0.04677832 -0.5968267 0.009910345 -0.5004727 0.8656956 3.55622e-5 -0.4999576 0.86605 1.889e-5 -0.499938 0.8660613 2.08937e-5 -0.4999822 0.8660357 -2.748e-5 -0.4999548 0.8660516 0.9731858 -0.1278215 0.191236 2.76725e-5 -0.9902186 -0.1395248 -4.83931e-5 -0.4999838 0.8660348 0.9731287 -0.1278797 0.1914874 0 -0.4999858 0.8660336 8.8655e-6 -0.4999552 0.8660513 3.07802e-7 -0.4998828 0.8660932 2.45986e-7 -0.4998928 0.8660873 1.36112e-7 -0.4998828 0.8660931 -0.5322122 -0.5321952 0.6584212 -0.5321936 -0.5322003 0.6584321 -0.5322059 -0.5321969 0.658425 0.9165449 -0.3295167 -0.226637 0.7822753 -0.2757835 0.5585595 0.8009751 -0.4934323 -0.3390628 0 0.3090562 -0.9510439 -1.94163e-4 0.3089929 -0.9510644 9.59405e-5 0.3090598 -0.9510426 -3.57073e-4 0.3091382 -0.9510172 0.8014928 -0.4927261 -0.3388662 0.9165193 -0.3295755 -0.226655 0.9063667 -0.1867546 0.3789751 3.09598e-5 -0.990239 -0.1393797 4.75358e-4 -0.9901024 -0.1403461 -2.63435e-4 0.3087673 -0.9511377 -1.17746e-5 -0.9902297 -0.1394458 0 0.3090565 -0.9510437 0.9059752 -0.1873908 0.3795965 0.9059711 -0.1873871 0.3796083 0.405803 0.9120014 0.05981308 0.9976914 -0.03771609 0.05647522 -0.003905713 -0.6126077 0.7903776 3.13e-4 -0.6156092 0.7880516 -6.38739e-5 -0.9902656 -0.1391916 0.4049925 0.8967845 0.17821 0.4055692 0.8964992 0.1783334 -1.35415e-4 -0.6153918 0.7882215 5.86447e-4 -0.6157559 0.7879368 0.4058138 0.896381 0.1783708 0.4057692 0.8963947 0.1784041 2.55325e-5 -0.9902517 -0.13929 0.0651254 0.9957553 0.06503868 0.06473749 0.9957714 0.06518197 0.2194223 0.9735555 0.06358873 0.2202001 0.9733635 0.06383895 0.9763225 -0.1782377 -0.1225798 -0.906898 0.08228325 -0.4132378 0.002010524 0.4955965 -0.8685505 1.60999e-5 0.4999052 -0.8660802 -9.00659e-5 0.5001153 -0.8659589 0.001410543 -0.001356303 -0.9999981 -0.9067971 0.08232647 -0.4134507 -9.47932e-5 0.4999905 -0.8660309 -2.21874e-4 0.4999455 -0.8660569 -0.005916476 0.5031018 -0.8642069 -6.92774e-5 0.4999175 -0.8660732 0.7822537 -0.4684315 -0.4106717 -0.7816206 0.2002834 -0.5907249 0.7820717 -0.4685472 -0.4108861 -0.9068217 0.1353455 -0.3991943 0.7821205 -0.4108482 -0.4684992 -0.9066861 0.1354375 -0.3994711 0.7799884 -0.4131989 -0.4699839 -0.9068218 0.1353682 -0.3991863 -0.9067743 0.1354094 -0.3992805 0.9063355 -0.2786492 -0.3176646 0.06474328 0.9787023 0.194808 0.9061835 -0.2787771 -0.3179857 0.06480729 0.9786896 0.1948512 0.06455725 0.9787014 0.1948748 0.2201989 0.9566766 0.190479 0.2202236 0.9566724 0.1904715 0.2124242 0.9588903 0.1881629 0.2124242 0.9588903 0.1881629 0.2124242 0.9588904 0.1881631 0.2200158 0.9567335 0.1904049 0.6035465 -0.5259685 -0.5992402 0.6045193 -0.5252181 -0.5989177 -0.001988232 -0.1765391 0.9842916 -0.9976934 0.01325225 -0.06657612 -3.03662e-4 -0.1737819 0.9847842 -9.3949e-4 -0.1746958 0.9846221 0.4056723 -0.68721 -0.602638 7.71691e-6 -0.1736152 0.9848136 -4.16011e-6 -0.1736119 0.9848142 0 -0.1736123 0.9848141 0.4049689 0.8658224 0.2938569 -0.9976941 0.0132547 -0.06656551 0.4069111 -0.6865265 -0.6025817 0.4065508 -0.6866413 -0.6026942 0.4058254 0.8653734 0.2939975 0.6044849 -0.5989585 -0.5252112 0.4056147 0.8654457 0.294076 0.6034711 -0.5992955 -0.525992 -0.9977259 0.01314765 -0.06610816 0.06611198 -0.7501244 -0.6579837 -0.9728773 0.07439601 -0.2190323 0 0.9681658 0.2503101 0 -0.7519749 -0.6591918 0.4284297 0.8748137 0.2261618 -0.972885 0.07438695 -0.2190012 -0.9728858 0.07439035 -0.2189966 0.218469 -0.6435049 -0.7336026 0.2183462 -0.643507 -0.7336373 0 0.9680896 0.2506043 0.2191861 -0.6432184 -0.73364 -0.9729619 0.07417279 -0.2187318 0.2185578 -0.6433803 -0.7336855 -0.997689 0.02185261 -0.06433594 0.428475 0.8747925 0.2261575 -0.9976941 0.02181297 -0.06427109 0.4069123 -0.6025886 -0.6865198 0.4071443 -0.6024866 -0.6864718 6.42985e-5 0.9396649 0.3420964 0.405614 -0.6026474 -0.687236 0.2336546 0.9413702 0.2433673 -0.9976933 0.02181166 -0.06428456 0.6036382 -0.5259357 -0.5991766 0.427726 0.8750838 0.2264481 0.06878709 0.9658771 0.2496997 0.06965702 0.965814 0.2497023 0.06893622 0.9658551 0.2497438 0.06595027 -0.6579816 -0.7501405 0.066024 -0.6579679 -0.7501461 -2.21203e-4 0.308789 -0.9511306 -0.7814722 0.121833 -0.6119298 6.72965e-5 0.309059 -0.951043 -1.22937e-4 0.3089772 -0.9510695 -7.09617e-5 0.3089913 -0.9510649 1.25409e-4 0.3091015 -0.9510291 -0.782216 0.1216271 -0.6110198 0.06598758 -0.6579589 -0.7501572 5.29681e-4 0.3090597 -0.9510426 8.59901e-4 0.3087325 -0.9511486 -4.44897e-6 0.3090052 -0.9510604 -7.54497e-5 0.7658818 -0.6429815 -3.07256e-5 0.7658427 -0.643028 -0.906736 0.08230721 -0.4135885 0 0.9680981 0.250572 0 -0.6593964 -0.7517955 -0.9068177 0.08230662 -0.4134094 0.2333533 0.9414372 0.2433978 0.2340922 0.9412096 0.243568 0.7023491 0.6891368 0.178315 0.702363 0.6891233 0.1783124 0.702383 0.6891034 0.1783106 -5.18892e-4 -0.1741071 0.9847267 -0.9729757 0.04521149 -0.2264382 0 0.7658427 -0.643028 1.27582e-4 -0.1735663 0.9848222 -5.34538e-5 -0.1736044 0.9848155 0 -0.1736561 0.9848064 0 -0.173657 0.9848062 0 -0.1736561 0.9848064 -0.9728857 0.04516464 -0.2268342 -4.16817e-5 -0.1736157 0.9848135 -0.002119362 -0.1725984 0.98499 -0.2222933 -0.2178909 0.9503207 -0.2222938 -0.2178909 0.9503206 -0.2222955 -0.2178911 0.9503201 -0.6033226 -0.599372 -0.5260751 0 0.9978644 0.06532037 0 0.9807472 0.1952819 0 -0.9901939 -0.1397007 -5.76329e-5 -0.8240286 -0.5665482 1.72695e-5 -0.8240563 -0.5665079 -3.02071e-4 -0.824073 -0.5664835 1.34655e-5 0.968161 0.2503284 -4.87376e-5 0.9681651 0.2503127 -1.06578e-4 -0.9902432 -0.1393498 0 -0.9902225 -0.1394976 4.31666e-5 0.9681614 0.2503271 -7.48717e-4 0.3067234 -0.9517985 0 0.9681655 0.2503114 -0.9728811 0.04514116 -0.2268584 -0.9727094 0.04530638 -0.2275609 -0.2336624 -0.8012665 -0.5507938 2.56247e-4 0.3097321 -0.9508239 1.86598e-4 0.3095588 -0.9508803 -0.2339376 -0.8011894 -0.5507894 2.74671e-5 -0.1736038 0.9848156 0 -0.1736118 0.9848142 0 -0.1735438 0.9848262 -3.0757e-5 0.9681687 0.2502985 -0.4285827 -0.7447518 -0.5115288 -0.4284957 -0.7447851 -0.5115532 -2.18269e-5 -0.1736739 0.9848032 -0.9761601 0.01703214 -0.2163826 -0.9761363 0.01704639 -0.2164887 -0.427231 -0.745051 -0.5122233 0 -0.82407 -0.566488 0 -0.82407 -0.566488 0 -0.8240701 -0.5664879 -0.6297294 -0.64032 -0.4398081 -0.9804006 0.01544409 -0.1964079 -0.9804007 0.01544409 -0.1964079 -0.9804006 0.01544409 -0.196408 -0.976132 0.01704132 -0.2165088 -0.9979801 0.00498569 -0.06333321 -0.9979841 0.004977345 -0.06326872 -0.9979779 0.004973948 -0.06336808 -0.8011838 0.04674887 -0.5965895 -0.2337086 -0.8012672 -0.5507734 -0.7675405 0.05011618 -0.6390385 -0.7675408 0.050116 -0.639038 -0.7675408 0.05012941 -0.6390369 -0.8012355 0.04676616 -0.5965188 -0.4285205 -0.7447611 -0.5115674 -0.9165594 0.03127002 -0.3986741 -0.9167212 0.03123807 -0.3983048 -0.9167703 0.03121227 -0.3981934 0 -0.6158425 0.7878693 1.00915e-4 -0.6160957 0.7876713 -0.8943038 0.03511339 -0.4460805 -0.8943039 0.03511339 -0.4460805 -0.8943039 0.03511339 -0.4460805 -0.9169206 0.0312978 -0.3978406 4.44895e-5 -0.6159641 0.7877743 -9.75707e-4 -0.6145921 0.7888445 8.01484e-4 -0.6170157 0.7869504 -1.04572e-4 -0.6151753 0.7883903 0 -0.08734709 0.996178 6.28224e-5 -0.9902455 -0.1393342 -0.001097202 -0.9901162 -0.140246 5.23628e-5 -0.9902458 -0.1393321 -8.47574e-4 -0.9902611 -0.1392209 -9.5483e-4 -0.9901314 -0.1401392 9.94391e-5 -0.9902437 -0.1393461 2.81932e-4 -0.9903115 -0.1388636 4.26373e-5 -0.616141 0.7876359 1.24059e-5 -0.616128 0.7876461 1.52283e-4 -0.6162286 0.7875674 3.86702e-5 -0.6161218 0.787651 2.35933e-5 -0.616135 0.7876406 -1.66062e-5 -0.6160708 0.7876909 -0.6298313 -0.6402609 -0.4397484 -4.59803e-5 -0.6156864 0.7879914 -3.59052e-4 -0.6141379 0.7891987 -3.95332e-4 -0.614068 0.7892531 0 -0.6593958 -0.7517961 -7.31873e-4 -0.6591511 -0.7520102 -7.5412e-4 -0.6590382 -0.7521092 7.77783e-4 -0.6597017 -0.7515273 0 -0.6593918 -0.7517996 0 -0.6593954 -0.7517964 0 -0.659393 -0.7517985 0 -0.6593896 -0.7518015 8.90702e-5 -0.6593915 -0.7517998 0 -0.6593859 -0.7518047 -3.36983e-6 -0.6593893 -0.7518017 -4.77295e-5 0.7659447 -0.6429066 -5.18752e-5 0.7659395 -0.6429126 0 0.7659133 -0.642944 0 0.7659171 -0.6429394 0 0.7659103 -0.6429474 8.45988e-4 0.7657003 -0.6431971 0 0.7659909 -0.6428514 -9.05651e-4 0.7662875 -0.6424974 0 0.765915 -0.642942 -0.6036059 -0.5259386 -0.5992066 -0.6045647 -0.5251754 -0.5989093 1 -6.15781e-7 0 1 -5.88364e-7 0 1 5.3771e-7 0 1 7.28991e-7 0 0 -0.9321216 0.3621454 0 -0.9321221 0.3621442 0 -0.9711917 0.2383001 1 0 0 0 -4.77711e-5 1 0 4.77711e-5 1 0 -0.1521092 0.9883637 0 -0.1521093 0.9883637 0 -0.2799465 0.9600156 0 -0.2799467 0.9600156 0 -0.4022024 0.9155509 0 -0.4022024 0.9155508 0 -0.5190877 0.8547211 0 -0.519087 0.8547216 0 -0.6257954 0.7799873 0 -0.6257955 0.7799873 0 -0.7225662 0.6913018 0 -0.7225664 0.6913016 0 -0.8065381 0.5911824 -1 -6.80596e-7 0 -1 6.80178e-7 0 -1 -1.55294e-6 0 0 -0.02205252 0.9997568 0 -0.9961921 -0.08718651 0 -0.1521092 0.9883637 0 -0.2798903 0.9600321 -3.97017e-6 -0.2799466 0.9600157 0 -0.2799583 0.9600122 0 -0.2799583 0.9600122 0 0.9396811 0.342052 0 -0.4022023 0.915551 0 -0.4022026 0.9155508 0 -0.5192476 0.8546239 0 -0.5192472 0.8546242 1.40809e-5 -0.5190873 0.8547213 0 -0.519051 0.8547433 0 -0.6257957 0.779987 0 -0.6257954 0.7799874 0 -0.7225679 0.6913001 0 -0.7225574 0.691311 -7.21972e-7 -0.7225667 0.6913014 0 -0.7225676 0.6913003 0 -0.819155 -0.5735723 1 -2.57436e-7 0 0 -0.8065376 0.5911829 0 -0.8065379 0.5911824 0 0.6427873 0.7660447 1 1.5508e-7 0 0 -0.8765425 0.4813247 0 0.642787 0.7660449 1 -1.28112e-7 0 0 -0.4225892 -0.9063214 1 1.61603e-4 0 1 -6.53065e-6 0 1 0 0 0 0.9396812 0.3420517 0 -0.819155 -0.5735723 1 -1.78855e-7 0 0 -0.996192 -0.08718651 1 0 0 0 0.1090594 0.9940353 0 -0.02223253 0.9997528 0 0.2376214 0.9713578 3.61008e-7 0.2376279 0.9713563 0 0.9848154 -0.1736056 0 0.1090594 0.9940353 0 0.1090594 0.9940353 -1.19122e-5 -0.02223253 0.9997528 0 -0.02226859 0.9997521 1 -6.4087e-7 0 1 0 0 0 0.9848154 -0.1736054 1 1.86905e-6 0 1 -2.80689e-7 0 1 -5.44431e-6 0 1 -1.95365e-5 -1.29803e-7 1 -1.62947e-5 2.1921e-7 1 -2.05733e-5 -1.58558e-7 1 1.7358e-6 0 1 -4.43329e-7 0 1 -3.62398e-7 0 1 1.7337e-4 0 1 -1.27291e-4 0 1 -6.08948e-7 0 0 -0.9848104 0.1736339 0 0.02163404 -0.999766 6.85863e-6 0.02153778 -0.999768 0 0.02163398 -0.9997661 0 0.9062952 -0.4226454 0 -0.9848103 0.1736338 0 0.9961938 0.08716571 0 0.9961939 0.08716577 1 9.93592e-7 0 1 -4.07488e-6 0 1 1.97843e-7 0 1 3.36302e-6 0 0 -0.9711914 0.2383009 0 -0.9712195 0.2381863 0 0.1736331 0.9848105 1 -3.34028e-7 0 0 -0.9941104 0.1083729 1 -2.76967e-5 0 1 5.7827e-7 0 0 -0.9997634 -0.02174973 0 -0.9997634 -0.02175265 1.46565e-5 -0.9997681 -0.02153754 0 0.08714568 -0.9961957 1 1.171e-6 0 0 -0.9883639 -0.1521086 0 -0.9600144 -0.2799507 0 -0.9600256 -0.2799122 0 -0.3420054 0.9396981 0 -0.8550763 -0.5185023 0 -0.8550776 -0.5185002 -6.32062e-6 -0.8550293 -0.5185797 0 -0.779987 -0.6257957 0 -0.7799878 -0.6257949 0 -0.6912896 -0.7225779 0 -0.6912898 -0.7225776 0 -0.6913542 -0.722516 0 -0.766016 0.6428217 0 0.5735673 -0.8191585 0 -0.7660163 0.6428211 1 -4.19275e-7 0 0 -0.4813228 -0.8765435 7.21751e-7 -0.4813326 -0.876538 0 -0.4813217 -0.876544 0 0.5735676 -0.8191583 0 -0.3619104 -0.9322129 0 -0.3619103 -0.9322129 1 2.60528e-7 0 0 -0.2382992 -0.9711918 0 -0.2382078 -0.9712143 0 -0.2382992 -0.9711918 5.05328e-6 -0.2382829 -0.9711959 0 0.9062952 -0.4226455 0 0.1736331 0.9848105 0 0.08714562 -0.9961957 0 -0.3420052 0.9396982 1 2.27273e-4 0 1 7.9506e-7 0 1 1.57679e-4 0 1 0 0 1 -5.94743e-7 0 1 0 0 1 4.44826e-7 0 1 0 0 1 -2.23662e-7 0 1 -2.24862e-7 0 1 2.9569e-7 0 1 -5.89762e-7 0 1 -4.04221e-7 0 1 4.30283e-7 0 1 3.96995e-7 0 1 2.94433e-7 0 1 0 0 1 0 0 1 -4.46483e-7 0 1 2.96749e-7 0 1 -2.24375e-7 0 1 -2.22292e-7 0 1 0 0 1 2.24531e-7 0 1 -4.25241e-7 0 0 -0.9396898 -0.3420283 1 -1.29864e-6 0 1 -6.21977e-7 0 0 -0.700397 0.7137536 0 -0.700397 0.7137536 0 -0.700397 0.7137536 -2.92067e-4 -0.7390445 0.6736566 -2.91318e-4 -0.7390446 0.6736566 -2.91416e-4 -0.7390446 0.6736565 2.4476e-5 -0.7003726 0.7137774 -2.51224e-6 -0.7003663 0.7137838 -6.96111e-6 -0.7003686 0.7137814 0 0.4027853 -0.9152945 0 0.402785 -0.9152946 0 0.5182709 -0.8552165 0 0.5182704 -0.8552168 0 0.6261354 -0.7797144 0 0.7222189 -0.6916645 0 0.7222188 -0.6916647 0 0.8065383 -0.591182 0 0.8065382 -0.5911822 0 0.8768315 -0.4807979 0 0.8768309 -0.480799 0 0.9319801 -0.3625096 0 0.9319795 -0.3625111 0 0.9713561 -0.2376289 0 0.9713563 -0.2376276 0 0.9940352 -0.1090607 0 0.9940354 -0.1090582 0 0.9997528 0.02223294 0 0.9997529 0.02223163 0 0.9883477 0.1522136 0 0.9883477 0.1522136 0 0.9600155 0.2799466 0 0.9600156 0.2799468 0 0.9155517 0.4022005 0 0.9155516 0.4022006 -1 0 0 -1 0 0 -1 0 0 -1 -3.412e-7 0 -1 6.82291e-7 0 -1 0 0 -1 3.4125e-7 0 -1 -1.7046e-7 0 0 0.2799029 -0.9600283 1.47979e-5 0.2799466 -0.9600157 0 0.2801513 -0.9599559 0 0.4027852 -0.9152946 0 0.4027851 -0.9152946 0 0.5180972 -0.8553218 0 0.5180946 -0.8553233 0 0.5183116 -0.8551919 -1.498e-5 0.5182708 -0.8552166 0 -0.9396713 -0.3420788 4.11867e-6 -0.9396865 -0.342037 1 -1.37774e-7 0 0 0.6261356 -0.7797142 0 0.6261353 -0.7797145 0 0.7222098 -0.6916742 0 0.7222647 -0.6916168 4.37485e-6 0.7222189 -0.6916646 1 -2.69574e-6 0 0 0.8065381 -0.5911822 0 0.8065377 -0.5911827 0 0.8191953 0.5735148 1 6.82767e-7 0 0 -0.6427796 -0.7660512 0 0.8767753 -0.4809005 0 0.8767787 -0.4808942 0 0.876844 -0.480775 -7.98704e-6 0.8768308 -0.480799 0 0.8191955 0.5735145 1 1.69963e-6 0 0 0.9319795 -0.362511 1 0 0 0 0.971351 -0.2376494 0 0.9713512 -0.2376485 0 0.9713795 -0.2375331 6.9889e-6 0.971356 -0.2376288 0 0.9940353 -0.1090591 0 0.4226088 0.9063122 1 0 0 0 0.9997535 0.02220004 0 0.999754 0.02218574 0 0.9997527 0.02224117 -2.82787e-6 0.9997528 0.02223312 0 0.9883475 0.1522142 0 0.9600008 0.2799974 3.54721e-6 0.9600158 0.2799458 0 0.960019 0.2799353 0 0.9600185 0.2799369 0 0.9155516 0.4022008 0 0.9155515 0.4022007 0 0.3420467 -0.939683 0 0.8549153 0.5187675 1 0 0 1 0 0 1 0 0 1 0 0 1 0 0 1 0 0 1 0 0 1 0 0 0 0.4226093 0.9063119 1 0 0 0 -0.1736654 -0.9848048 0 -0.1736651 -0.9848048 0 -0.08716356 0.996194 0 -0.08716362 0.996194 1 3.14216e-7 0 1 0 0 1 6.92819e-7 0 0 0.3420465 -0.9396831 0 0.4807991 0.8768308 0 0.4807993 0.8768307 0 0.3627465 0.9318879 0 0.3627464 0.9318879 0 0.2376279 0.9713563 0 0.2376281 0.9713562 0 0.8549088 0.5187783 0 0.8549082 0.5187794 0 0.779715 0.6261347 0 0.7797143 0.6261355 0 0.6916639 0.7222196 0 0.5911828 0.8065376 0 0.5911825 0.8065379 -1 3.40542e-7 0 0 0.4807407 0.8768628 0 0.4807409 0.8768628 5.05395e-6 0.4807993 0.8768307 0 0.4808117 0.876824 0 0.3627465 0.9318879 0 -0.9062976 0.4226402 0 0.2376291 0.971356 0 0.2376292 0.971356 0 0.8548776 0.51883 0 0.8548811 0.5188241 4.05938e-6 0.8549083 0.5187793 0 0.7797141 0.6261358 0 0.7797147 0.6261351 0 0.6916512 0.7222316 0 0.6916514 0.7222316 0 0.6917243 0.7221618 -5.59259e-6 0.6916639 0.7222195 1 1.4115e-7 0 0 0.5911825 0.8065378 0 0.7660635 -0.6427649 0 0.7660633 -0.6427651 0 -0.5735813 0.8191487 0 -0.5735814 0.8191487 1 2.85847e-7 0 1 -4.27363e-7 0 1 4.27887e-7 0 1 0 0 0 -0.9062975 0.4226405 1 2.24069e-7 0 1 2.03853e-4 0 1 2.0383e-4 0 1 2.0387e-4 0 1 -1.55304e-7 0 1 -3.64574e-7 0 1 -1.25335e-6 0 1 -5.72462e-6 0 1 -5.10924e-6 -2.88477e-7 1 -1.81193e-5 0 1 1.64285e-6 2.60072e-7 1 9.82826e-7 0 1 1.13976e-6 0 1 7.2734e-7 0 0 -0.8765373 0.4813339 0 -0.8765375 0.4813337 0 -0.9321218 0.362145 0 -0.9321219 0.3621448 0 -0.9711959 0.2382825 -1 -3.39955e-7 0 -1 7.75485e-7 0 0 -0.876515 0.4813746 0 -0.8765131 0.481378 -2.97722e-6 -0.8765374 0.4813339 0 -0.422589 -0.9063216 0 -0.9711956 0.2382838 0 -0.9941105 0.1083719 0 -0.9941103 0.1083731 1 3.17911e-6 0 0 -0.9997681 -0.0215373 0 -0.9997681 -0.0215373 0 -0.9883637 -0.1521093 0 -0.9883636 -0.1521104 0 -0.9600156 -0.2799468 0 -0.9600155 -0.2799466 0 -0.9152943 -0.4027859 0 -0.9152943 -0.4027857 0 -0.8550301 -0.5185785 0 -0.8550289 -0.5185805 0 -0.7799874 -0.6257953 0 -0.7799872 -0.6257956 0 -0.6913013 -0.7225667 0 -0.6913009 -0.722567 0 -0.5911831 -0.8065374 0 -0.5911828 -0.8065376 0 -0.4813328 -0.8765379 0 -0.4813323 -0.8765383 0 -0.3619104 -0.932213 0 -0.3619103 -0.932213 1 -1.81696e-6 0 -1 7.75518e-7 0 -1 -1.70074e-7 0 -1 0 0 -1 0 0 -1 7.77158e-7 0 5.95565e-6 -0.9711956 0.2382836 1 2.48723e-7 0 0 -0.999769 -0.02149271 0 -0.9883636 -0.1521098 1 3.65817e-7 0 -1.89485e-6 -0.9600155 -0.2799472 0 -0.9600136 -0.2799536 0 -0.9152942 -0.4027863 0 -0.9152947 -0.402785 0 -0.8550189 -0.5185969 -4.96356e-6 -0.6913012 -0.7225669 0 -0.5911832 -0.8065373 0 -0.5911825 -0.8065378 0 -0.4813351 -0.8765367 1 -3.05113e-7 0 1 0 0 1 0 0 1 0 0 1 0 0 1 0 0 1 0 0 1 0 0 1 -5.07691e-7 0 1 1.58073e-6 0 1 6.3916e-7 0 1 -4.46679e-7 0 1 -8.20728e-7 0 1 1.02912e-6 0 1 5.26182e-7 0 1 -4.99475e-7 0 1 5.16559e-7 0 -1 1.81144e-5 0 -1 1.8061e-5 0 -1 1.87756e-5 0 -1 5.53217e-7 0 -1 -5.60164e-7 0 0 -0.1083727 -0.9941104 0 -0.1083726 -0.9941104 -1 -1.91828e-4 0 -1 -3.61332e-7 0 0 0.02153784 -0.999768 0 0.02153778 -0.999768 0 0.1522138 -0.9883476 -1 2.80689e-7 0 -1 -2.86746e-7 0 0 -0.1083727 -0.9941104 0 -0.1083727 -0.9941104 0 0.02151483 -0.9997686 0 0.1522137 -0.9883476 -1 1.62187e-6 0 0 -0.238283 -0.9711958 0 -0.238283 -0.9711958 -1 -7.0706e-7 0 1 -2.78081e-7 0 1 0 0 -1 -4.83383e-7 0 0 0.1522137 -0.9883476 -1 -5.67129e-7 0 0 0.2799467 -0.9600156 0 0.2799465 -0.9600156 -1 -3.47699e-7 0 -1 7.26753e-7 0 0 0.1522138 -0.9883476 0 0.279903 -0.9600284 1 0 0 1 0 0 1 0 0 0 0 -1 0 -0.4899592 0.8717455 0 -0.3119264 0.9501063 0 0.4535706 0.8912204 -1 2.99618e-7 0 0 0.6169066 0.7870364 -1 2.43054e-7 0 -1 -5.67926e-7 0 0 0.787036 -0.6169071 0 0.6509232 -0.7591436 0 0.1193319 -0.9928545 0 -0.07633185 -0.9970825 0 -0.6176809 -0.7864289 0 -0.9507297 -0.3100209 0 -0.9928541 -0.1193343 -1 5.78142e-7 0 0 -0.8921905 0.4516593 0 -0.7870348 0.6169087 0 -0.6509217 0.759145 0 -0.07633179 -0.9970825 -1 5.24486e-6 0 -1 -1.77371e-6 0 -1 -3.1156e-5 -1.85217e-7 -1 -2.72258e-5 0 -1 1.3347e-5 0 0 -0.4899588 0.8717456 -1 -2.62202e-7 0 1 -1.65189e-7 0 0 -0.3119265 0.9501063 0 -0.1194284 0.9928429 0 -0.1194284 0.9928429 1 0 0 -1 0 0 1 0 0 0 0.0763669 0.9970798 0 0.0763669 0.9970798 -1 -5.55248e-7 0 0 0.2690379 0.9631297 0 0.2690379 0.9631297 1 0 0 0 0.6169066 0.7870364 0 0.7591456 0.6509209 0 0.7591452 0.6509214 -1 5.37909e-7 0 -1 -2.28633e-7 0 -1 -1.2763e-6 0 0 0.8713623 0.4906402 0 0.8713627 0.4906396 0 0.9502602 0.311457 0 0.9502603 0.311457 0 0.9928543 0.1193336 0 0.9928542 0.1193336 1 0 0 0 0.9970732 -0.07645297 1 0 0 0 0.9632443 -0.2686271 0 0.9632443 -0.268627 1 0 0 0 0.8918638 -0.452304 0 0.8918641 -0.4523034 1 0 0 0 0.7870357 -0.6169075 0 0.4899567 -0.8717468 0 0.4899565 -0.8717469 -1 -2.33459e-5 0 0 0.3119292 -0.9501054 -1 -2.4786e-7 0 0 0.1193319 -0.9928544 -1 -5.07142e-7 0 0 -0.9878491 -0.155416 0 -0.9878492 -0.1554155 0 -0.890568 -0.4548501 0 -0.7060433 -0.7081688 0 -0.4531603 -0.8914291 0 -0.4531601 -0.8914293 0 -0.1568089 -0.9876289 0 -0.8905544 0.4548767 0 -0.8905547 0.4548763 0 -0.9879004 0.15509 0 -0.9879005 0.1550896 1 0 0 0 -0.617681 -0.7864288 -1 -6.02459e-5 0 -1 -6.16923e-5 0 -1 -6.09035e-5 0 0 -0.7591437 -0.6509232 0 -0.7591437 -0.6509232 -1 0 0 -1 2.59451e-7 0 0 -0.8706819 -0.4918467 1 0 0 1 0 0 0 -0.95073 -0.3100202 0 -0.9928544 -0.1193328 1 0 0 0 -0.9971934 0.07486861 0 -0.9971934 0.07486939 1 0 0 0 -0.9627155 0.2705159 0 -0.9627158 0.2705153 1 0 0 0 -0.8921906 0.4516592 0 -0.7870352 0.6169082 0 -0.6509214 0.7591453 -1 0 0 1 0 0 0 -0.269038 -0.9631296 0 -0.2690379 -0.9631297 0 -0.4529254 -0.8915485 -1 -2.75537e-7 0 -1 2.476e-7 0 0 0.8905544 0.4548767 -1 1.76997e-6 0 -1 1.85723e-6 0 -1 1.74346e-6 0 0 0.1576525 -0.9874947 -1 7.37676e-7 0 0 0.4531611 -0.8914287 -1 3.89167e-7 0 -1 1.02209e-6 0 0 0.7060431 -0.708169 0 0.7060432 -0.7081688 0 0.8905683 -0.4548498 -1 1.99845e-7 0 -1 3.89358e-7 0 -1 3.2342e-7 0 -1 -3.67271e-7 0 0 -0.4899592 0.8717454 0 -0.4899586 0.8717457 -1 1.58581e-6 0 -1 2.29434e-5 1.48546e-7 -1 -1.64993e-5 -1.71945e-7 -1 -1.86593e-5 1.66008e-7 0 -0.3119264 0.9501063 -1 4.85287e-6 2.29629e-7 -1 1.3815e-6 0 -1 5.87828e-6 1.70898e-7 0 -0.1194283 0.9928429 0 -0.1194285 0.9928429 -1 4.4493e-6 0 -1 -1.82209e-7 0 0 0.0763669 0.9970799 0 0.0763669 0.9970799 -1 -4.94826e-7 0 0 0.269038 0.9631296 0 0.4535705 0.8912203 0 0.4535707 0.8912203 0 0.6169068 0.7870363 0 0.6169063 0.7870366 0 1 0 0 0.759146 0.6509205 0 0.7591449 0.6509217 -1 -3.40522e-7 0 0 0.8713626 0.4906397 0 0.8713622 0.4906403 -1 -1.55345e-6 0 -1 3.40784e-7 0 0 0.9502602 0.3114574 0 0.9502603 0.3114569 0 0.9928542 0.1193338 0 0.9928543 0.1193332 -1 0 0 0 0.9970732 -0.0764535 0 0.9970732 -0.07645273 -1 0 0 0 0.9632441 -0.2686276 0 0.9632443 -0.2686271 0 0.8918644 -0.4523029 0 0.8918641 -0.4523037 0 0.787036 -0.6169071 0 0.7870354 -0.6169079 0 0.6509236 -0.7591432 0 0.650923 -0.7591438 -1 -3.40304e-7 0 0 0.4899567 -0.8717468 0 0.4899565 -0.871747 -1 1.55246e-6 0 0 0.3119294 -0.9501054 0 0.3119289 -0.9501056 -1 -1.58073e-6 0 0 0.1193318 -0.9928545 0 -0.07633185 -0.9970825 -1 2.52514e-7 0 -1 2.98482e-7 0 0 -0.8905683 -0.4548498 0 -0.1568088 -0.9876291 0 -1 0 0 -0.6176809 -0.7864289 0 -0.6176808 -0.7864291 0 -0.7591439 -0.6509228 0 -0.7591435 -0.6509233 -1 -4.29185e-5 0 0 -0.8706817 -0.4918469 0 -0.8706819 -0.4918468 -1 7.88497e-7 0 0 -0.9507299 -0.3100207 0 -0.9507299 -0.3100206 0 -0.9928543 -0.1193332 0 -0.9928542 -0.1193338 0 -0.9971935 0.07486927 0 -0.9971935 0.07486921 -1 0 0 -1 9.67628e-7 0 0 -0.9627158 0.2705152 0 -0.9627156 0.2705157 -1 -7.78933e-7 0 0 -0.8921907 0.4516589 0 -0.8921905 0.4516594 0 -0.7870347 0.6169089 0 -0.787035 0.6169084 0 -0.6509219 0.7591447 0 -0.6509215 0.7591451 -1 -1.8031e-4 0 0 -0.07633185 -0.9970825 -1 6.80763e-7 0 0 -0.269038 -0.9631296 0 -0.2690379 -0.9631297 0 -0.4529258 -0.8915483 0 -0.4529253 -0.8915486 -1 5.08662e-7 0 -1 -1.04168e-6 0 -1 4.21598e-7 0 -1 -2.47482e-7 0 -1 2.33767e-7 0 0 0.1576526 -0.9874947 0 0.4531611 -0.8914288 0 0.890568 -0.4548501 -1 8.14976e-6 0 0 0.9878491 -0.155416 0 0.9878492 -0.1554155 0 0.9879005 0.1550896 0 0.9879004 0.15509 0 0.8905547 0.4548763 -1 -4.16923e-5 -1.34096e-7 -1 -4.32335e-5 0 -1 -4.20389e-5 0 -1 -1.98718e-6 0 -1 6.5235e-5 0 -1 -3.20074e-6 0 -1 -1.77931e-6 0 -1 1.79564e-6 0 -1 5.38871e-6 0 -1 -8.91059e-7 0 -1 -5.89531e-7 0 -1 4.49725e-7 0 -1 6.74205e-7 0 -1 2.97792e-6 0 -1 -1.77825e-6 0 -1 -2.70045e-6 0 -1 2.24531e-7 0 -1 1.45748e-6 0 -1 8.91752e-7 0 -1 -8.84912e-7 0 -1 2.95189e-7 0 -1 -5.58136e-7 0 -1 2.37399e-6 0 -1 -8.95924e-7 0</float_array>
          <technique_common>
            <accessor source="#obj_0-mesh-normals-array" count="10829" stride="3">
              <param name="X" type="float"/>
              <param name="Y" type="float"/>
              <param name="Z" type="float"/>
            </accessor>
          </technique_common>
        </source>
        <vertices id="obj_0-mesh-vertices">
          <input semantic="POSITION" source="#obj_0-mesh-positions"/>
        </vertices>
        <triangles material="color_2829873-material" count="9332">
          <input semantic="VERTEX" source="#obj_0-mesh-vertices" offset="0"/>
          <input semantic="NORMAL" source="#obj_0-mesh-normals" offset="1"/>
          <p>14 0 573 0 13 0 23 1 24 1 17 1 25 2 5042 2 21 2 24 3 1 3 17 3 7 4 1498 4 8 4 1499 5 8 5 1498 5 1501 6 1502 6 18 6 168 7 25 7 190 7 27 8 28 8 10 8 1499 9 1501 9 8 9 18 10 8 10 1501 10 25 11 21 11 26 11 27 12 3914 12 31 12 10 13 3914 13 27 13 5052 14 5054 14 33 14 21 15 1637 15 26 15 16 16 449 16 21 16 5065 17 32 17 5054 17 34 18 35 18 20 18 17 19 5065 19 29 19 20 20 19 20 34 20 38 21 34 21 19 21 17 22 29 22 23 22 746 23 1406 23 3 23 4967 24 42 24 37 24 43 25 45 25 8 25 8 26 45 26 7 26 28 27 41 27 10 27 39 28 7 28 50 28 7 29 45 29 50 29 38 30 19 30 48 30 19 31 10 31 48 31 41 32 48 32 10 32 55 33 8 33 54 33 18 34 54 34 8 34 8 35 55 35 43 35 15 36 40 36 192 36 56 37 58 37 40 37 52 38 1933 38 51 38 3114 39 3115 39 3080 39 3080 40 20 40 3114 40 4501 41 18 41 22 41 58 36 192 36 40 36 60 42 3723 42 64 42 3 23 1414 23 69 23 61 23 69 23 1414 23 3112 43 3111 43 59 43 65 23 3 23 69 23 67 44 68 44 72 44 70 45 71 45 66 45 68 46 135 46 72 46 72 36 135 36 82 36 691 36 82 36 135 36 42 47 78 47 37 47 76 48 72 48 82 48 75 49 149 49 84 49 89 50 84 50 87 50 86 51 111 51 85 51 80 52 85 52 111 52 78 53 91 53 37 53 36 54 93 54 44 54 93 55 36 55 91 55 4660 56 44 56 93 56 95 57 96 57 111 57 97 58 111 58 96 58 86 59 95 59 111 59 36 60 37 60 91 60 4967 61 101 61 42 61 102 62 111 62 100 62 104 63 111 63 102 63 105 64 111 64 104 64 97 65 100 65 111 65 106 66 111 66 105 66 66 67 103 67 70 67 101 68 4967 68 110 68 4967 69 4968 70 110 71 117 72 109 72 4968 72 42 73 101 73 112 73 42 74 112 74 78 74 77 75 103 75 66 75 101 76 110 76 112 76 5004 77 114 78 110 79 112 80 110 81 114 82 110 83 109 83 5004 83 550 84 75 84 84 84 550 85 84 85 89 85 88 36 68 36 67 36 77 86 83 86 103 86 109 87 110 87 4968 87 117 88 5005 88 109 88 115 36 125 36 88 36 120 89 121 89 124 89 68 90 88 90 123 90 192 91 123 91 15 91 113 92 118 92 121 92 108 93 5006 93 117 93 124 94 121 94 118 94 124 95 106 95 120 95 88 96 30 96 123 96 132 97 130 97 4968 97 108 98 117 98 4968 98 5006 99 108 99 5007 99 15 100 123 100 30 100 124 101 111 101 106 101 130 102 5007 102 108 102 163 103 94 103 176 103 130 104 108 104 4968 104 88 105 125 105 30 105 132 106 5008 106 130 106 0 36 30 36 2 36 125 36 2 36 30 36 129 107 5010 107 134 107 137 108 134 108 5010 108 82 109 691 109 138 109 66 110 4893 110 119 110 1184 111 111 111 124 111 143 112 144 112 126 112 122 113 126 113 144 113 144 114 145 114 122 114 136 115 122 115 145 115 1155 116 136 116 145 116 111 117 1184 117 1187 117 75 118 146 119 149 120 87 121 84 121 149 121 152 122 87 122 149 122 421 123 5015 123 406 123 119 124 151 124 66 124 66 125 151 125 140 125 156 126 5017 126 356 126 161 127 162 127 277 127 161 128 277 128 160 128 154 129 277 129 162 129 151 130 329 130 140 130 166 131 119 131 165 131 80 132 154 132 162 132 148 133 154 133 80 133 148 134 80 134 79 134 167 135 98 136 90 137 167 138 90 138 92 138 107 139 81 139 141 139 92 140 107 141 141 142 167 143 92 143 141 143 98 144 167 145 99 146 170 147 119 147 169 147 166 148 169 149 119 150 127 151 165 151 119 151 85 152 161 153 86 154 4105 155 141 155 81 155 175 156 119 156 174 156 173 157 174 157 119 157 160 158 86 158 161 158 168 159 171 159 9 159 182 160 168 160 181 160 183 161 149 162 146 163 189 164 183 164 153 164 146 165 153 165 183 165 80 166 162 166 85 166 180 167 181 167 168 167 152 168 149 168 183 168 170 169 173 169 119 169 184 170 185 170 119 170 187 171 119 171 186 171 151 172 119 172 187 172 185 173 186 173 119 173 175 174 184 174 119 174 99 175 167 176 116 177 26 178 190 178 25 178 161 179 85 179 162 179 153 180 163 181 189 182 142 183 143 183 131 183 160 184 95 184 86 184 180 185 168 185 190 185 179 186 317 186 188 186 58 187 188 187 192 187 163 188 176 188 189 188 194 189 171 189 193 189 5109 190 5108 190 176 190 141 191 142 191 131 191 160 192 159 192 95 192 168 193 193 193 171 193 6 36 188 36 58 36 196 194 94 195 195 196 167 197 141 197 131 197 182 198 193 198 168 198 94 199 196 199 176 199 80 200 111 200 79 200 198 201 79 201 111 201 131 202 116 202 167 202 197 203 96 203 159 203 126 204 131 205 143 206 95 207 159 207 96 207 197 208 277 208 201 208 66 209 140 209 199 209 202 210 203 210 204 210 202 211 204 211 206 211 202 212 206 212 207 212 134 213 208 213 129 213 209 214 196 214 208 214 209 215 5109 215 196 215 200 216 317 216 179 216 195 217 208 218 196 219 129 220 208 220 195 220 191 221 77 221 199 221 111 222 210 222 198 222 4105 223 4057 223 202 223 211 224 4105 224 202 224 4352 225 4105 225 211 225 141 226 4105 226 4352 226 192 36 188 36 317 36 5109 227 176 227 196 227 96 228 197 229 97 230 201 231 97 231 197 231 66 232 199 232 77 232 97 233 201 233 100 233 111 234 552 234 210 234 205 235 100 236 201 237 217 238 276 238 148 238 100 239 205 240 102 241 219 242 4760 242 218 242 216 243 4411 243 223 243 298 244 294 244 226 244 218 245 224 246 219 247 225 248 231 248 232 248 71 249 229 249 4892 249 220 250 60 250 3114 250 103 251 609 252 70 253 83 254 634 254 103 254 148 255 79 255 217 255 221 256 217 256 198 256 210 257 221 257 198 257 212 258 226 258 210 258 79 259 198 259 217 259 226 260 212 260 227 260 221 261 210 261 226 261 633 262 230 262 212 262 227 263 212 263 230 263 239 264 240 264 241 264 245 265 246 265 241 265 241 266 261 266 245 266 239 267 246 267 240 267 245 268 240 268 246 268 241 269 240 269 262 269 242 270 165 270 243 270 264 271 262 271 245 271 240 272 245 272 262 272 257 273 4156 273 237 273 244 274 250 274 249 274 165 275 127 275 243 275 248 276 48 276 247 276 246 277 239 277 241 277 869 278 253 278 244 278 154 279 148 279 276 279 259 280 258 280 2872 280 252 281 2868 281 255 281 252 282 166 282 242 282 242 283 166 283 165 283 233 284 4353 284 251 284 252 285 255 285 166 285 166 286 255 286 169 286 250 287 345 287 249 287 254 288 169 288 255 288 301 289 298 290 227 291 2868 292 2872 293 255 294 254 295 255 295 2872 295 226 296 227 296 298 296 169 297 254 297 170 297 227 298 230 298 301 298 260 299 301 299 230 299 170 300 254 300 258 300 170 301 258 301 173 301 264 302 245 303 261 304 259 305 173 305 258 305 261 306 241 306 262 306 263 307 259 307 2872 307 277 138 154 138 276 138 173 308 259 308 174 308 263 309 174 309 259 309 262 310 264 311 261 312 708 313 701 313 266 313 234 314 235 314 267 314 269 315 268 315 2872 315 263 316 2872 316 268 316 265 317 702 317 266 317 237 318 4356 318 257 318 263 319 175 319 174 319 274 320 270 320 271 320 175 321 263 321 268 321 190 322 214 322 180 322 272 323 273 323 270 323 181 324 180 324 214 324 270 325 274 325 272 325 269 326 184 326 268 326 175 327 268 327 184 327 275 328 274 328 271 328 271 329 270 329 275 329 273 330 275 330 270 330 184 331 269 331 185 331 465 332 185 332 269 332 3742 333 3743 334 284 335 276 336 217 336 286 336 185 337 465 337 186 337 497 338 489 338 186 338 217 339 221 339 286 339 294 340 286 341 221 342 3742 343 284 343 295 343 329 344 361 344 199 344 199 345 140 345 329 345 187 346 329 346 151 346 4416 347 288 347 289 347 221 348 226 348 294 348 186 349 541 349 187 349 41 350 28 350 3588 350 31 351 3588 351 27 351 27 352 3588 352 28 352 301 353 260 353 306 353 193 354 182 354 276 354 181 355 276 355 182 355 317 356 315 356 225 356 220 357 3114 357 35 357 34 358 278 358 35 358 38 359 282 359 34 359 48 360 284 360 38 360 276 138 181 138 277 138 278 361 220 361 35 361 313 362 299 362 308 362 351 363 308 363 299 363 193 364 276 364 286 364 286 365 294 366 193 367 193 368 294 368 194 368 178 36 315 36 317 36 278 369 34 369 282 369 282 370 38 370 284 370 231 371 225 371 315 371 313 372 318 372 299 372 317 373 200 373 178 373 194 374 294 374 298 374 194 375 298 376 301 377 194 378 301 378 306 378 284 379 48 379 295 379 308 380 1957 380 313 380 178 381 200 381 177 381 139 36 315 36 178 36 295 382 48 382 248 382 214 383 277 383 181 383 147 36 157 36 232 36 158 36 343 36 157 36 365 384 1953 384 308 384 215 36 177 36 200 36 327 385 224 385 326 385 218 386 326 386 224 386 332 387 333 387 334 387 3739 388 3740 389 248 390 3739 391 248 391 247 391 326 392 332 392 334 392 326 393 334 393 327 393 328 394 329 394 307 394 341 395 333 395 332 395 336 396 354 396 335 396 343 36 335 36 339 36 344 397 307 397 329 397 339 36 335 36 354 36 346 398 351 398 345 398 305 399 307 399 344 399 164 36 172 36 336 36 295 400 3749 400 3742 400 348 401 345 401 351 401 225 36 232 36 339 36 343 36 339 36 232 36 232 36 157 36 343 36 295 402 248 402 3749 402 3740 403 3749 404 248 405 299 406 236 406 353 406 150 407 343 407 158 407 3723 408 220 408 3753 408 228 409 236 409 299 409 282 410 284 410 3743 410 172 411 385 411 354 411 354 36 336 36 172 36 349 412 325 412 356 412 355 413 356 413 325 413 278 414 282 414 3753 414 3743 415 3753 415 282 415 348 416 351 416 353 416 299 417 353 417 351 417 365 418 351 418 364 418 308 419 351 419 365 419 309 420 361 420 307 420 328 421 307 421 361 421 356 422 347 422 349 422 309 423 370 423 361 423 369 424 362 424 363 424 376 425 377 425 378 425 325 426 371 426 355 426 77 427 191 427 373 427 363 36 412 36 369 36 372 428 438 428 346 428 351 429 346 429 438 429 373 430 309 430 77 430 380 431 381 431 379 431 375 432 380 432 379 432 445 433 438 433 372 433 381 434 368 434 379 434 373 435 370 435 309 435 395 436 383 436 384 436 386 437 395 438 384 439 388 440 385 440 172 440 390 441 395 442 389 443 392 444 395 444 391 444 1955 445 313 446 1957 447 390 448 391 449 395 450 658 451 316 451 387 451 377 452 3415 452 378 452 250 453 253 453 345 453 345 454 253 454 346 454 383 455 395 455 396 455 305 456 316 456 681 456 345 457 348 457 4852 457 353 458 4852 458 348 458 236 459 4852 459 353 459 250 460 244 460 253 460 382 461 397 461 412 461 244 462 327 462 334 462 869 463 244 463 341 463 382 36 412 36 385 36 369 464 412 464 397 464 333 463 341 463 244 463 399 465 400 465 401 465 393 466 1677 466 394 466 334 467 333 467 244 467 402 468 403 468 401 468 456 36 369 36 397 36 405 469 341 469 404 469 332 470 404 470 341 470 410 36 456 36 397 36 128 471 132 471 4968 471 421 472 406 472 4968 472 769 473 229 473 71 473 404 474 138 474 409 474 408 475 409 475 138 475 409 476 405 476 404 476 413 477 414 477 415 477 398 478 407 478 1642 478 4968 479 4876 479 421 479 419 480 411 480 420 480 406 481 128 481 4968 481 5015 482 418 482 1470 482 417 483 1470 483 418 483 417 484 416 484 1470 484 501 485 500 485 121 485 121 486 120 486 501 486 106 487 501 487 120 487 105 488 501 488 106 488 418 489 5015 489 421 489 104 490 473 490 105 490 426 491 431 491 420 491 347 492 356 492 5016 492 355 493 371 493 356 493 371 494 156 494 356 494 155 495 156 495 371 495 419 496 420 496 431 496 1163 497 4416 497 1729 497 434 498 419 498 433 498 289 499 1729 499 4416 499 438 500 419 500 434 500 432 501 433 501 419 501 435 502 325 502 349 502 439 503 441 503 431 503 435 504 444 504 325 504 1694 505 1701 505 437 505 419 506 431 506 441 506 419 507 441 507 432 507 463 508 562 508 447 508 446 509 438 509 445 509 16 510 5042 510 449 510 448 511 449 511 444 511 600 512 605 512 447 512 704 513 703 513 445 513 1637 514 453 514 435 514 346 515 253 515 372 515 438 516 446 516 419 516 398 517 394 517 1677 517 354 36 385 36 412 36 411 518 419 518 446 518 374 519 369 519 456 519 465 520 269 520 2872 520 1727 521 1694 521 436 521 437 522 436 522 1694 522 454 523 4899 523 4901 523 4899 524 454 524 393 524 455 525 451 526 393 527 451 528 450 529 393 530 434 531 457 531 438 531 716 532 717 532 2207 532 440 533 478 533 2088 533 351 534 458 534 364 534 2088 535 518 535 532 535 455 536 393 536 454 536 460 537 444 537 459 537 435 538 459 538 444 538 351 539 438 539 458 539 459 540 435 540 453 540 461 541 458 541 438 541 457 542 461 542 438 542 460 543 448 543 444 543 553 544 554 544 463 544 464 545 121 545 506 545 2088 546 478 546 466 546 447 547 4914 547 463 547 900 548 118 548 464 548 113 549 464 549 118 549 469 550 474 550 468 550 3497 551 502 551 486 551 932 552 905 552 475 552 474 553 1741 553 468 553 473 554 475 554 905 554 482 555 483 555 476 555 3490 556 484 556 479 556 476 557 483 557 485 557 493 558 105 558 472 558 475 559 488 559 932 559 368 560 1741 560 474 560 497 561 465 561 2872 561 2094 562 526 563 2092 564 493 565 903 565 501 565 498 566 499 566 375 566 503 567 504 567 571 567 496 568 571 568 504 568 500 569 501 569 903 569 531 570 2096 570 528 570 3473 571 375 571 3916 571 606 572 605 572 507 572 505 573 504 573 503 573 375 574 379 574 498 574 507 575 498 575 379 575 484 576 486 576 541 576 479 577 484 577 541 577 186 578 489 578 541 578 362 579 508 579 363 579 511 580 379 580 509 580 2105 581 2099 581 542 581 379 582 474 582 509 582 469 583 509 583 474 583 479 584 541 584 487 584 489 585 487 585 541 585 510 586 617 586 598 586 490 587 559 587 491 587 477 588 567 588 490 588 548 36 363 36 508 36 559 589 530 589 491 589 529 590 541 590 502 590 514 591 516 591 513 591 251 592 238 592 4156 592 238 593 237 593 4156 593 256 594 4108 594 257 594 413 595 415 595 516 595 497 596 186 596 465 596 496 597 504 597 695 597 502 598 541 598 486 598 505 599 695 599 504 599 466 600 520 600 2088 600 518 601 2088 601 520 601 329 602 328 602 361 602 370 603 373 603 361 603 373 604 199 604 361 604 191 605 199 605 373 605 541 606 540 606 187 606 522 607 2090 607 523 607 523 608 2092 608 526 608 495 609 190 609 1623 609 528 610 2095 610 522 610 329 611 187 611 344 611 627 612 1054 612 628 612 494 613 495 613 1623 613 529 614 530 614 316 614 459 615 1637 615 448 615 460 616 459 616 448 616 453 617 1637 617 459 617 543 618 544 618 1727 618 449 619 1637 619 21 619 530 620 529 620 491 620 2037 621 2096 621 539 621 793 622 786 622 534 622 529 623 305 623 541 623 544 624 574 624 1727 624 494 625 665 625 495 625 666 626 495 626 665 626 529 627 316 627 305 627 540 628 541 628 305 628 665 629 494 629 661 629 492 630 661 631 494 632 539 633 546 633 2037 633 2094 634 2105 635 526 636 542 637 526 637 2105 637 495 638 674 638 214 638 666 639 674 639 495 639 690 23 884 23 536 23 536 23 884 23 535 23 507 640 379 640 511 640 379 641 368 641 474 641 214 642 190 642 495 642 4156 643 223 643 222 643 222 644 233 644 4156 644 251 645 4156 645 233 645 1674 646 570 646 496 646 571 647 496 648 570 649 515 36 563 36 508 36 89 36 87 36 548 36 548 36 508 36 89 36 532 650 518 650 288 650 547 651 535 651 549 651 223 652 522 652 523 652 523 653 526 653 223 653 554 654 555 654 463 654 555 655 562 655 463 655 305 656 344 656 540 656 643 657 617 657 510 657 563 36 556 36 89 36 528 658 223 658 531 658 522 659 223 659 528 659 557 660 558 660 560 660 559 661 316 661 530 661 3912 662 3917 662 554 662 289 663 288 663 518 663 520 664 289 664 518 664 533 665 532 665 216 665 558 666 557 666 561 666 1050 667 628 667 1054 667 542 668 533 668 223 668 550 36 89 36 556 36 470 36 805 36 476 36 223 669 4155 669 531 669 539 670 4155 670 546 670 216 671 223 671 533 671 809 36 476 36 805 36 562 672 555 672 3916 672 538 673 482 674 476 675 566 676 538 677 476 678 600 679 447 679 562 679 567 680 387 680 559 680 602 681 450 681 603 681 451 682 603 683 450 684 316 685 559 685 387 685 288 686 216 686 532 686 1729 687 289 687 520 687 526 688 542 688 223 688 560 689 565 689 557 689 455 690 454 690 607 690 655 691 1694 691 574 691 607 692 603 692 455 692 451 693 455 694 603 695 517 696 574 696 544 696 502 697 491 697 529 697 344 698 187 698 540 698 517 699 519 699 574 699 564 700 1121 700 14 700 985 701 1034 701 580 701 578 702 579 702 4493 702 568 703 569 703 650 703 594 704 596 704 3499 704 503 705 571 705 572 705 152 36 213 36 87 36 454 706 606 706 607 706 593 707 871 707 592 707 3499 708 4761 708 594 708 596 709 597 709 3499 709 477 710 3499 710 604 710 508 711 563 711 89 711 595 712 871 712 588 712 593 713 588 713 871 713 597 714 604 714 3499 714 1748 715 1171 715 1744 715 583 716 871 716 581 716 584 717 871 717 583 717 595 718 581 718 871 718 585 719 871 719 584 719 591 720 592 720 871 720 982 721 985 721 596 721 183 36 608 36 152 36 510 722 636 723 643 724 985 725 580 725 597 725 452 726 447 726 605 726 605 727 606 727 452 727 454 728 452 729 606 730 582 23 586 23 599 23 559 731 490 731 567 731 567 732 604 732 580 732 778 23 601 23 599 23 608 36 213 36 152 36 548 733 87 733 213 733 608 36 14 36 213 36 573 36 14 36 608 36 604 734 567 734 477 734 468 735 1171 735 469 735 610 736 305 736 609 736 605 737 600 737 498 737 511 738 606 738 507 738 509 739 607 739 511 739 599 23 601 23 589 23 614 740 657 740 4628 740 657 741 656 741 4628 741 606 742 511 742 607 742 499 743 498 743 600 743 600 744 562 744 499 744 3916 745 499 745 562 745 674 746 647 746 277 746 159 747 160 747 277 747 589 23 601 23 615 23 611 748 609 748 305 748 602 749 603 749 509 749 763 36 713 36 512 36 503 750 512 750 505 750 159 751 277 751 197 751 498 752 507 752 605 752 690 753 615 753 601 753 505 36 512 36 713 36 632 754 671 754 4628 754 603 755 607 755 509 755 305 756 610 756 307 756 613 757 307 757 610 757 644 758 591 758 612 758 651 759 650 759 569 759 205 760 201 760 277 760 651 23 569 23 652 23 309 761 307 761 616 761 584 762 619 762 585 762 571 763 570 764 439 765 613 766 616 766 307 766 572 767 571 767 439 767 624 768 625 768 620 768 621 769 620 769 625 769 570 770 590 770 439 770 441 771 439 771 590 771 590 772 598 773 441 774 441 775 617 775 432 775 625 776 624 776 4628 776 614 777 4628 777 624 777 557 23 652 23 569 23 584 778 583 778 625 778 598 779 617 779 441 779 557 780 565 780 652 780 583 781 3762 781 625 781 625 782 619 782 584 782 433 783 432 783 617 783 622 784 309 784 616 784 583 785 581 785 614 785 583 786 614 786 624 786 620 787 3762 787 624 787 631 788 672 789 642 790 77 791 309 791 629 791 622 792 629 792 309 792 230 793 633 793 260 793 638 794 1054 794 627 794 669 795 644 795 4628 795 4633 796 635 796 637 796 503 36 572 36 512 36 656 797 595 797 632 797 636 798 1054 798 638 798 637 799 635 799 651 799 640 800 641 800 639 800 83 801 77 801 634 801 644 802 669 802 641 802 439 36 431 36 572 36 612 803 4637 803 644 803 642 23 637 23 652 23 652 23 637 23 651 23 629 804 634 804 77 804 642 805 645 805 646 805 630 806 631 807 642 808 646 809 630 809 642 809 461 810 457 810 638 810 434 811 643 811 457 811 433 812 643 812 434 812 205 813 277 813 647 813 638 814 457 814 636 814 645 815 642 815 648 815 652 816 664 816 642 816 614 817 581 817 657 817 636 818 457 819 643 820 592 821 591 821 639 821 640 822 639 822 591 822 635 823 650 823 651 823 617 824 643 824 433 824 647 825 102 825 205 825 470 826 512 826 805 826 656 827 657 827 653 827 654 828 653 828 657 828 632 829 4628 829 656 829 652 830 2739 830 664 830 648 831 642 831 664 831 653 832 959 832 656 832 595 833 656 833 959 833 588 834 632 834 595 834 667 835 566 836 476 837 668 838 639 838 641 838 316 839 658 839 659 839 668 840 641 840 669 840 458 841 627 841 364 841 669 842 4628 842 671 842 672 843 551 843 642 843 593 844 592 844 669 844 639 845 669 845 592 845 365 846 364 846 627 846 669 847 639 847 668 847 669 848 671 848 593 848 277 849 214 849 674 849 593 850 671 850 588 850 671 851 632 851 588 851 461 852 627 852 458 852 689 853 135 853 677 853 657 854 581 854 595 854 783 855 792 855 658 855 659 856 792 857 681 858 689 859 677 859 662 859 595 860 959 860 657 860 654 861 657 861 959 861 638 862 627 862 461 862 677 863 572 863 662 863 640 864 591 864 644 864 640 865 644 865 641 865 676 866 2753 866 742 866 677 867 805 867 512 867 475 868 673 868 488 868 387 869 649 869 658 869 678 870 4493 870 579 870 431 36 662 36 572 36 677 36 512 36 572 36 660 871 473 871 661 871 660 872 663 872 473 872 104 873 666 873 473 873 667 874 476 875 684 876 675 877 475 877 473 877 426 36 662 36 431 36 316 878 659 878 681 878 665 879 473 879 666 879 665 880 661 880 473 880 611 881 305 881 692 881 689 882 691 882 135 882 666 883 104 883 674 883 674 884 104 884 647 884 690 885 545 885 615 885 730 886 615 886 545 886 408 36 138 36 691 36 678 887 679 887 4493 887 681 888 692 888 305 888 4498 889 4503 889 687 889 368 890 623 890 626 890 647 891 104 891 102 891 505 892 698 892 695 892 488 893 673 893 524 893 524 894 670 894 519 894 734 895 253 895 869 895 381 896 738 896 368 896 655 897 574 897 519 897 734 898 872 898 704 898 655 899 519 899 670 899 663 900 675 900 473 900 670 901 524 901 673 901 673 902 475 902 675 902 701 903 4608 903 702 903 506 904 121 904 500 904 462 905 464 905 506 905 113 906 121 906 464 906 705 907 2070 907 626 907 2151 908 2070 908 705 908 4628 909 644 909 4637 909 712 910 809 910 711 910 473 911 472 911 105 911 501 912 105 912 493 912 436 913 1599 913 714 913 229 914 769 914 5034 914 426 915 420 915 694 915 697 916 426 916 694 916 693 917 694 917 420 917 703 918 693 918 411 918 446 919 445 919 703 919 411 920 446 920 703 920 714 921 2207 921 717 921 713 36 763 36 700 36 420 922 411 922 693 922 722 923 2207 923 721 923 722 924 723 924 2207 924 716 925 2207 925 723 925 662 926 426 926 699 926 724 36 727 36 713 36 726 927 4613 927 725 927 725 928 4613 928 708 928 699 929 426 929 697 929 719 930 2207 930 718 930 719 931 721 931 2207 931 715 932 718 932 2207 932 727 36 505 36 713 36 728 933 729 933 4223 933 731 23 615 23 730 23 935 934 710 934 720 934 739 935 2139 935 715 935 714 936 717 936 2154 936 4637 937 4640 937 685 937 690 23 536 23 545 23 732 938 733 938 380 938 381 939 380 939 733 939 372 940 734 940 445 940 698 941 505 941 727 941 568 942 1406 942 569 942 2197 943 721 943 719 943 734 944 372 944 253 944 733 945 737 945 381 945 715 946 2138 946 718 946 704 947 445 947 734 947 1410 23 676 23 569 23 5024 948 767 948 5018 948 737 949 738 949 381 949 569 23 676 23 557 23 715 950 2207 950 739 950 676 951 742 951 557 951 561 952 557 952 742 952 739 953 2207 953 741 953 744 954 741 954 2207 954 623 955 368 955 743 955 5030 956 792 956 783 956 751 957 809 958 712 959 754 960 753 960 768 960 135 961 805 961 677 961 743 962 368 962 738 962 745 36 768 36 753 36 757 963 752 963 756 963 759 964 809 965 751 966 756 967 752 967 760 967 768 968 766 968 763 968 766 36 700 36 763 36 4640 969 4607 969 685 969 748 23 949 23 752 23 755 23 5018 23 767 23 683 970 4628 970 696 970 687 971 696 971 4628 971 682 972 4628 972 683 972 767 973 5024 973 769 973 760 974 752 974 770 974 953 975 770 975 752 975 720 976 765 976 935 976 762 977 935 977 765 977 745 36 740 36 768 36 766 978 768 978 740 978 740 979 771 979 766 979 741 980 2139 980 739 980 521 23 525 23 545 23 679 981 4583 981 680 981 579 982 4583 982 678 982 679 983 678 983 4583 983 771 984 740 984 777 984 775 36 777 36 740 36 706 985 766 985 771 985 750 986 2406 986 747 986 730 23 545 23 525 23 942 987 762 987 773 987 774 988 752 989 757 990 780 991 781 991 1066 991 776 992 1066 992 781 992 784 993 780 993 1066 993 782 994 618 994 929 994 787 995 752 995 774 995 929 996 942 996 782 996 761 997 764 998 5022 999 773 1000 782 1000 942 1000 5030 1001 5031 1001 792 1001 789 1002 855 1002 790 1002 754 36 779 36 735 36 795 23 1009 23 586 23 1013 1003 1009 1003 795 1003 788 1004 735 1004 779 1004 787 1005 796 1006 752 1007 735 36 736 36 754 36 805 36 2609 36 809 36 1410 1008 748 1008 676 1008 789 1009 1095 1009 793 1009 752 1010 796 1011 803 1012 802 1013 809 1014 759 1015 4718 1016 726 1016 725 1016 804 1017 790 1017 855 1017 811 1018 798 1018 801 1018 4718 1019 4716 1019 726 1019 1104 1020 804 1020 806 1020 806 1021 807 1021 1104 1021 752 1022 803 1023 808 1024 676 1025 752 1025 814 1025 864 1026 794 1026 800 1026 808 1027 814 1027 752 1027 2611 1028 711 1028 809 1028 815 1029 809 1029 802 1029 801 36 1041 36 811 36 809 1030 815 1030 816 1030 817 1031 809 1031 816 1031 818 1032 1005 1032 819 1032 4318 1033 4317 1033 813 1033 764 1034 772 1035 5022 1036 819 23 1006 23 821 23 725 1037 708 1037 906 1037 897 1038 896 1038 708 1038 820 23 821 23 1006 23 476 1039 809 1039 684 1039 817 1040 684 1040 809 1040 792 1041 791 1042 681 1043 659 1044 658 1044 792 1044 649 1045 783 1045 658 1045 896 1046 906 1046 708 1046 820 1047 822 1047 823 1047 2919 1048 821 1048 823 1048 820 1049 823 1049 821 1049 694 1050 693 1050 824 1050 769 1051 71 1051 692 1051 767 1052 769 1052 692 1052 825 1053 694 1053 824 1053 821 1054 2919 1054 2875 1054 693 1055 826 1056 824 1057 692 1058 761 1058 755 1058 767 1059 692 1060 755 1061 2879 1062 923 1062 2876 1062 761 1063 692 1064 764 1065 694 1066 825 1066 697 1066 828 1067 697 1068 825 1069 895 1070 894 1070 702 1070 864 1071 800 1071 834 1071 791 1072 772 1072 692 1072 867 1073 868 1074 837 1075 764 1076 692 1077 772 1078 845 1079 867 1079 837 1079 707 1080 895 1080 702 1080 1022 1081 840 1081 830 1081 850 1082 4640 1082 849 1082 692 1083 681 1083 791 1083 782 1084 773 1084 837 1084 893 1085 845 1085 765 1085 707 1086 702 1086 4608 1086 1022 1087 852 1087 840 1087 800 1088 618 1088 834 1088 887 1089 886 1089 853 1089 806 1090 855 1090 831 1090 829 1091 831 1091 855 1091 629 1092 616 1092 634 1092 622 1093 616 1093 629 1093 616 1094 610 1094 634 1094 613 1095 610 1096 616 1097 609 1098 634 1098 610 1098 849 1099 887 1099 850 1099 835 1100 839 1100 806 1100 832 1101 835 1101 806 1101 831 1102 832 1102 806 1102 618 1103 782 1103 836 1103 834 1104 618 1104 836 1104 850 1105 887 1106 853 1107 853 1108 886 1108 707 1108 807 1109 839 1109 810 1109 837 1110 836 1110 782 1110 634 1111 609 1111 103 1111 71 1112 70 1112 609 1112 611 1113 71 1113 609 1113 692 1114 71 1114 611 1114 807 1115 806 1115 839 1115 612 1116 859 1116 4637 1116 1452 1117 1350 1117 839 1117 849 1118 4640 1118 859 1118 862 1119 5082 1119 861 1119 699 1120 689 1120 662 1120 854 1121 858 1121 865 1121 813 1122 812 1122 794 1122 812 1123 800 1123 794 1123 859 1124 878 1124 849 1124 836 1125 837 1125 868 1125 828 1126 691 1126 689 1126 828 1127 689 1127 699 1127 828 1128 699 1128 697 1128 612 1129 878 1129 859 1129 834 1130 836 1130 864 1130 868 1131 864 1131 836 1131 839 1132 838 1132 1452 1132 838 1133 842 1133 1452 1133 842 1134 843 1134 1452 1134 2876 1135 923 1135 821 1135 734 1136 869 1136 872 1136 826 1137 693 1137 703 1137 868 1138 867 1138 737 1138 733 1139 868 1139 737 1139 732 1140 864 1140 733 1140 794 1141 864 1141 732 1141 1022 1142 1040 1142 852 1142 858 1143 852 1144 856 1145 854 1146 852 1146 858 1146 872 1147 826 1147 703 1147 703 1148 704 1148 872 1148 868 1149 733 1149 864 1149 843 1150 846 1150 1452 1150 874 1151 591 1151 871 1151 806 1152 804 1152 855 1152 793 1153 855 1153 789 1153 874 1154 871 1154 878 1154 738 1155 737 1155 867 1155 2611 36 809 36 2609 36 871 1156 873 1156 877 1156 877 1157 878 1157 871 1157 785 1158 534 1158 786 1158 781 1159 534 1159 776 1159 915 1160 743 1160 867 1160 879 36 801 36 798 36 711 1161 2611 1161 881 1161 788 1162 779 1162 879 1162 534 1163 537 1163 2154 1163 873 1164 882 1164 877 1164 883 1165 829 1165 855 1165 883 1166 855 1166 793 1166 915 1167 867 1167 845 1167 873 1168 880 1168 886 1168 885 1169 886 1169 880 1169 801 36 879 36 779 36 901 36 788 36 936 36 534 1170 883 1170 793 1170 845 1171 893 1171 915 1171 882 1172 873 1172 887 1172 527 1173 549 1173 863 1173 535 23 884 23 549 23 863 23 549 23 884 23 758 1174 753 1174 888 1174 886 1175 887 1175 873 1175 785 1176 776 1176 534 1176 537 1177 534 1177 781 1177 537 1178 781 1178 780 1178 537 1179 780 1179 543 1179 891 1180 911 1180 893 1180 913 1181 893 1182 911 1183 888 36 753 36 736 36 544 1184 543 1184 784 1184 780 1185 784 1185 543 1185 880 1186 892 1186 894 1186 544 1187 784 1187 517 1187 913 1188 915 1189 893 1190 885 1191 880 1191 895 1191 894 1192 895 1192 880 1192 408 1193 828 1193 825 1193 408 463 825 463 824 463 824 463 826 463 409 463 408 463 824 463 409 463 896 1194 897 1194 892 1194 409 1195 872 1195 405 1195 890 36 888 36 736 36 754 36 736 36 753 36 762 1196 765 1196 845 1196 464 1197 462 1197 900 1197 408 463 691 463 828 463 894 1198 892 1198 897 1198 341 463 405 463 872 463 891 1199 893 1199 765 1199 845 1200 837 1200 762 1200 869 463 341 463 872 463 826 463 872 463 409 463 773 1201 762 1201 837 1201 907 1202 5082 1202 904 1202 2609 1203 805 1203 135 1203 892 1204 4714 1204 906 1204 906 1205 896 1205 892 1205 710 1206 2550 1206 720 1206 709 1207 2550 1207 710 1207 910 1208 953 1208 909 1208 953 1209 921 1209 909 1209 5082 1210 907 1210 5083 1210 881 1211 2611 1212 912 1213 953 1214 919 1214 921 1214 908 1215 909 1215 921 1215 626 1216 623 1216 2170 1216 743 1217 2170 1217 623 1217 919 1218 981 1218 819 1218 791 1219 792 1220 5031 1221 857 1222 863 1222 930 1222 884 23 930 23 863 23 4718 1223 725 1223 906 1223 821 23 921 23 819 23 919 1224 819 1224 921 1224 5031 1225 5036 1225 791 1225 921 1226 922 1226 917 1226 917 1227 908 1227 921 1227 738 1228 867 1228 743 1228 897 1229 702 1229 894 1229 913 1230 911 1231 743 1232 922 1233 921 1233 923 1233 821 1234 923 1234 921 1234 928 1235 937 1235 930 1235 886 1236 885 1236 707 1236 895 1237 707 1237 885 1237 878 1238 877 1238 849 1238 877 1239 882 1239 849 1239 887 1240 849 1240 882 1240 911 1241 2610 1241 743 1241 591 1242 874 1242 612 1242 878 1243 612 1243 874 1243 913 1244 743 1245 915 1246 2924 1247 2925 1247 910 1247 930 23 926 23 928 23 927 23 928 23 926 23 876 1248 4875 1248 870 1248 4869 1249 4875 1249 889 1249 875 1250 889 1250 876 1250 860 1251 870 1251 4875 1251 904 1252 862 1252 4888 1252 932 1253 933 1253 934 1253 861 1254 4888 1254 862 1254 879 1255 948 1255 788 1255 918 1256 930 1256 937 1256 947 23 918 23 937 23 941 1257 932 1257 934 1257 898 1258 5030 1258 899 1258 898 1259 902 1259 5031 1259 907 1260 5031 1260 902 1260 904 1261 5031 1261 907 1261 701 1262 702 1262 265 1262 942 1263 935 1263 762 1263 927 23 926 23 940 23 387 1264 1213 1264 649 1264 265 1265 266 1265 701 1265 943 1266 944 1266 934 1266 934 1267 944 1268 941 1269 942 1270 938 1270 935 1270 948 36 879 36 945 36 266 1271 897 1271 708 1271 931 1272 946 1272 942 1272 857 23 930 23 918 23 929 1273 931 1273 942 1273 797 1274 937 1274 928 1274 925 23 918 23 947 23 946 1275 938 1275 942 1275 936 36 788 36 948 36 949 1276 748 1276 997 1276 897 1277 266 1277 702 1277 2385 1278 2610 1278 891 1278 4993 1279 4995 1279 954 1279 950 1280 955 1280 951 1280 3762 1281 620 1281 621 1281 953 23 752 23 949 23 919 1282 953 1282 949 1282 841 23 847 23 955 23 847 1283 848 1283 955 1283 958 1284 1323 1284 957 1284 583 1285 624 1285 3762 1285 959 1286 653 1286 654 1286 949 1287 997 1287 919 1287 954 1288 649 1288 1213 1288 783 1289 649 1289 954 1289 965 1290 963 1290 952 1290 966 1291 967 1292 938 1293 950 1294 951 1294 2208 1294 938 1295 967 1295 968 1295 962 1296 971 1296 972 1296 950 1297 2208 1297 964 1297 4730 1298 970 1298 931 1298 931 1299 970 1299 973 1299 962 1300 4960 1300 971 1300 976 1301 946 1301 973 1301 931 1302 973 1302 946 1302 899 1303 5097 1303 898 1303 938 1304 946 1304 966 1304 976 1305 966 1305 946 1305 902 1306 898 1306 5083 1306 955 23 940 23 951 23 862 1307 904 1307 5082 1307 969 1308 4920 1308 844 1308 971 1309 969 1309 844 1309 926 23 951 23 940 23 972 1310 971 1310 844 1310 902 1311 5083 1311 907 1311 833 1312 940 1312 848 1312 955 1313 848 1313 940 1313 1012 36 1008 36 977 36 977 1314 1008 1314 963 1314 818 1315 819 1315 981 1315 988 1316 916 1316 986 1316 989 1317 4960 1317 962 1317 982 1318 1034 1318 985 1318 567 1319 580 1319 387 1319 4773 1320 4772 1320 974 1320 990 1321 1012 1321 977 1321 996 1322 1004 1322 995 1322 748 1323 746 1323 997 1323 778 23 1010 23 1002 23 978 1324 1335 1324 992 1324 984 1325 1002 1325 1010 1325 587 1326 594 1326 4761 1326 981 1327 919 1327 997 1327 4516 1328 4469 1328 992 1328 994 1329 1004 1329 1003 1329 994 1330 995 1330 1004 1330 998 1331 1003 1331 1004 1331 998 1332 1004 1332 3886 1332 991 1333 4517 1333 992 1333 819 1334 1005 1334 1006 1334 1009 23 1010 23 778 23 871 1335 3681 1335 1004 1335 594 1336 587 1336 983 1336 1008 36 1012 36 1000 36 594 1337 983 1337 982 1337 594 1338 982 1338 596 1338 1004 1339 1011 1339 873 1339 597 1340 596 1340 985 1340 952 36 963 36 1008 36 1007 1341 1000 1341 1012 1341 604 1342 597 1342 580 1342 778 1343 586 1343 1009 1343 599 1344 586 1344 778 1344 1004 1345 1024 1345 1011 1345 2828 1346 830 1346 2824 1346 944 1347 1020 1347 941 1347 1004 1348 873 1348 871 1348 1011 1349 1024 1349 1026 1349 905 1350 932 1350 941 1350 914 1351 986 1351 916 1351 1026 1352 1036 1352 1011 1352 1037 1353 1011 1353 1036 1353 1024 1354 3938 1354 1026 1354 916 1355 2036 1355 914 1355 1014 1356 1028 1356 1018 1356 941 1357 920 1357 905 1357 1004 1358 996 1358 1024 1358 2864 1359 2871 1359 1038 1359 1001 1360 1041 1360 1000 1360 856 1361 1040 1361 2874 1361 1011 1362 1029 1362 880 1362 924 1363 920 1363 1032 1363 920 1364 941 1364 1032 1364 880 1365 873 1365 1011 1365 1033 1366 1032 1366 941 1366 1031 36 1041 36 1001 36 2881 1367 2886 1367 858 1367 1031 1368 811 1368 1041 1368 1020 1369 1033 1369 941 1369 1008 1370 1000 1370 1041 1370 1029 1371 1037 1371 1039 1371 2998 1372 2864 1372 1038 1372 1040 1373 1038 1374 2871 1375 1029 1376 1011 1376 1037 1376 2871 1377 2874 1377 1040 1377 472 1378 473 1378 905 1378 1035 1379 1018 1379 1303 1379 903 1380 493 1380 905 1380 1022 1381 2998 1381 1038 1381 1038 1382 1040 1383 1022 1384 1042 1385 1043 1385 1044 1385 472 1386 905 1386 493 1386 856 1387 852 1387 1040 1387 1039 1388 1045 1388 1029 1388 1029 1389 1045 1389 1044 1389 903 1390 506 1390 500 1390 636 1391 510 1391 1054 1391 1046 138 1044 138 1045 138 462 1392 506 1392 900 1392 903 1393 900 1393 506 1393 1018 1394 1028 1394 1053 1394 1051 1395 1063 1395 1016 1395 1052 1396 1131 1396 1016 1396 1066 1397 933 1397 517 1397 1046 1398 1042 1398 1044 1398 488 1399 524 1399 932 1399 1048 1400 1053 1400 1055 1400 524 1401 519 1401 933 1401 524 1402 933 1402 932 1402 1055 1403 1053 1404 1028 1403 1023 1405 1025 1405 1154 1405 1043 1406 4768 1406 1044 1406 1044 1407 892 1407 880 1407 1618 1408 1049 1408 1050 1408 1050 1409 1054 1409 1618 1409 1053 1410 1048 1410 1030 1410 1020 1411 944 1411 2298 1411 2273 1412 2298 1412 944 1412 943 1413 2273 1413 944 1413 1025 1414 1016 1414 1153 1414 1044 1415 880 1415 1029 1415 1091 1416 943 1416 934 1416 1712 1417 1528 1417 1054 1417 1044 1418 4768 1418 892 1418 1318 1419 1312 1419 1053 1419 1018 1420 1053 1420 1312 1420 1066 1421 934 1421 933 1421 1052 1422 1016 1422 1063 1422 519 1423 517 1423 933 1423 1031 36 961 36 811 36 982 1424 983 1424 1034 1424 986 1425 2102 1425 988 1425 960 1426 961 1426 1031 1426 4755 1427 4759 1427 1063 1427 934 1421 1066 1421 1065 1421 1064 1428 1034 1428 983 1428 988 1429 2104 1429 1581 1429 387 1430 580 1430 1034 1430 939 36 811 36 961 36 1344 36 1097 36 1342 36 1035 1431 1068 1431 1069 1431 1081 1432 1088 1432 1065 1432 1346 1433 1301 1433 975 1433 1076 1434 1077 1434 1065 1434 1078 1435 1080 1436 1065 1437 1077 1438 1078 1439 1065 1440 1082 1441 1083 1441 1072 1441 1089 1442 1091 1442 1065 1442 1080 1443 1081 1444 1065 1445 1068 1446 587 1446 1069 1446 934 1447 1065 1447 1091 1447 1088 1448 1089 1449 1065 1450 1064 1451 1068 1451 1034 1451 213 36 14 36 1121 36 1090 36 1121 36 564 36 1067 1452 1085 1452 1065 1452 1086 1453 1076 1454 1065 1455 1085 1456 1086 1456 1065 1456 1035 1457 1034 1457 1068 1457 1082 1458 1072 1458 1092 1458 1332 1459 1115 1459 1336 1459 1114 1460 1336 1460 1115 1460 1094 1461 1065 1461 1095 1461 1098 1462 1342 1462 1097 1462 1119 1463 1118 1463 1094 1463 1094 1464 1122 1464 1119 1464 1035 1465 1096 1465 1018 1465 1014 1466 1018 1466 1096 1466 1344 138 1345 138 1097 138 1099 36 1116 36 1100 36 1096 1467 1101 1467 999 1467 1094 1468 1124 1468 1122 1468 1095 1469 1065 1469 1066 1469 952 1470 1100 1470 1116 1470 1098 1471 1097 1471 4772 1471 1096 1472 1035 1472 1101 1472 1095 1473 1102 1473 1094 1473 1069 1474 1101 1474 1035 1474 1097 1475 975 1475 4772 1475 1099 36 1100 36 1103 36 1112 1476 1108 1476 1110 1476 1075 36 1103 36 1071 36 1126 1477 1127 1477 4595 1477 1342 1478 1098 1478 1115 1478 1111 1479 1109 1479 1045 1479 1110 1480 1094 1480 1102 1480 1115 1481 1098 1481 1045 1481 1114 1482 1115 1482 1045 1482 1109 1483 1113 1483 1045 1483 1113 1484 1114 1484 1045 1484 1045 138 1098 138 1046 138 4772 1485 4769 1485 1098 1485 1046 1486 1098 1486 1042 1486 1043 1487 1042 1487 1098 1487 1036 1488 1111 1488 1037 1488 965 1489 952 1489 1116 1489 1084 1490 1087 1490 1116 1490 1067 1491 1065 1491 1118 1491 1065 1492 1094 1492 1118 1492 3938 1493 1111 1493 1036 1493 965 36 1116 36 1087 36 1015 1494 1027 1494 1019 1494 1105 1495 1019 1495 1379 1495 1027 1496 1354 1496 1019 1496 1354 1497 1380 1497 1019 1497 1334 1498 1354 1498 1027 1498 1037 1499 1111 1499 1039 1499 1119 1500 1145 1500 1118 1500 1121 36 1103 36 1100 36 1071 36 1103 36 1090 36 1070 1501 1071 1501 1090 1501 1090 36 1103 36 1121 36 1045 1502 1039 1502 1111 1502 1087 1503 1129 1503 965 1503 1108 1504 1123 1504 1110 1504 1110 1505 1123 1505 1094 1505 1124 1506 1094 1506 1123 1506 995 1507 3938 1507 996 1507 1024 1508 996 1508 3938 1508 1036 1509 1026 1509 3938 1509 1173 1510 4595 1510 1127 1510 1125 36 965 36 1129 36 517 1511 784 1511 1066 1511 786 1512 1095 1512 785 1512 4729 1513 4732 1513 1128 1513 1128 1514 4732 1514 1134 1514 1095 1515 1066 1515 785 1515 776 1516 785 1516 1066 1516 1021 1517 1152 1518 1017 1519 1095 1520 789 1520 1102 1520 790 1521 1102 1521 789 1521 790 1522 804 1522 1102 1522 1104 1523 1102 1523 804 1523 786 1524 793 1524 1095 1524 807 1525 810 1525 1104 1525 1021 1526 1047 1527 1152 1528 1159 1529 1152 1529 1047 1529 1147 1530 1149 1530 1163 1530 1123 1531 1108 1531 1145 1531 1131 1532 1146 1532 1016 1532 1142 1533 1143 1533 1163 1533 1144 1534 1147 1534 1163 1534 1143 1535 1144 1535 1163 1535 1149 1536 1150 1536 1163 1536 1141 1537 1142 1537 1163 1537 1132 1538 1771 1538 1324 1538 1126 1539 1130 1539 4647 1539 1017 1540 1152 1540 1148 1540 3852 1541 1078 1541 1077 1541 1153 1542 1154 1542 1025 1542 4642 1543 4647 1543 1134 1543 1130 1544 1128 1544 4647 1544 1150 1545 1151 1545 1163 1545 1151 1546 1155 1546 1163 1546 4416 1547 1163 1547 1155 1547 1023 1548 1154 1548 1159 1548 1140 1549 1141 1549 1163 1549 1016 1550 1146 1550 1153 1550 1047 1551 1023 1551 1159 1551 1158 1552 1276 1552 1157 1552 1156 1553 1140 1553 1163 1553 980 1554 1146 1554 987 1554 978 1555 992 1555 1154 1555 1159 1556 1154 1556 992 1556 1166 1557 1174 1557 1171 1557 1166 1558 1171 1558 1161 1558 1146 1559 1131 1559 987 1559 1162 1560 4578 1560 1173 1560 1167 1561 1168 1562 1174 1563 1168 1564 1175 1564 1174 1564 1175 1565 1172 1565 1174 1565 1172 1566 1170 1566 1174 1566 1170 1567 1171 1567 1174 1567 1085 1568 1067 1568 3872 1568 1118 1569 3872 1569 1067 1569 1176 1570 1177 1570 1163 1570 1156 1571 1163 1571 1177 1571 1164 1572 1162 1572 1055 1572 1160 1573 1164 1573 1055 1573 999 1574 1160 1574 1055 1574 1122 1575 1145 1575 1119 1575 1124 1576 1145 1576 1122 1576 1123 1577 1145 1577 1124 1577 1173 1578 1127 1578 1055 1578 1048 1579 1055 1579 1127 1579 1162 1580 1173 1580 1055 1580 1178 1581 1176 1581 1169 1581 1163 1582 1169 1582 1176 1582 1030 1583 1048 1583 1127 1583 4647 1584 4636 1584 1127 1584 1181 1585 1184 1585 1185 1585 1582 1586 1185 1586 1184 1586 1014 1587 999 1587 1028 1587 1181 1588 1186 1588 1184 1588 1187 1589 1184 1589 1186 1589 1096 1590 999 1590 1014 1590 1055 1591 1028 1592 999 1593 587 1594 999 1594 1101 1594 587 1595 1101 1595 1069 1595 587 1596 1068 1596 1064 1596 587 1597 1064 1597 983 1597 1193 1598 1174 1598 1192 1598 1189 1599 1174 1599 1193 1599 1191 1600 1192 1600 1174 1600 1186 1601 1194 1601 1187 1601 1190 1602 1174 1602 1189 1602 1196 1603 1174 1603 1198 1603 1190 1604 1198 1604 1174 1604 212 1605 210 1605 552 1605 1167 1606 1174 1607 1196 1608 1754 1609 1774 1609 1182 1609 1166 1610 1161 1610 1205 1610 1206 1611 1166 1611 1205 1611 1207 1612 1200 1612 1034 1612 1209 1613 1204 1613 1034 1613 1187 1614 552 1614 111 1614 1161 1615 1171 1615 1205 1615 1208 1616 1199 1616 1034 1616 1203 1617 1208 1617 1034 1617 1204 1618 1210 1618 1034 1618 1200 1619 1209 1619 1034 1619 1210 1620 1213 1620 1034 1620 387 1621 1034 1621 1213 1621 1188 1622 3882 1622 1357 1622 1199 1623 1207 1623 1034 1623 1202 1624 1203 1624 1034 1624 49 1625 1869 1625 1214 1625 1359 1626 1357 1626 3882 1626 1211 1627 1206 1627 1205 1627 1215 1628 7 1628 1218 1628 1218 1629 7 1629 1217 1629 1359 1630 3877 1630 1165 1630 1234 1631 1258 1631 5165 1631 521 1632 1219 1632 525 1632 1178 1633 1169 1633 1221 1633 1221 1634 1169 1634 1220 1634 1158 1635 1157 1635 3877 1635 1165 1636 3877 1636 1157 1636 1222 1637 1206 1637 1211 1637 3882 1638 3877 1638 1359 1638 1183 1639 1220 1639 1169 1639 577 1640 1349 1640 1226 1640 1226 1641 1349 1641 1225 1641 1226 1642 1225 1642 1228 1642 4993 1643 4978 1643 1216 1643 1224 1644 1220 1644 1183 1644 1216 1645 1215 1645 4993 1645 1152 1646 992 1646 1148 1646 1146 1647 980 1647 1153 1647 980 1648 978 1648 1153 1648 525 1649 1219 1649 1174 1649 5038 1650 4996 1650 1217 1650 1154 1651 1153 1651 978 1651 1183 1652 1182 1652 1232 1652 1183 1653 1232 1653 1229 1653 1183 1654 1229 1654 1224 1654 1174 1655 1219 1655 1191 1655 1159 1656 992 1656 1152 1656 1232 1657 1182 1657 1237 1657 1238 1658 5165 1658 1258 1658 1238 1659 1260 1659 5165 1659 958 1660 4517 1660 991 1660 957 1661 4517 1661 958 1661 1235 1662 1390 1662 1227 1662 1230 1663 1235 1663 1227 1663 1182 1664 1236 1664 1237 1664 966 463 976 463 1023 463 1016 1665 1025 1665 976 1665 1025 1666 1023 1666 976 1666 973 463 1016 463 976 463 970 463 1016 463 973 463 1240 1667 5165 1667 1260 1667 4982 1668 1239 1668 4973 1668 1017 1669 4444 1669 4365 1669 1239 1670 1236 1670 1182 1670 1017 463 4370 463 1021 463 1047 1671 968 1671 1023 1671 967 463 966 463 1023 463 967 463 1023 463 968 463 1242 1672 1530 1672 1241 1672 1021 463 968 463 1047 463 1244 1673 5167 1673 1243 1673 5167 1674 5165 1674 1243 1674 1202 1675 1243 1675 1203 1675 1240 1676 1203 1676 1243 1676 1535 1677 1531 1677 1250 1677 1233 1678 5165 1678 1275 1678 1111 1679 1449 1679 1109 1679 1204 1680 1233 1680 1210 1680 1275 1681 1210 1681 1233 1681 1382 1682 1113 1682 1109 1682 1202 1683 1244 1683 1243 1683 1113 1684 1333 1684 1114 1684 1255 1685 1252 1685 2693 1685 1433 1686 2693 1686 1253 1686 1234 1687 5165 1687 1256 1687 1200 1688 1234 1688 1209 1688 1257 1689 1266 1689 1555 1689 1279 1690 1530 1690 1268 1690 1209 1691 1234 1691 1256 1691 1199 1692 1238 1692 1207 1692 1241 1693 1192 1693 1242 1693 1191 1694 1242 1694 1192 1694 1207 1695 1238 1695 1258 1695 1242 1696 1191 1696 1247 1696 1250 1697 1247 1697 1219 1697 1238 1698 1199 1698 1260 1698 1260 1699 1199 1699 1208 1699 3874 1700 3877 1700 1259 1700 1191 1701 1219 1701 1247 1701 1234 1702 1200 1702 1258 1702 1258 1703 1200 1703 1207 1703 1268 1704 1555 1704 1267 1704 1266 1705 1267 1705 1555 1705 1203 1706 1240 1706 1208 1706 1208 1707 1240 1707 1260 1707 1266 1708 1190 1708 1267 1708 1209 1709 1256 1709 1204 1709 1259 1710 1261 1710 1402 1710 1262 1711 1402 1711 1261 1711 1256 1712 1233 1712 1204 1712 1189 1713 1267 1713 1190 1713 1273 1714 1274 1714 1272 1714 1193 1715 1268 1715 1189 1715 1267 1716 1189 1716 1268 1716 1277 1717 1278 1717 1280 1717 1210 1718 1275 1718 1213 1718 954 1719 1213 1719 1275 1719 1381 1720 1111 1720 1360 1720 1448 1721 1111 1721 1446 1721 1241 1722 1279 1722 1193 1722 1241 1723 1193 1723 1192 1723 1132 1724 1139 1724 1276 1724 1286 1725 1287 1725 1288 1725 1288 1726 1285 1726 1286 1726 1283 1727 1286 1727 1285 1727 1279 1728 1268 1728 1193 1728 1289 1729 1202 1729 1034 1729 1249 1730 1113 1730 1382 1730 1190 1731 1266 1732 1198 1733 1034 1734 1035 1734 1292 1734 1291 1735 1292 1735 1035 1735 1716 1736 1713 1736 1290 1736 1176 1737 1178 1737 1249 1737 1221 1738 1249 1738 1178 1738 1257 1739 1198 1739 1266 1739 1035 1740 1303 1740 1291 1740 1303 1741 1403 1741 1291 1741 1382 1742 1177 1742 1249 1742 1034 1743 1298 1743 1289 1743 1257 1744 1555 1744 1297 1744 1296 1745 1297 1745 1555 1745 1296 1746 1555 1746 1299 1746 1292 1747 1298 1747 1034 1747 1196 1748 1297 1748 1167 1748 1167 1749 1297 1750 1168 1751 1301 1752 1556 1752 975 1752 974 1753 1561 1753 979 1753 1296 1754 1168 1754 1297 1754 1257 1755 1196 1755 1198 1755 1257 1756 1297 1756 1196 1756 1239 1757 1311 1757 1236 1757 1301 1758 1346 1758 1311 1758 1296 1759 1175 1759 1168 1759 1303 1760 1018 1760 1304 1760 1308 1761 1304 1761 1018 1761 1299 1762 1175 1762 1296 1762 1314 1763 1018 1763 1313 1763 1312 1764 1313 1764 1018 1764 1018 1765 1314 1765 1308 1765 956 1766 957 1766 1323 1766 1172 1767 1906 1767 1170 1767 1722 1768 1309 1768 1310 1768 1310 1769 1315 1769 1722 1769 1318 1770 1053 1770 1321 1770 1323 1771 958 1771 991 1771 1211 1772 1205 1772 1222 1772 4685 1773 1321 1773 4639 1773 1175 1774 1299 1774 1172 1774 1136 1775 393 1775 1137 1775 1677 1776 393 1776 1133 1776 1290 1777 1139 1777 1324 1777 1330 1778 1329 1778 1323 1778 1228 1779 1225 1779 1179 1779 1223 1780 1179 1780 1225 1780 980 1781 1335 1781 978 1781 1342 1782 1115 1782 1332 1782 987 1783 1337 1783 980 1783 1335 1784 980 1784 1337 1784 991 1785 992 1785 1335 1785 1333 1786 1113 1786 1249 1786 1336 1787 1114 1788 1333 1789 2552 1790 1338 1791 1339 1792 991 1793 1335 1793 1323 1793 1364 1794 1636 1795 1371 1796 1636 1797 1649 1797 1371 1797 1340 1798 1341 1798 1335 1798 1340 1799 1335 1799 1337 1799 975 1800 1345 1800 1346 1800 975 1801 1097 1801 1345 1801 1092 1802 2334 1802 1082 1802 1640 1803 2334 1803 1092 1803 1332 1804 1224 1804 1229 1804 1956 1805 1262 1805 1188 1805 1314 1806 1408 1806 1308 1806 1348 1807 1349 1807 1351 1807 1337 1808 1347 1808 1340 1808 1224 1809 1332 1809 1220 1809 1355 1810 1348 1810 1351 1810 1348 1811 1223 1811 1349 1811 1220 1812 1336 1812 1221 1812 1249 1813 1221 1813 1333 1813 1323 1814 1335 1814 1352 1814 1341 1815 1352 1815 1335 1815 1356 1816 1348 1816 1355 1816 1292 1817 1291 1817 1403 1817 1304 1818 1403 1818 1303 1818 1333 1819 1221 1820 1336 1821 1330 1822 1323 1822 1358 1822 1336 1823 1220 1823 1332 1823 1354 1824 1334 1824 1331 1824 1363 1825 1383 1825 1362 1825 1361 1826 1362 1826 1383 1826 1352 1827 1358 1827 1323 1827 1366 1828 1383 1828 1365 1828 1363 1829 1365 1830 1383 1831 1165 1832 1713 1832 1359 1832 1357 1833 1359 1833 1713 1833 1383 1834 1366 1835 1368 1836 1369 1837 1383 1837 1368 1837 1372 1838 1383 1838 1369 1838 1713 1839 1735 1839 1374 1839 1382 1840 1109 1840 1375 1840 1371 1841 1649 1841 1356 1841 1348 1842 1356 1842 1649 1842 1373 1843 1374 1843 1735 1843 1446 1844 1111 1844 1381 1844 3938 1845 1494 1845 1111 1845 1376 1846 1377 1846 1383 1846 1378 1847 1383 1847 1377 1847 1372 1848 1376 1849 1383 1850 1380 1851 1383 1851 1379 1851 1765 1852 1766 1852 1756 1852 1378 1853 1379 1853 1383 1853 1223 1854 1225 1854 1349 1854 1713 1855 1374 1855 1357 1855 1349 1856 1356 1856 1351 1856 1355 1857 1351 1857 1356 1857 1194 1858 1356 1858 1349 1858 1194 1859 1349 1859 577 1859 1321 1860 1343 1860 1318 1860 527 1861 1385 1861 549 1861 1364 1862 1181 1862 1367 1862 1185 1863 1367 1863 1181 1863 1371 1864 1181 1865 1364 1866 1186 1867 1371 1868 1194 1869 1186 1870 1181 1870 1371 1870 2 1871 1387 1871 0 1871 1313 1872 1312 1872 1343 1872 1312 1873 1318 1874 1343 1875 1194 1876 1371 1876 1356 1876 1390 1877 1391 1877 1353 1877 1380 1878 1354 1878 1383 1878 1384 1879 1367 1880 1185 1881 1235 1882 3964 1882 1390 1882 1331 1883 1383 1883 1354 1883 5170 1884 1396 1884 5169 1884 1397 1885 5169 1886 1396 1887 1383 1888 1415 1888 1361 1888 1353 1889 1227 1889 1390 1889 1412 1890 5174 1890 1408 1890 1404 1891 1407 1891 1402 1891 1403 1892 1396 1892 5170 1892 1407 1893 1353 1893 1402 1893 1401 1894 1402 1894 1353 1894 1573 1895 1409 1895 1398 1895 1410 1896 569 1896 1406 1896 1408 1897 5174 1897 1397 1897 1413 1898 5175 1899 1412 1900 1400 1901 1361 1901 1415 1901 1341 1902 1340 1902 1409 1902 1398 1903 1409 1903 1340 1903 1347 1904 1398 1904 1340 1904 1769 1905 1399 1905 1347 1905 1308 1906 1408 1906 1304 1906 1391 1907 1401 1907 1353 1907 1422 1908 1424 1908 1421 1908 1403 1909 1304 1909 1396 1909 1397 1910 1396 1911 1304 1912 1420 1913 1421 1913 1424 1913 1388 1914 1358 1915 1389 1916 1426 1917 2901 1917 1425 1917 1397 1918 1304 1918 1408 1918 1426 1919 1425 1919 1427 1919 1389 1920 1358 1921 1394 1922 1421 1923 1560 1923 1422 1923 1400 1924 1415 1924 1385 1924 1244 1925 1428 1925 5167 1925 1398 1926 1347 1926 1399 1926 1409 1927 1411 1927 1341 1927 549 1928 1385 1928 1415 1928 1403 1929 5170 1929 1428 1929 1352 1930 1341 1930 1411 1930 1202 1931 1289 1931 1244 1931 1298 1932 1244 1932 1289 1932 1427 1933 1425 1933 62 1933 1358 1934 1352 1934 1411 1934 1424 1935 1407 1935 1420 1935 1404 1936 1420 1936 1407 1936 1423 1937 62 1937 1425 1937 1428 1938 1298 1938 1403 1938 1292 1939 1403 1939 1298 1939 1422 1940 1387 1940 1424 1940 1415 1941 1430 1941 1431 1941 1415 1942 1431 1942 549 1942 1411 1943 1394 1943 1358 1943 1244 1944 1298 1944 1428 1944 1358 1945 4868 1945 1330 1945 2 1946 1424 1946 1387 1946 1253 1947 1432 1947 1433 1947 549 1948 1431 1948 547 1948 1522 1949 1523 1949 1891 1949 1412 1950 1408 1950 1314 1950 1330 1951 4868 1951 1329 1951 1343 1952 1416 1952 1313 1952 1137 1953 1383 1953 1136 1953 1331 1954 1136 1954 1383 1954 1413 1955 1412 1956 1314 1957 65 1958 2901 1958 3 1958 1133 1959 1136 1959 1331 1959 1416 1960 1413 1961 1313 1962 1389 1963 1570 1964 1388 1965 1406 1966 746 1966 1410 1966 1314 1967 1313 1967 1413 1967 1573 1968 1574 1968 1409 1968 1261 1969 1188 1969 1262 1969 748 1970 1410 1970 746 1970 1143 1971 1381 1971 1144 1971 1440 1972 1442 1972 5180 1972 1360 1973 1144 1973 1381 1973 1358 1974 1388 1974 4938 1974 752 1975 676 1975 748 1975 1439 1976 1383 1976 1441 1976 1137 1977 1441 1977 1383 1977 1676 1978 1928 1978 1562 1978 1449 1979 1111 1979 1448 1979 1375 1980 1109 1980 1449 1980 1808 1981 1444 1981 1445 1981 1415 1982 1383 1982 1439 1982 1415 1983 1439 1983 1447 1983 1415 1984 1447 1984 1430 1984 4124 1985 1454 1985 1456 1985 1461 1986 1465 1987 1438 1988 1458 1989 1951 1989 1452 1989 1350 1990 1452 1990 1951 1990 1460 1991 1453 1991 1457 1991 1438 1992 1465 1993 1437 1994 1455 1995 1457 1995 1453 1995 4226 1996 1434 1996 1465 1996 1462 1997 1465 1997 1461 1997 1462 1998 1464 1998 1465 1998 1140 1999 1449 1999 1141 1999 1458 2000 1809 2000 1811 2000 1448 2001 1141 2001 1449 2001 1463 2002 1457 2002 1455 2002 1941 2003 1514 2003 4126 2003 1455 2004 1468 2004 1463 2004 1350 2005 1951 2005 810 2005 1104 2006 810 2006 1951 2006 1142 2007 1446 2007 1143 2007 1381 2008 1143 2008 1446 2008 1454 2009 1362 2009 1456 2009 1459 2010 1456 2010 1385 2010 1400 2011 1385 2011 1456 2011 527 2012 1466 2012 1385 2012 1443 138 1442 138 4688 138 1141 2013 1448 2013 1142 2013 1361 2014 1400 2014 1456 2014 1362 2015 1361 2015 1456 2015 1440 2016 4688 2016 1442 2016 1142 2017 1448 2017 1446 2017 1117 2018 1489 2018 1485 2018 1468 2019 1455 2019 1470 2019 1474 2020 1823 2020 1473 2020 1507 2021 1470 2021 1455 2021 4124 2022 1475 2022 1454 2022 1479 2023 1823 2023 1474 2023 1480 2024 1823 2025 1479 2026 1481 2027 1111 2027 1478 2027 1471 2028 1111 2028 1481 2028 1360 2029 1111 2029 1471 2029 4124 2030 1482 2030 1483 2030 4124 2031 1483 2031 1475 2031 1117 2032 1936 2032 1491 2032 1117 2033 1491 2033 1489 2033 1440 2034 1321 2034 4685 2034 1476 2035 1477 2036 1823 2037 1484 2038 1823 2038 1477 2038 1480 2039 1476 2039 1823 2039 1144 2040 1360 2040 1147 2040 1454 2041 1475 2041 1363 2041 1454 2042 1363 2042 1362 2042 1486 2043 1487 2044 1823 2045 1487 2046 1488 2046 1823 2046 1488 2047 1490 2047 1823 2047 1469 2048 1823 2048 1490 2048 1483 2049 1363 2050 1475 2051 1360 2052 1471 2052 1147 2052 1147 2053 1471 2053 1149 2053 1363 2054 1483 2054 1365 2054 1484 2055 1486 2056 1823 2057 1482 2058 1365 2058 1483 2058 1471 2059 1481 2059 1149 2059 4124 138 4126 138 1482 138 1492 2060 1482 2060 4126 2060 1482 2061 1366 2061 1365 2061 1149 2062 1481 2062 1150 2062 1485 2063 1489 2063 1726 2063 1489 2064 1491 2064 1726 2064 1970 2065 1969 2065 1524 2065 1481 2066 1478 2066 1150 2066 846 2067 1485 2067 1726 2067 1470 2068 1575 2068 1468 2068 1492 2069 1366 2069 1482 2069 1321 2070 1440 2070 1343 2070 1478 2071 1111 2071 1494 2071 1494 2072 3962 2072 136 2072 1366 2073 1492 2073 1368 2073 1478 2074 1151 2074 1150 2074 1969 2075 1460 2075 1549 2075 810 2076 839 2076 1350 2076 1495 2077 7 2077 1216 2077 1478 2078 1494 2078 1151 2078 347 2079 1496 2079 349 2079 1493 2080 1368 2080 1492 2080 1497 2081 349 2082 1496 2083 1151 2084 1494 2084 1155 2084 1452 2085 846 2085 1458 2085 1493 2086 1492 2086 4126 2086 1155 2087 1494 2087 136 2087 1503 2088 18 2088 1502 2088 1434 2089 1467 2089 1504 2089 1449 2090 1140 2090 1375 2090 1500 2091 1369 2091 1493 2091 349 2092 1497 2092 1507 2092 1450 2093 1507 2093 1497 2093 1177 2094 1375 2094 1156 2094 1508 2095 1509 2095 1510 2095 1368 2096 1493 2096 1369 2096 1809 2097 1458 2097 846 2097 1140 2098 1156 2098 1375 2098 1506 2099 22 2099 1505 2099 1726 2100 1776 2100 846 2100 1590 2101 349 2101 1507 2101 1500 2102 1493 2102 4126 2102 1176 2103 1249 2103 1177 2103 1450 2104 1470 2104 1507 2104 1375 2105 1177 2105 1382 2105 1505 2106 18 2106 1513 2106 1503 2107 1513 2107 18 2107 1369 2108 1500 2108 1372 2108 1512 2109 1372 2109 1500 2109 4214 2110 1508 2110 1520 2110 1518 2111 1519 2111 1520 2111 1514 2112 1376 2112 1512 2112 1372 2113 1512 2113 1376 2113 1232 2114 1332 2114 1229 2114 1524 2115 1549 2115 1399 2115 1240 2116 1243 2116 5165 2116 1567 2117 1573 2117 1398 2117 1376 2118 1514 2119 1377 2120 1574 2121 1575 2121 1411 2121 5167 2122 1428 2122 5170 2122 1521 2123 695 2123 698 2123 1379 2124 1019 2124 1380 2124 1332 2125 1232 2125 1342 2125 1536 2126 1524 2126 1399 2126 1398 2127 1399 2127 1549 2127 1388 2128 1569 2128 4938 2128 1525 2129 1521 2129 1527 2129 1237 2130 1344 2130 1232 2130 1342 2131 1232 2132 1344 2133 698 2134 1527 2134 1521 2134 1344 138 1237 138 1345 138 1505 2135 1513 2135 5176 2135 5174 2136 5176 2136 1513 2136 5169 2137 5174 2137 1513 2137 1528 2138 1529 2138 1527 2138 1525 2139 1527 2139 1529 2139 1237 2140 1346 2140 1345 2140 1532 2141 1528 2141 1527 2141 1247 2142 1531 2143 1526 2144 1389 2145 1394 2146 1570 2147 1808 2148 1445 2148 1472 2148 1247 2149 1250 2149 1531 2149 1236 2150 1311 2150 1346 2150 1535 23 1537 23 1538 23 1391 2151 1390 2151 3964 2151 1237 2152 1236 2152 1346 2152 1537 2153 1545 2153 1538 2153 1545 2154 536 2154 1538 2154 535 2155 1538 2155 536 2155 1401 2156 1391 2156 3964 2156 536 2157 1545 2157 545 2157 1567 2158 1398 2158 1549 2158 1138 2159 1135 2159 1554 2159 5011 2160 1554 2160 1135 2160 974 2161 975 2161 1556 2161 1262 2162 1925 2162 1676 2162 1502 2163 5165 2163 1503 2163 1556 138 1561 138 974 138 4748 2164 979 2164 1561 2164 1928 2165 1931 2165 1560 2165 690 2166 2692 2166 884 2166 1553 2167 1565 2167 1548 2167 1547 2168 1548 2168 1565 2168 1498 2169 4978 2169 1499 2169 1501 2170 1499 2170 4978 2170 1495 2171 4978 2171 1498 2171 1216 2172 4978 2172 1495 2172 1537 2173 521 2173 1545 2173 545 2174 1545 2174 521 2174 7 2175 5097 2175 1217 2175 1215 2176 1216 2176 7 2176 547 2177 1538 2177 535 2177 0 2178 1387 2178 1550 2178 1551 2179 1550 2179 1387 2179 1387 2180 1422 2180 1551 2180 416 2181 4938 2181 1569 2181 7 2182 1495 2182 1498 2182 1388 2183 1570 2183 1569 2183 1566 2184 1571 2184 1553 2184 1527 2185 1533 2185 1532 2185 1411 2186 1409 2187 1574 2188 1394 2189 1411 2189 1575 2189 1533 2190 1576 2190 1577 2190 1430 2191 1447 2191 1530 2191 1526 2192 1431 2192 1530 2192 1531 2193 1431 2194 1526 2195 1431 2196 1531 2196 547 2196 1430 2197 1530 2197 1431 2197 4748 2198 1561 2198 1554 2198 18 2199 1505 2199 22 2199 1575 2200 1570 2200 1394 2200 1138 2201 133 2201 1135 2201 1575 2202 1574 2202 1468 2202 1549 2203 1460 2203 1567 2203 547 2204 1531 2204 1535 2204 547 2205 1535 2206 1538 2207 1533 2208 1577 2208 1532 2208 1561 2209 1311 2209 1554 2209 1138 2210 1554 2210 133 2210 1569 2211 1570 2211 1470 2211 416 2212 1569 2212 1470 2212 1567 2213 1460 2213 1573 2213 1457 2214 1463 2214 1574 2214 1573 2215 1457 2215 1574 2215 1530 2216 1447 2217 1555 2218 1463 2219 1468 2219 1574 2219 1570 2220 1575 2220 1470 2220 347 2221 5016 2221 1496 2221 1581 2222 1577 2222 988 2222 988 2223 1577 2223 916 2223 1184 2224 1553 2224 1582 2224 1470 2225 1450 2225 5016 2225 1497 2226 5016 2226 1450 2226 1496 2227 5016 2227 1497 2227 1571 2228 1582 2228 1553 2228 1457 2229 1573 2229 1460 2229 435 2230 349 2230 1590 2230 1279 2231 1241 2231 1530 2231 1526 2232 1530 2232 1242 2232 1565 2233 118 2233 900 2233 1565 2234 124 2234 118 2234 1242 2235 1247 2235 1526 2235 1593 2236 1455 2236 1453 2236 1565 2237 1553 2237 124 2237 1580 2238 1005 2238 1591 2238 1184 2239 124 2239 1553 2239 1593 2240 1453 2240 1599 2240 1578 23 1998 23 1580 23 1455 2241 1593 2241 1590 2241 1250 2242 1537 2242 1535 2242 1593 2243 443 2243 1590 2243 1455 2244 1590 2244 1507 2244 1605 23 1600 23 1608 23 1553 2245 1548 2245 1566 2245 2207 2246 714 2246 1599 2246 1593 2247 1599 2247 437 2247 1599 2248 436 2248 437 2248 1555 2249 1268 2250 1530 2251 521 2252 1250 2252 1219 2252 1615 2253 1532 2253 1614 2253 1537 2254 1250 2254 521 2254 1581 2255 1618 2255 1577 2255 1532 2256 1618 2256 1614 2256 1577 2257 1618 2257 1532 2257 1593 2258 442 2258 443 2258 1607 2259 1555 2259 1447 2259 1615 2260 1528 2260 1532 2260 1624 2261 1590 2261 1623 2261 1072 2262 916 2262 1577 2262 1364 2263 1367 2263 1627 2263 1625 2264 1627 2264 1367 2264 1668 2265 1625 2265 1367 2265 1717 2266 1607 2266 1441 2266 1623 2267 1590 2267 443 2267 1577 2268 1576 2268 1072 2268 1311 2269 4990 2269 1554 2269 1072 2270 1576 2270 1092 2270 1639 2271 1637 2271 435 2271 1556 138 1311 138 1561 138 1301 2272 1311 2272 1556 2272 449 2273 448 2274 1637 2275 1639 2276 1624 2276 190 2276 1640 2277 1092 2277 1576 2277 1641 2278 1640 2278 1576 2278 1576 2279 1533 2279 1644 2279 1576 2280 1644 2280 1641 2280 435 2281 1590 2281 1639 2281 1624 2282 1639 2282 1590 2282 1533 2283 1646 2283 1647 2283 1533 2284 1647 2284 1644 2284 1593 2285 437 2285 442 2285 1627 2286 1636 2286 1364 2286 537 2287 543 2287 1727 2287 1619 2288 2002 2288 1638 2288 1653 2289 1988 2289 1652 2289 1651 2290 1652 2290 1988 2290 1701 2291 1694 2291 670 2291 1117 2292 2311 2292 1641 2292 1988 2293 1653 2293 1654 2293 1655 2294 1988 2294 1654 2294 1642 2295 407 2295 1650 2295 1658 2296 1988 2296 1657 2296 1657 2297 1988 2297 1656 2297 1705 2298 1702 2298 675 2298 1988 2299 1661 2299 1662 2299 1660 2300 1661 2300 1988 2300 675 2301 663 2301 1705 2301 1625 2302 1473 2302 1627 2302 1445 2303 1444 2303 1627 2303 1636 2304 1627 2304 1444 2304 1179 2305 1649 2305 1444 2305 1655 2306 1656 2306 1988 2306 1665 2307 1988 2307 1658 2307 1664 2308 1988 2308 1665 2308 1660 2309 1988 2309 1664 2309 1472 2310 1445 2310 1627 2310 1473 2311 1472 2311 1627 2311 1636 2312 1444 2312 1649 2312 660 2313 492 2313 1696 2313 1650 2314 1663 2314 1642 2314 1666 2315 1707 2315 1659 2315 570 2316 1674 2316 590 2316 1667 2317 590 2317 1674 2317 1696 2318 663 2318 660 2318 1551 2319 1422 2319 1560 2319 1670 2320 1671 2320 1384 2320 1671 2321 1686 2321 1384 2321 1686 2322 1672 2322 1384 2322 1668 2323 1367 2324 1673 2325 663 138 1700 138 1705 138 1673 2326 1474 2326 1668 2326 1625 2327 1668 2327 1474 2327 1625 2328 1474 2328 1473 2328 1421 2329 1562 2329 1560 2329 590 2330 1667 2331 598 2332 1331 2333 1914 2333 1675 2333 1476 2334 1671 2335 1477 2336 1670 2337 1477 2337 1671 2337 1712 2338 1054 2338 510 2338 1262 2339 1404 2339 1402 2339 1678 2340 598 2340 1667 2340 1677 2341 1331 2341 1675 2341 2132 2342 2278 2342 1660 2342 1670 2343 1384 2343 1761 2343 1420 2344 1404 2344 1676 2344 1262 2345 1676 2345 1404 2345 1648 2346 1163 2346 1645 2346 1133 2347 1331 2347 1677 2347 1676 2348 1562 2348 1420 2348 1421 2349 1420 2349 1562 2349 1643 2350 1989 2350 1662 2350 663 23 1696 23 1700 23 450 2351 602 2351 1714 2351 1474 2352 1673 2352 1479 2352 1374 2353 1188 2353 1357 2353 1702 2354 1701 2354 673 2354 673 2355 675 2355 1702 2355 1672 2356 1479 2356 1673 2356 1681 2357 1685 2357 1682 2357 1672 2358 1673 2358 1384 2358 1479 2359 1672 2360 1480 2361 1608 2362 1682 2362 1685 2362 1608 2363 1685 2363 1605 2363 1686 2364 1480 2364 1672 2364 1691 2365 1659 2365 1690 2365 1373 2366 1188 2366 1374 2366 1695 2367 1659 2368 1692 2369 1689 2370 1690 2370 1659 2370 1727 2371 574 2371 1694 2371 1784 2372 1928 2372 1370 2372 510 2373 598 2373 1678 2373 510 2374 1678 2374 1699 2374 1683 2375 1659 2376 1698 2377 1684 2378 1659 2379 1683 2380 1687 2381 1659 2381 1684 2381 1688 2382 1689 2383 1659 2384 1691 2385 1692 2386 1659 2387 1688 2388 1659 2388 1680 2388 655 2389 670 2389 1694 2389 670 2390 673 2390 1701 2390 1674 2391 1521 2391 1667 2391 496 2392 695 2392 1674 2392 1521 2393 1674 2393 695 2393 1529 2394 1678 2394 1525 2394 1695 2395 1698 2396 1659 2397 1678 2398 1667 2398 1525 2398 1521 2399 1525 2399 1667 2399 1737 2400 1745 2400 1666 2400 1703 2401 1704 2401 1706 2401 1703 2402 1706 2402 58 2402 1693 2403 1710 2403 1697 2403 442 2404 437 2404 1701 2404 492 2405 494 2406 1623 2407 1709 2408 1707 2408 1666 2408 1708 2409 1659 2410 1707 2411 1529 2412 1699 2412 1678 2412 1682 2413 1697 2413 1710 2413 1682 2414 1710 2414 1711 2414 1666 2415 1746 2415 1709 2415 56 2416 1703 2416 58 2416 510 2417 1699 2417 1712 2417 1713 2418 1276 2418 1139 2418 1701 2419 1702 2420 442 2421 443 2422 1702 2422 1623 2422 1713 2423 1165 2423 1276 2423 492 2424 1623 2424 1696 2424 1614 2425 1054 2425 1615 2425 1618 2426 1054 2426 1614 2426 1714 2427 1898 2428 1715 2429 1696 2430 1623 2431 1700 2432 443 2433 442 2433 1702 2433 1615 2434 1054 2434 1528 2434 1659 2435 1708 2435 1680 2435 1702 2436 1705 2436 1623 2436 1682 2437 1711 2437 1718 2437 1682 2438 1718 2438 1681 2438 1712 2439 1699 2439 1528 2439 1705 138 1700 138 1623 138 1529 2440 1528 2440 1699 2440 1998 2441 1578 2441 1721 2441 1290 2442 1713 2442 1139 2442 190 2443 26 2443 1637 2443 1639 2444 190 2444 1637 2444 1623 2445 190 2445 1624 2445 407 2446 398 2446 1677 2446 1136 2447 1133 2447 393 2447 1723 2448 1713 2448 1722 2448 1716 2449 1722 2449 1713 2449 1441 2450 1137 2450 393 2450 1599 2451 1453 2451 1971 2451 1721 2452 1651 2452 1988 2452 1677 2453 1675 2453 407 2453 1675 2454 1663 2454 407 2454 1669 2455 1663 2455 1675 2455 1663 2456 1650 2456 407 2456 2139 2457 829 2457 2138 2457 1727 2458 2154 2458 537 2458 534 2459 2154 2459 883 2459 714 2460 1727 2460 436 2460 1729 2461 1734 2461 1163 2461 1734 2462 1679 2462 1163 2462 1679 2463 1645 2463 1163 2463 1724 2464 1725 2464 1893 2464 1719 2465 1893 2465 1725 2465 1715 2466 1717 2466 393 2466 1441 2467 393 2467 1717 2467 1714 2468 1715 2469 393 2470 450 2471 1714 2471 393 2471 1723 2472 1730 2472 1735 2472 1723 2473 1735 2473 1713 2473 661 2474 492 2474 660 2474 1736 2475 1738 2475 1169 2475 467 2476 468 2477 1741 2478 1742 2479 1745 2480 1737 2481 1735 2482 1739 2482 1706 2482 1738 2483 1883 2483 1169 2483 1746 2484 1666 2484 1745 2484 2068 2485 2113 2485 1733 2485 1740 2486 1706 2486 1739 2486 1744 2487 467 2487 1741 2487 1739 2488 1735 2488 1747 2488 1737 2489 1749 2489 1742 2489 1169 2490 1163 2490 1736 2490 1648 2491 1736 2491 1163 2491 1730 2492 1747 2492 1735 2492 1686 2493 1476 2493 1480 2493 1751 2494 1693 2494 1697 2494 1754 2495 1182 2495 1753 2495 1686 2496 1671 2496 1476 2496 1751 2497 2152 2497 1693 2497 58 2498 1755 2498 6 2498 1183 2499 1753 2499 1182 2499 1763 2500 1756 2500 1759 2500 1758 2501 1759 2501 1756 2501 1670 2502 1484 2502 1477 2502 1767 2503 1769 2503 1756 2503 1697 2504 1733 2504 1751 2504 1733 2505 1743 2505 1751 2505 1958 2506 1962 2506 1770 2506 1484 2507 1670 2507 1761 2507 1740 2508 1755 2508 1706 2508 58 2509 1706 2509 1755 2509 1760 2510 1897 2510 1768 2510 1766 2511 1767 2511 1756 2511 1337 2512 1756 2512 1769 2512 1347 2513 1337 2513 1769 2513 1753 2514 1183 2514 1770 2514 1484 2515 1761 2515 1486 2515 1764 2516 1757 2516 1756 2516 1757 2517 1758 2517 1756 2517 1183 2518 1772 2518 1770 2518 1771 2519 1132 2519 1276 2519 1762 2520 1486 2520 1761 2520 1157 2521 1276 2521 1165 2521 1773 2522 1764 2522 1756 2522 1763 2523 1765 2523 1756 2523 1728 2524 1778 2524 1726 2524 1776 2525 1726 2525 1778 2525 1762 2526 1487 2526 1486 2526 1370 2527 1373 2527 1735 2527 1783 2528 1779 2528 1780 2528 2164 2529 1487 2529 1762 2529 1897 2530 1781 2530 1900 2530 1782 2531 1900 2531 1781 2531 1777 2532 4777 2532 1775 2532 1487 2533 2164 2533 1488 2533 1775 2534 4764 2534 1785 2534 706 2535 771 2535 1780 2535 1616 2536 1682 2536 1608 2536 1490 2537 1987 2537 1617 2537 1617 2538 1469 2538 1490 2538 4787 2539 4793 2539 1785 2539 1786 2540 1533 2540 1527 2540 1788 2541 1789 2541 1785 2541 1781 2542 1897 2542 1787 2542 1527 2543 698 2543 1786 2543 1786 2544 698 2544 727 2544 1760 2545 1787 2545 1897 2545 1370 2546 1735 2546 1784 2546 1794 2547 1785 2547 1789 2547 1784 2548 1706 2548 1790 2548 1384 2549 1673 2550 1367 2551 1793 2552 1786 2552 1792 2552 1704 2553 1790 2553 1706 2553 1735 2554 1706 2554 1784 2554 1791 2555 1792 2555 1786 2555 1786 2556 1797 2556 1791 2556 1619 2557 1638 2557 2278 2557 1643 2558 2278 2558 1638 2558 1185 2559 1798 2559 1384 2559 1799 2560 1775 2560 1794 2560 1800 2561 1775 2562 1799 2563 1794 2564 1775 2564 1785 2564 1788 2565 1785 2565 1801 2565 1646 2566 1533 2566 1793 2566 1802 2567 1582 2567 1571 2567 1571 2568 1566 2568 1802 2568 1802 2569 1566 2569 1548 2569 1802 2570 1548 2570 1547 2570 1801 2571 318 2571 1949 2571 3708 2572 1803 2572 1804 2572 1533 2573 1786 2573 1793 2573 1582 2574 1798 2574 1185 2574 1785 2575 299 2575 1801 2575 318 2576 1801 2576 299 2576 1802 2577 1798 2577 1582 2577 1444 2578 1808 2578 53 2578 1777 2579 1805 2579 1807 2579 1756 2580 1777 2580 1807 2580 727 2581 724 2581 1797 2581 1786 2582 727 2582 1797 2582 2043 2583 2049 2583 1787 2583 2044 2584 2043 2584 1787 2584 1747 2585 1803 2585 1739 2585 1739 2586 1803 2586 1740 2586 6 2587 1755 2587 1795 2587 2152 2588 1710 2588 1693 2588 2152 2589 1751 2589 1743 2589 1796 2590 1795 2590 1755 2590 1796 2591 1755 2591 1803 2591 1755 2592 1740 2592 1803 2592 1773 2593 1756 2593 1810 2593 1807 2594 1810 2594 1756 2594 1809 2595 1776 2595 1811 2595 1805 2596 1777 2596 1813 2596 1179 2597 1444 2597 53 2597 1778 2598 1811 2598 1776 2598 1747 2599 1804 2599 1803 2599 49 2600 53 2600 1814 2600 1777 2601 1775 2601 1812 2601 1812 2602 1813 2602 1777 2602 1814 2603 53 2603 1808 2603 1816 2604 1907 2604 1817 2604 1728 2605 1815 2605 1778 2605 1783 2606 1778 2606 1815 2606 1800 2607 1812 2607 1775 2607 3708 2608 1804 2608 1818 2608 1399 2609 1891 2609 1523 2609 1779 2610 1783 2610 1820 2610 1817 2611 1652 2611 1816 2611 1652 2612 1651 2612 1816 2612 1816 2613 1651 2613 1721 2613 1315 2614 1723 2614 1722 2614 1315 2615 1818 2615 1730 2615 1730 2616 1723 2616 1315 2616 1907 2617 1822 2617 1817 2617 1814 2618 1808 2618 1819 2618 1815 2619 1820 2619 1783 2619 1823 2620 1469 2620 1617 2620 1832 2621 1825 2621 1911 2621 1907 2622 1911 2623 1825 2624 1907 2625 1825 2625 1826 2625 1907 2626 1826 2626 1822 2626 1472 2627 1473 2627 1823 2627 1472 2628 1823 2628 1808 2628 1817 2629 1822 2629 1653 2629 1817 2630 1653 2630 1652 2630 2041 2631 2040 2631 1787 2631 1653 2632 1822 2632 1826 2632 1747 2633 1730 2633 1818 2633 1768 2634 2041 2634 1760 2634 1653 2635 1826 2635 1654 2635 1747 2636 1818 2636 1804 2636 1812 2637 1800 2637 1845 2637 1825 2638 1654 2638 1826 2638 1719 2639 1865 2639 1720 2639 1720 2640 1865 2640 1750 2640 1752 2641 1750 2641 1865 2641 1725 2642 1865 2642 1719 2642 1832 2643 1655 2643 1825 2643 1654 2644 1825 2644 1655 2644 1522 2645 1891 2645 2111 2645 2114 2646 1862 2646 1821 2646 1708 2647 2336 2647 1680 2647 1707 2648 2336 2648 1708 2648 1807 2649 1821 2649 1810 2649 1807 2650 1805 2650 1821 2650 1813 2651 1821 2651 1805 2651 1749 2652 2270 2652 1742 2652 1655 2653 1832 2653 1656 2653 1746 2654 2333 2655 1709 2656 1810 2657 1821 2657 1862 2657 1834 2658 700 2658 766 2658 1832 2659 1824 2659 1656 2659 1823 2660 1829 2660 1835 2660 1823 2661 1835 2661 1836 2661 1851 2662 1949 2662 2101 2662 1827 2663 1835 2663 1829 2663 1949 2664 1851 2664 1801 2664 1787 2665 1760 2665 2041 2665 1937 138 1854 138 1934 138 1824 2666 1832 2666 1911 2666 1865 2667 2041 2667 1768 2667 1819 2668 1808 2668 1838 2668 1937 2669 1839 2669 1840 2669 1823 2670 1838 2670 1808 2670 1837 2671 1657 2671 1824 2671 1768 2672 1752 2672 1865 2672 1656 2673 1824 2673 1657 2673 1838 2674 1823 2675 1842 2676 1841 2677 1842 2677 1823 2677 1836 2678 1841 2678 1823 2678 1837 2679 1824 2679 1911 2679 4943 2680 4942 2680 1732 2680 1657 2681 1837 2681 1658 2681 1732 2682 1731 2682 4943 2682 1949 2683 318 2683 1955 2683 313 2684 1955 2684 318 2684 1831 2685 1779 2685 1839 2685 1830 2686 1780 2686 1831 2686 1833 2687 706 2687 1830 2687 1833 2688 1834 2688 706 2688 706 2689 1780 2689 1830 2689 1780 2690 1779 2690 1831 2690 1844 2691 1658 2691 1837 2691 1683 2692 2357 2692 1684 2692 1820 2693 1839 2693 1779 2693 1829 2694 1617 2694 1611 2694 1846 2695 2114 2695 1821 2695 1658 2696 1844 2696 1665 2696 1847 2697 2115 2698 1846 2699 1829 2700 1823 2700 1617 2700 1684 2701 2356 2701 1687 2701 1665 2702 1844 2702 1843 2702 706 2703 1834 2703 766 2703 1661 2704 2278 2704 1662 2704 1741 2705 1852 2705 1748 2705 1741 2706 1748 2706 1744 2706 1867 2707 1866 2707 2704 2707 1661 2708 1660 2708 2278 2708 1820 2709 1840 2709 1839 2709 1799 2710 1845 2710 1800 2710 1852 2711 1853 2711 1748 2711 1491 2712 1934 2712 1854 2712 1853 2713 1852 2713 1222 2713 1937 2714 1840 2714 1854 2714 1847 2715 1812 2715 1845 2715 2712 2716 1212 2716 1869 2716 1662 2717 2278 2717 1643 2717 1206 2718 1222 2718 1852 2718 1728 2719 1491 2719 1815 2719 1726 2720 1491 2720 1728 2720 1821 2721 1813 2721 1846 2721 1846 2722 1813 2722 1847 2722 1812 2723 1847 2723 1813 2723 368 2724 2070 2724 1741 2724 1854 2725 1815 2725 1491 2725 1665 2726 1843 2726 1664 2726 1820 2727 1815 2727 1840 2727 1854 2728 1840 2728 1815 2728 2345 2729 1855 2729 1841 2729 1816 2730 1857 2730 1904 2730 1835 2731 2586 2731 1836 2731 1828 2732 2586 2732 1827 2732 1864 2733 2111 2733 1856 2733 1870 2734 2111 2734 1864 2734 1809 2735 846 2735 1776 2735 1758 2736 1864 2736 1759 2736 1831 2737 1887 2737 1830 2737 1725 2738 4940 2738 1865 2738 1856 2739 1759 2739 1864 2739 4942 2740 4940 2740 1724 2740 2704 2741 2709 2741 1867 2741 1858 2742 2110 2742 1871 2742 1871 2743 2111 2743 1870 2743 4973 2744 1182 2744 1774 2744 1864 2745 1758 2745 1870 2745 1879 2746 1873 2746 1893 2746 1757 2747 1870 2747 1758 2747 1833 2748 1890 2748 1834 2748 1877 2749 1893 2749 1876 2749 1876 2750 1893 2750 1880 2750 1860 2751 1819 2751 1861 2751 1814 2752 1819 2752 1866 2752 1860 2753 1866 2754 1819 2755 1838 2756 1861 2756 1819 2756 1842 2757 1861 2758 1838 2759 1875 2760 1893 2760 1873 2760 1879 2761 1893 2761 1881 2761 1764 2762 1871 2762 1757 2762 1870 2763 1757 2763 1871 2763 49 2764 1814 2764 1866 2764 1881 2765 1893 2765 1877 2765 1872 2766 1893 2766 1875 2766 1874 2767 1893 2767 1872 2767 49 2768 1866 2768 1867 2768 49 2769 1867 2770 1869 2771 1885 2772 2111 2772 1884 2772 1882 2773 2111 2773 1885 2773 1856 2774 2111 2774 1882 2774 1903 2775 1905 2775 1717 2775 1169 2776 1883 2776 1886 2776 1759 2777 1856 2777 1763 2777 1856 2778 1882 2778 1763 2778 763 2779 512 2779 470 2779 1738 2780 471 2780 1883 2780 1898 2781 1714 2781 602 2781 1763 2782 1882 2782 1765 2782 1885 2783 1765 2783 1882 2783 1830 2784 1887 2784 1888 2784 1772 2785 1183 2785 1886 2785 1765 2786 1885 2786 1766 2786 1169 2787 1886 2787 1183 2787 440 2788 2088 2788 471 2788 2088 2789 2134 2789 471 2789 1591 2790 1909 2790 1868 2790 1876 2791 3569 2791 1877 2791 1766 2792 1885 2792 1884 2792 1591 2793 1868 2793 1580 2793 1884 2794 2111 2794 1891 2794 1766 2795 1884 2795 1767 2795 1903 2796 1717 2796 1901 2796 1891 2797 1767 2797 1884 2797 1950 2798 1843 2798 1911 2798 1767 2799 1891 2799 1769 2799 1555 2800 1905 2800 1906 2800 1816 2801 1721 2801 1857 2801 1721 2802 1578 2802 1859 2802 1399 2803 1769 2803 1891 2803 1578 2804 1863 2804 1859 2804 1857 2805 1721 2805 1859 2805 2142 2806 1929 2807 2141 2808 468 2809 467 2810 1171 2811 467 2812 1744 2812 1171 2812 1222 2813 1205 2813 1171 2813 1810 2814 1858 2814 1773 2814 1893 2815 1720 2815 1895 2815 1863 2816 1578 2816 1868 2816 1580 2817 1868 2817 1578 2817 1839 2818 1889 2818 1831 2818 1887 2819 1831 2820 1889 2821 1748 2822 1853 2822 1171 2822 1853 2823 1222 2823 1171 2823 1750 2824 1752 2824 1895 2824 1890 2825 1833 2826 1888 2827 2152 2828 2587 2828 1710 2828 1718 2829 1711 2829 1806 2829 1711 2830 1710 2830 1806 2830 1830 2831 1888 2831 1833 2831 1750 2832 1895 2832 1720 2832 1896 2833 1919 2833 1899 2833 700 2834 1834 2834 1890 2834 713 2835 700 2835 1890 2835 1600 2836 1909 2836 1591 2836 1901 2837 1715 2837 1898 2837 1899 2838 15 2838 30 2838 1904 2839 1857 2839 1902 2839 1715 2840 1901 2840 1717 2840 1555 2841 1607 2841 1905 2841 1908 2842 1902 2842 1859 2842 1857 2843 1859 2843 1902 2843 30 2844 0 2844 1899 2844 1896 2845 1899 2845 0 2845 471 2846 1645 2846 440 2846 1907 2847 1816 2847 1904 2847 1299 2848 1555 2848 1906 2848 478 2849 440 2849 1679 2849 509 2850 469 2850 1171 2850 1889 2851 1839 2851 1892 2851 1276 2852 3592 2852 1900 2852 1909 23 1908 23 1863 23 1859 2853 1863 2853 1908 2853 509 2854 1171 2854 1170 2854 1170 2855 1903 2855 509 2855 509 2856 1898 2856 602 2856 1863 2857 1868 2857 1909 2857 1855 2858 1878 2858 1842 2858 1861 2859 1842 2860 1878 2861 1898 2862 509 2862 1901 2862 1901 2863 509 2863 1903 2863 1903 2864 1170 2864 1905 2864 15 2865 1899 2865 1919 2865 1835 2866 1827 2866 2586 2866 1947 2867 1950 2867 1911 2867 1649 2868 1223 2868 1348 2868 1905 2869 1170 2869 1906 2869 2141 2870 1968 2870 2137 2870 1806 2871 1911 2871 1718 2871 1904 2872 1685 2872 1907 2872 1902 2873 1685 2874 1904 2875 1908 2876 1605 2876 1902 2876 1681 2877 1907 2877 1685 2877 1718 2878 1907 2878 1681 2878 1958 2879 2134 2879 1962 2879 1685 2880 1902 2880 1605 2880 1924 2881 1560 2881 1931 2881 1299 2882 1906 2882 1172 2882 1893 2883 1895 2883 1913 2883 1912 2884 1913 2884 1895 2884 1179 2885 1223 2885 1649 2885 1605 2886 1908 2887 1909 2888 1605 2889 1909 2889 1600 2889 1764 2890 1773 2890 1858 2890 1015 2891 1019 2891 1914 2891 1910 2892 1893 2892 1915 2892 1911 2893 1907 2894 1718 2895 1764 2896 1858 2896 1871 2896 1913 2897 1915 2897 1893 2897 2048 2898 2051 2898 1005 2898 1015 2899 1914 2899 1027 2899 1331 2900 1027 2900 1914 2900 40 2901 15 2901 1919 2901 1862 2902 1858 2902 1810 2902 905 2903 1921 2903 903 2903 1550 2904 1922 2904 1916 2904 1923 2905 903 2905 1921 2905 1736 2906 1648 2906 471 2906 1645 2907 471 2907 1648 2907 1027 2908 1331 2908 1334 2908 1848 2909 1845 2909 1794 2909 1105 2910 4797 2910 1642 2910 1642 2911 1019 2911 1105 2911 1645 2912 1679 2912 440 2912 1919 2913 1896 2914 1916 2915 1799 2916 1794 2916 1845 2916 900 2917 903 2917 1923 2917 1789 2918 1850 2918 1794 2918 1019 2919 1642 2919 1914 2919 905 2920 920 2920 1921 2920 1851 2921 1850 2921 1789 2921 1923 2922 1565 2922 900 2922 1642 2923 1663 2923 1914 2923 1928 2924 1676 2925 1925 2926 1894 2927 2141 2927 1929 2927 1663 2928 1669 2928 1914 2928 1848 2929 1794 2930 1849 2931 724 2932 1890 2933 1888 2934 724 2935 1888 2935 1887 2935 1791 2936 1797 2936 1892 2936 1887 2937 1889 2938 1797 2939 1889 2940 1892 2940 1797 2940 724 2941 1887 2941 1797 2941 1669 2942 1675 2942 1914 2942 2144 2943 2143 2943 1932 2943 1849 138 1794 138 1850 138 2142 2944 2144 2945 1929 2946 1932 2947 1929 2947 2144 2947 713 2948 1890 2948 724 2948 1930 2949 2149 2949 1933 2949 1792 2950 1791 2950 1892 2950 1788 2951 1801 2951 1851 2951 1926 2952 1927 2952 1921 2952 1926 2953 1921 2953 1935 2953 1789 2954 1788 2954 1851 2954 1934 2955 1491 2955 1936 2955 1931 2956 1928 2956 1790 2956 1921 2957 920 2957 1935 2957 924 2958 1935 2958 920 2958 1892 2959 1839 2959 1937 2959 40 2960 1919 2960 56 2960 1916 2961 1922 2961 56 2961 1919 2962 1916 2963 56 2964 1512 2965 1500 2965 4126 2965 1792 2966 1892 2966 1937 2966 1703 2967 56 2967 1922 2967 1924 2968 1931 2968 1703 2968 1703 2969 1931 2969 1704 2969 1934 2970 1936 2970 1646 2970 1934 138 1646 138 1937 138 1939 2971 1923 2972 1938 2973 1912 2974 1895 2974 1940 2974 1921 2975 1938 2975 1923 2975 2114 2976 1846 2976 2115 2976 1940 2977 1895 2977 1920 2977 1793 2978 1937 2978 1646 2978 1848 2979 2117 2979 1845 2979 1845 2980 2117 2980 1847 2980 1514 2981 1512 2981 4126 2981 1792 2982 1937 2982 1793 2982 1647 2983 1646 2983 1936 2983 1922 138 1924 138 1703 138 2098 2984 1848 2984 2097 2984 1895 2985 1897 2985 1920 2985 1790 2986 1704 2986 1931 2986 1955 2987 2102 2987 2101 2987 1850 2988 1851 2988 2101 2988 1844 2989 1837 2989 1911 2989 1377 2990 1514 2990 1941 2990 1849 138 1850 138 2097 138 2101 2991 2097 2991 1850 2991 1897 2992 1900 2992 3650 2992 3593 2993 3654 2993 1900 2993 1641 2994 1644 2994 1117 2994 1936 2995 1117 2995 1647 2995 1647 2996 1117 2996 1644 2996 1955 2997 1957 2998 2102 2999 1920 3000 3756 3000 1940 3000 1955 3001 2101 3001 1949 3001 1551 3002 1922 3002 1550 3002 1843 3003 1844 3003 1911 3003 1957 3004 1953 3004 1049 3004 1050 3005 1049 3005 628 3005 1880 3006 1910 3006 3547 3006 1915 3007 3547 3007 1910 3007 1560 3008 1924 3008 1551 3008 1811 3009 1951 3009 1458 3009 1942 3010 2132 3010 1944 3010 1947 3011 1660 3011 1950 3011 1913 3012 3666 3012 1915 3012 1912 3013 3666 3013 1913 3013 1940 3014 3666 3014 1912 3014 1952 3015 627 3015 628 3015 1932 3016 1930 3016 5040 3016 1953 3017 1954 3017 628 3017 1952 3018 628 3018 1954 3018 1104 3019 1951 3019 2248 3019 1944 3020 1660 3020 1947 3020 1930 3021 1933 3021 5040 3021 1893 3022 1719 3022 1720 3022 1664 3023 1950 3023 1660 3023 52 3024 5040 3024 1933 3024 1049 3025 2104 3025 1957 3025 627 3026 1952 3026 1954 3026 627 3027 1954 3027 365 3027 1843 3028 1950 3028 1664 3028 1921 3029 1927 3029 1938 3029 471 3030 2134 3030 1959 3030 365 3031 1954 3031 1953 3031 1957 3032 308 3032 1953 3032 1897 3033 1895 3033 1752 3033 1951 3034 1811 3034 2418 3034 1964 3035 1547 3036 1565 3037 1565 3038 1923 3038 1964 3038 1960 3039 2002 3039 1619 3039 1752 3040 1768 3040 1897 3040 1967 3041 1971 3041 1966 3041 1811 3042 1778 3042 2418 3042 1961 3043 2137 3043 1968 3043 1925 3044 1262 3044 1956 3044 1453 3045 1969 3045 1971 3045 1965 3046 1971 3046 1970 3046 1965 3047 1966 3047 1971 3047 1970 3048 1971 3048 1969 3048 1460 3049 1969 3049 1453 3049 2141 3050 1894 3050 1968 3050 485 3051 1972 3051 476 3051 1963 3052 1964 3052 1923 3052 1738 3053 1736 3053 471 3053 1783 3054 1780 3054 771 3054 1946 3055 4789 3055 1945 3055 1946 3056 1943 3056 4789 3056 1377 3057 1941 3057 1378 3057 1923 3058 1939 3058 1963 3058 2055 3059 1973 3059 1974 3059 1961 3060 1968 3060 1770 3060 1962 3061 1961 3061 1770 3061 1959 3062 1958 3062 1770 3062 1562 3063 1928 3063 1560 3063 1968 3064 1894 3064 1770 3064 1941 3065 1948 3065 1378 3065 4789 3066 1378 3066 1945 3066 1922 138 1551 138 1924 138 1948 3067 1945 3067 1378 3067 1754 3068 1753 3068 1894 3068 1774 3069 1754 3069 1894 3069 1753 3070 1770 3070 1894 3070 1774 3071 1894 3071 5039 3071 5040 3072 5039 3072 1894 3072 2132 3073 2055 3073 1974 3073 1550 3074 1916 3074 1896 3074 2278 3075 2132 3075 1974 3075 1973 3076 2278 3076 1974 3076 1550 3077 1896 3077 0 3077 1378 3078 4789 3078 1379 3078 1883 3079 471 3079 1959 3079 1770 3080 1772 3080 1959 3080 1772 3081 1886 3081 1959 3081 1883 3082 1959 3082 1886 3082 1917 3083 2444 3083 1977 3083 1276 3084 1900 3084 1771 3084 466 3085 478 3085 1734 3085 1971 3086 1967 3086 1984 3086 1971 3087 1984 3087 1975 3087 1782 3088 1771 3088 1900 3088 478 3089 1679 3089 1734 3089 1980 3090 1981 3090 2056 3090 1973 3091 2056 3091 1981 3091 2365 3092 2366 3092 2041 3092 1985 3093 1975 3093 1984 3093 520 3094 466 3094 1729 3094 1734 3095 1729 3095 466 3095 1982 3096 2316 3096 1987 3096 1978 3097 1783 3097 777 3097 1991 3098 1975 3098 1990 3098 1988 3099 1989 3099 1993 3099 1992 3100 1993 3100 1989 3100 1985 3101 1990 3101 1975 3101 1717 3102 1905 3102 1607 3102 1995 3103 1988 3103 1993 3103 1984 3104 1522 3104 1985 3104 1996 3105 1997 3105 1998 3105 1999 3106 1994 3106 1978 3106 2043 3107 2327 3107 2049 3107 1439 3108 1441 3108 1607 3108 1978 3109 2000 3109 1999 3109 1979 3110 2014 3110 1991 3110 2269 3111 2007 3111 2008 3111 1978 3112 777 3112 2001 3112 1978 3113 2001 3113 2000 3113 1995 3114 1996 3114 1988 3114 1998 3115 1988 3115 1996 3115 1447 3116 1439 3116 1607 3116 1829 3117 1611 3117 1987 3117 2275 3118 2276 3118 2010 3118 2010 3119 2007 3119 2275 3119 1522 3120 2111 3120 1990 3120 775 3121 2001 3121 777 3121 1992 3122 1989 3122 2005 3122 2002 3123 2005 3123 1989 3123 1966 3124 1522 3124 1967 3124 1984 3125 1967 3125 1522 3125 2002 3126 2003 3126 2005 3126 1778 3127 1978 3127 2416 3127 2011 3128 2309 3128 2021 3128 1309 3129 2021 3129 2309 3129 1524 3130 1536 3130 1970 3130 1778 3131 1783 3131 1978 3131 1989 3132 1643 3132 1638 3132 777 3133 1783 3133 771 3133 1549 3134 1524 3134 1969 3134 1989 3135 1638 3135 2002 3135 2040 3136 2337 3136 2044 3136 2207 3137 1599 3137 1971 3137 736 3138 735 3138 2598 3138 2598 3139 735 3139 2936 3139 1988 3140 1662 3140 1989 3140 2049 3141 2269 3141 2008 3141 1721 3142 1988 3142 1998 3142 2023 3143 2016 3143 2017 3143 2453 3144 2012 3144 2013 3144 2023 3145 2014 3145 2016 3145 1979 3146 2016 3146 2014 3146 2021 3147 1309 3147 1722 3147 2026 3148 2028 3148 2020 3148 2453 3149 2027 3149 2012 3149 2017 3150 2032 3150 2023 3150 2025 3151 2029 3151 2030 3151 4190 3152 4198 3152 2031 3152 2010 3153 2011 3153 1324 3153 2030 3154 2009 3154 2025 3154 2056 3155 1986 3155 1980 3155 2008 3156 2007 3156 1324 3156 2007 3157 2010 3157 1324 3157 1324 3158 2021 3158 1290 3158 2011 3159 2021 3159 1324 3159 1722 3160 1716 3160 2021 3160 1716 3161 1290 3161 2021 3161 2030 3162 2015 3162 2009 3162 2018 3163 1996 3163 2019 3163 2018 3163 2022 3163 1996 3163 2037 3163 2019 3163 1993 3163 1997 3164 1996 3164 2022 3164 2027 3165 2440 3165 2039 3165 2024 3163 2031 3163 1997 3163 2022 3166 2024 3166 1997 3166 2031 3163 2033 3163 1997 3163 1865 3167 2356 3167 2041 3167 1995 3168 1993 3168 2019 3168 1992 3163 2096 3163 1993 3163 1996 3169 1995 3169 2019 3169 2042 3170 1986 3170 2062 3170 2056 3171 2062 3171 1986 3171 2035 3172 2427 3172 2038 3172 2038 3173 2427 3173 2047 3173 2046 3174 3880 3174 2053 3174 2053 3175 2081 3175 2046 3175 2002 3176 1960 3176 2062 3176 1006 3177 1005 3177 2051 3177 2009 3178 2426 3178 2054 3178 2023 3179 2036 3179 916 3179 2057 3180 2058 3180 2055 3180 2045 3181 2025 3181 2009 3181 2056 3182 2055 3182 2058 3182 2058 3183 2059 3183 2056 3183 2072 3184 2034 3184 745 3184 740 3185 745 3185 2034 3185 2072 3186 2071 3186 2034 3186 2035 3187 2034 3187 2071 3187 2017 3188 2016 3188 2098 3188 2060 3189 2061 3189 2062 3189 2054 3190 2045 3190 2009 3190 1956 3191 1188 3191 1373 3191 2061 3192 2063 3192 2062 3192 2057 3193 2078 3193 2099 3193 2032 3194 2036 3194 2023 3194 2062 3195 2056 3195 2060 3195 2059 3196 2060 3196 2056 3196 2072 3197 745 3197 753 3197 2063 3198 2003 3198 2002 3198 916 3199 2211 3199 2023 3199 1373 3200 1370 3200 1956 3200 2002 3201 2062 3201 2063 3201 1956 3202 1370 3202 1925 3202 2042 3203 2062 3203 1960 3203 2056 3204 1973 3204 2055 3204 1072 3205 2211 3205 916 3205 2050 3206 2436 3206 2066 3206 2436 3207 2437 3207 2065 3207 2066 3208 2436 3208 2065 3208 709 3209 2371 3209 2030 3209 2029 3210 709 3210 2030 3210 2050 3211 2428 3211 2436 3211 1790 3212 1928 3212 1784 3212 1975 3213 1991 3213 2014 3213 1925 3214 1370 3215 1928 3216 2073 3217 1741 3217 2070 3217 2151 3218 2180 3218 2070 3218 1741 3219 2073 3219 1852 3219 1862 3220 2110 3220 1858 3220 1523 3221 1536 3221 1399 3221 753 3222 758 3222 2072 3222 2071 3223 2072 3223 758 3223 4024 3224 2069 3224 2077 3224 2076 3225 2077 3225 2069 3225 2057 3226 2055 3227 2078 3228 2075 3229 2078 3229 2055 3229 2075 3230 2079 3230 2078 3230 2199 3231 2083 3232 2074 3233 2075 3234 2074 3234 2083 3234 2157 3235 2158 3235 2236 3235 2158 3236 2080 3236 2236 3236 2083 3237 2079 3237 2075 3237 2085 3238 2067 3238 2084 3238 2069 3239 2080 3239 2076 3239 2064 3240 2413 3241 2065 3242 1953 3243 628 3243 1049 3243 2065 3244 1994 3244 2066 3244 3354 3245 2086 3245 2067 3245 3551 3246 2082 3246 2081 3246 2092 3247 523 3247 2090 3247 775 3248 2034 3248 2038 3248 2131 3249 2093 3249 2087 3249 3551 3250 3550 3250 2082 3250 775 3251 740 3251 2034 3251 2090 3252 522 3253 2095 3254 2115 3255 1847 3255 2117 3255 2095 3256 528 3256 2096 3256 775 3257 2038 3257 2047 3257 2050 3258 2066 3258 2000 3258 1999 3259 2000 3259 2066 3259 2047 3260 2050 3261 2000 3262 2001 3263 2047 3263 2000 3263 775 3264 2047 3265 2001 3266 2117 3267 1848 3267 2098 3267 1849 3268 2097 3269 1848 3270 532 3271 533 3271 2100 3271 2099 3272 2100 3272 533 3272 542 3273 2099 3273 533 3273 1994 3274 1999 3274 2066 3274 532 3275 2100 3275 2088 3275 1139 3276 1132 3276 1324 3276 2049 3277 2008 3277 1787 3277 2040 3278 2044 3278 1787 3278 2102 3279 1957 3279 2104 3279 1781 3280 1787 3280 2008 3280 1782 3281 1781 3281 2008 3281 1771 3282 1782 3282 2008 3282 531 3283 539 3283 2096 3283 1618 3284 2104 3284 1049 3284 2165 3285 2185 3285 763 3285 1324 3286 1771 3286 2008 3286 2273 3287 943 3287 2046 3287 1091 3288 2046 3288 943 3288 2083 3289 2199 3289 2088 3289 2058 3163 2057 3163 2099 3163 2100 3163 2099 3163 2079 3163 2078 3290 2079 3290 2099 3290 2088 3291 2100 3291 2079 3291 2083 3163 2088 3163 2079 3163 2082 3292 2046 3292 2081 3292 2099 3293 2105 3293 2058 3293 2105 3294 2094 3294 2058 3294 2085 3295 2106 3295 2067 3295 2068 3296 2067 3296 2106 3296 2063 3297 2061 3297 2090 3297 2090 3163 2095 3163 2063 3163 2003 3163 2063 3163 2095 3163 2098 3298 2097 3298 986 3298 2097 3299 2101 3299 986 3299 2102 3300 986 3300 2101 3300 2061 3301 2060 3301 2090 3301 2085 3302 2084 3302 2106 3302 2104 3303 988 3303 2102 3303 1618 3304 1581 3304 2104 3304 2095 3163 2096 3163 2003 3163 2096 3305 2005 3305 2003 3305 2005 3163 2096 3163 1992 3163 2094 3163 2092 3163 2059 3163 2059 3306 2058 3306 2094 3306 2060 3307 2059 3307 2092 3307 2106 3308 2108 3308 2068 3308 2037 3309 1993 3309 2096 3309 2111 3310 1871 3310 2110 3310 2188 3311 2109 3311 2020 3311 2026 3312 2020 3312 2109 3312 1862 3313 2114 3313 2110 3313 2092 3314 2090 3314 2060 3314 1743 3315 1733 3315 2113 3315 2112 3316 2113 3316 2068 3316 2185 3317 2107 3317 768 3317 754 3318 768 3318 2107 3318 2200 3319 2199 3319 2116 3319 2115 3320 2117 3320 2016 3320 2116 3321 2118 3321 2119 3321 2116 3322 2119 3322 2200 3322 2152 3323 1743 3323 2113 3323 2118 3324 2120 3324 2119 3324 2036 3325 2098 3325 914 3325 2114 3326 2115 3326 2016 3326 2110 3327 2114 3327 2016 3327 2117 3328 2098 3328 2016 3328 2111 3329 2110 3329 2016 3329 2161 3330 2087 3330 4400 3330 2122 3331 2123 3331 2121 3331 2118 3332 2121 3332 2123 3332 2123 3333 2120 3333 2118 3333 1384 3334 1798 3334 2202 3334 2108 3335 2112 3335 2068 3335 2032 3336 2017 3336 2098 3336 2036 3337 2032 3337 2098 3337 986 3338 914 3338 2098 3338 2124 3339 2125 3339 2074 3339 4263 3340 4461 3340 2089 3340 1991 3341 1990 3341 2111 3341 2202 3342 2164 3342 1384 3342 3645 3343 3667 3343 2118 3343 2016 3344 1979 3344 2111 3344 2124 3345 2281 3345 2125 3345 2121 3346 2126 3346 2127 3346 2121 3347 2127 3347 2122 3347 1991 3348 2111 3348 1979 3348 2126 3349 2128 3349 2127 3349 2091 3350 2046 3350 2082 3350 1990 3351 1985 3351 1522 3351 1522 3352 1966 3352 1523 3352 1966 3353 1965 3353 1523 3353 1536 3354 1523 3354 1965 3354 2126 3355 2130 3355 2128 3355 1965 3356 1970 3356 1536 3356 2074 3357 2075 3357 2124 3357 2129 3358 2124 3358 2075 3358 2089 3359 2093 3359 2131 3359 2131 3360 2087 3360 2162 3360 1761 3361 1384 3361 1762 3361 2185 36 2188 36 2107 36 1958 3362 1959 3362 2134 3362 2055 3363 2132 3363 2133 3363 1962 3364 2136 3364 1961 3364 2137 3365 1961 3365 2136 3365 2417 3366 829 3366 2139 3366 2140 3367 2034 3367 2035 3367 1962 3368 2134 3368 2136 3368 2154 3369 2155 3369 883 3369 2192 3370 2197 3370 883 3370 2131 3371 218 3371 4728 3371 2131 3372 2162 3372 218 3372 2138 3373 715 3373 2139 3373 2055 3374 2133 3374 2075 3374 2129 3375 2075 3375 2133 3375 1930 3376 1932 3376 2143 3376 2154 3377 1727 3377 714 3377 1930 3378 2143 3379 2149 3380 2197 3381 2198 3381 883 3381 2103 3382 3354 3382 2152 3382 2123 3383 2137 3383 2120 3383 2127 3163 2137 3163 2122 3163 2122 3163 2137 3163 2123 3163 2128 3384 2142 3384 2127 3384 2130 3163 2144 3163 2128 3163 2119 3163 2120 3163 2134 3163 368 3385 626 3385 2070 3385 2088 3386 2200 3386 2134 3386 2134 3387 2120 3387 2136 3387 2156 3388 883 3388 2155 3388 2156 3389 2191 3389 883 3389 3619 3390 3620 3390 4528 3390 716 3391 2155 3391 717 3391 2069 3392 2236 3392 2080 3392 2155 3393 2154 3393 717 3393 2137 3394 2127 3394 2141 3394 2155 3395 716 3395 2156 3395 723 3396 2156 3396 716 3396 2141 3294 2127 3294 2142 3294 2038 3397 2140 3397 2035 3397 2034 3398 2140 3398 2038 3398 2020 3399 2107 3399 2188 3399 2087 3400 2161 3400 2162 3400 1762 3401 1384 3401 2164 3401 2093 3402 4393 3402 2087 3402 2073 3403 2160 3403 2163 3403 763 3404 470 3404 2165 3404 768 3405 763 3405 2185 3405 2167 3406 2171 3406 2166 3406 2168 3407 2166 3407 2171 3407 2073 3408 2170 3408 2461 3408 2171 3409 2162 3409 2168 3409 2004 3410 2461 3410 2170 3410 2161 3411 2168 3411 2162 3411 470 36 2169 36 2165 36 2188 36 2165 36 2169 36 2184 3412 2172 3412 2183 3412 2175 3413 2183 3413 2172 3413 2163 3414 2170 3414 2073 3414 2179 3415 2169 3415 2177 3415 476 3416 1972 3416 2169 3416 2169 3417 2179 3417 2181 3417 2181 3418 2195 3418 2169 3418 5155 3419 2499 3419 2135 3419 2183 3420 2175 3420 3637 3420 2184 3421 2183 3421 3640 3421 3637 3422 3640 3422 2183 3422 2073 3423 2070 3423 2180 3423 2282 3424 2178 3425 2291 3426 2676 3427 5063 3427 3080 3427 2190 3428 2293 3428 2189 3428 2192 3429 883 3429 2191 3429 2165 36 2188 36 2185 36 2191 3430 722 3430 2192 3430 3640 3431 3639 3431 2184 3431 35 3432 3114 3432 20 3432 721 3433 2192 3433 722 3433 2196 3434 2188 3434 2195 3434 2188 3435 2169 3435 2195 3435 2138 3436 883 3436 2198 3436 2188 3437 2196 3437 2109 3437 59 3438 64 3438 3723 3438 3723 3439 3960 3439 59 3439 718 3440 2198 3440 719 3440 2074 3441 2116 3441 2199 3441 2197 3442 719 3442 2198 3442 2119 3443 2134 3443 2200 3443 2200 3444 2088 3444 2199 3444 2192 3445 721 3445 2197 3445 2190 3446 2202 3446 2293 3446 722 3447 2191 3447 723 3447 2176 3448 2169 3449 2204 3450 2177 3451 2169 3451 2176 3451 2156 3452 723 3452 2191 3452 2302 3453 2297 3453 2205 3453 718 3454 2138 3454 2198 3454 2204 3455 2169 3455 2206 3455 2205 3456 2186 3456 2302 3456 964 3457 2208 3457 2203 3457 851 23 964 23 2203 23 2169 3458 470 3458 476 3458 2209 3459 1971 3459 1975 3459 2206 3460 2169 3460 1972 3460 2174 3461 2091 3461 2006 3461 2013 3462 2193 3462 2006 3462 2012 3463 2194 3463 2013 3463 2027 3464 2194 3464 2012 3464 60 3465 3115 3465 3114 3465 2207 3466 1971 3466 2209 3466 2039 3467 2194 3467 2027 3467 2174 3468 2006 3468 2193 3468 60 3469 220 3469 3723 3469 735 3470 788 3470 2936 3470 2209 3471 744 3471 2207 3471 2182 3472 2039 3472 2178 3472 2182 3473 2186 3473 2039 3473 1488 3474 2190 3474 2039 3474 749 3475 750 3475 2209 3475 2216 3476 2217 3476 2212 3476 2936 3477 788 3477 901 3477 2210 3478 2218 3478 2213 3478 2214 3479 2212 3479 2217 3479 749 3480 2209 3480 2215 3480 2189 3481 2039 3481 2190 3481 2178 3482 2039 3482 2189 3482 2221 3483 779 3483 2107 3483 754 3484 2107 3484 779 3484 2220 3485 2212 3485 2219 3485 2216 3486 2212 3486 2220 3486 2193 3487 2013 3487 2194 3487 2194 3488 2039 3488 2205 3488 2020 3489 2223 3489 2107 3489 2221 36 2107 36 2223 36 2190 3490 1488 3490 2202 3490 2223 3491 2020 3491 2226 3491 2028 3492 2226 3492 2020 3492 2209 3493 1975 3493 2215 3493 2186 3494 2205 3494 2039 3494 2208 23 2246 23 2229 23 744 3495 2209 3495 747 3495 2014 3496 2215 3496 1975 3496 2202 3497 1488 3497 2164 3497 2023 3498 2211 3498 2215 3498 2227 3499 2836 3499 2224 3499 2233 3500 3065 3500 798 3500 2232 3501 3065 3501 2233 3501 2162 3502 326 3502 218 3502 2228 3503 2212 3503 2230 3503 2233 3504 798 3504 811 3504 1490 3505 1977 3505 1976 3505 1490 3506 1976 3506 1983 3506 1982 3507 1987 3507 1983 3507 1490 3508 1983 3508 1987 3508 1611 3509 1617 3509 1987 3509 2162 3510 332 3510 326 3510 2231 3511 2203 3511 2229 3511 2203 3512 2208 3512 2229 3512 2214 3513 2230 3513 2212 3513 2171 3514 332 3514 2162 3514 1488 3515 2039 3515 1490 3515 2039 3516 1918 3516 1490 3516 1917 3517 1490 3517 1918 3517 1977 3518 1490 3518 1917 3518 2174 3519 2273 3519 2091 3519 2171 3520 2251 3520 332 3520 1666 3521 1659 3521 2212 3521 2283 3522 2182 3522 2282 3522 2232 3523 2233 3523 939 3523 2178 3524 2282 3524 2182 3524 2148 3525 2150 3525 2166 3525 2212 3526 2228 3526 1666 3526 811 3527 939 3527 2233 3527 2161 3528 4400 3528 2168 3528 2189 3529 2291 3529 2178 3529 801 3530 779 3530 2237 3530 2228 3531 2230 3531 2234 3531 2291 3532 2189 3532 2293 3532 2236 3533 1227 3533 1353 3533 2235 3534 2225 3534 2246 3534 2297 3535 2298 3536 2194 3537 3458 3538 801 3538 2237 3538 2239 3539 2228 3539 2238 3539 2225 3540 2229 3540 2246 3540 2194 3541 2205 3541 2297 3541 2240 3542 3461 3542 3458 3542 2236 3543 2069 3543 1227 3543 2234 3544 2238 3544 2228 3544 2242 3545 2235 3545 2247 3545 3458 3546 2237 3546 2240 3546 2223 3547 2240 3547 2237 3547 2223 3548 2237 3548 2221 3548 2228 3549 2239 3549 2224 3549 2240 3550 2223 3550 2243 3550 2293 3551 2202 3551 1798 3551 2246 3552 2213 3552 2218 3552 2221 3553 2237 3553 779 3553 2244 3554 2245 3554 2241 3554 2222 3555 2247 3555 2218 3555 2218 3556 2235 3556 2246 3556 2227 3557 2224 3557 2239 3557 2226 3558 2243 3558 2223 3558 2247 23 2235 23 2218 23 2836 3559 2838 3559 2249 3559 2836 3560 2249 3560 2224 3560 115 3561 2244 3561 125 3561 2241 3562 125 3562 2244 3562 2251 3563 2250 3563 2252 3563 82 3564 2251 3564 2252 3564 1951 3565 2418 3565 2248 3565 2300 3566 2250 3566 2251 3566 2249 3567 2255 3567 2224 3567 2253 3568 2254 3568 2248 3568 2014 3569 2023 3569 2215 3569 2182 3570 2283 3570 2186 3570 1666 3571 2228 3571 2224 3571 2418 3572 2421 3572 2248 3572 2224 3573 1737 3573 1666 3573 2252 3574 76 3574 82 3574 2257 3575 2253 3575 2248 3575 2224 3576 2255 3576 1737 3576 2210 23 2213 23 2256 23 2263 3577 2267 3577 2262 3577 2261 3578 2262 3578 2267 3578 2255 3579 2264 3579 2265 3579 1737 3580 2255 3580 1749 3580 2265 3581 1749 3581 2255 3581 2298 3582 2273 3582 2193 3582 2255 3583 2260 3583 2264 3583 2213 3584 2274 3584 2256 3584 1981 3585 1980 3585 2278 3585 1980 3586 1986 3586 2278 3586 2042 3587 2278 3587 1986 3587 2268 23 2256 23 2295 23 2046 3588 2091 3588 2273 3588 2277 3589 2010 3589 2276 3589 2011 3590 2010 3590 2308 3590 747 3591 2209 3591 750 3591 2279 3592 2567 3592 2187 3592 2215 3593 2280 3593 749 3593 2157 3594 2236 3594 2263 3594 2267 3595 2263 3595 2236 3595 2281 3596 2567 3596 2279 3596 1072 3597 1083 3597 2284 3597 1072 3598 2284 3598 2211 3598 2287 3599 2241 3599 2285 3599 2590 3600 2570 3600 2288 3600 2186 3601 2283 3602 2289 3603 2245 3604 2285 3604 2241 3604 2356 3605 2357 3605 2041 3605 2358 3606 2041 3606 2357 3606 2332 3607 2043 3607 2044 3607 2241 3608 2287 3608 2267 3608 1981 3609 2278 3609 1973 3609 2332 3610 2327 3610 2043 3610 2193 3611 2194 3611 2298 3611 2261 3612 2267 3612 2287 3612 2256 3613 2960 3613 2295 3613 2332 3614 2044 3614 2333 3614 3089 23 2959 23 2274 23 2299 3615 2300 3615 2251 3615 2174 3616 2193 3616 2273 3616 2387 3617 2292 3617 2294 3617 2294 3618 2296 3618 2387 3618 2007 3619 2269 3620 2271 3621 2288 3622 2286 3622 2133 3622 2133 3623 2132 3623 2288 3623 2290 3624 2211 3624 2284 3624 2277 3625 2308 3625 2010 3625 2187 3626 2125 3626 2279 3626 2251 3627 2171 3627 2299 3627 2167 3628 2299 3628 2171 3628 2007 3629 2271 3630 2275 3631 2211 3632 2290 3632 2303 3632 2211 3633 2303 3633 2304 3633 2186 3634 2289 3635 2302 3634 2383 3636 2303 3636 2290 3636 2303 3637 2383 3637 2304 3637 2129 3638 2133 3638 2286 3638 2309 3639 2307 3639 1309 3639 2251 3640 82 3640 404 3640 2305 3641 2215 3641 2304 3641 2280 3642 2215 3642 2305 3642 2211 3643 2304 3643 2215 3643 1032 3644 1802 3644 924 3644 2279 3645 2125 3645 2281 3645 332 3646 2251 3646 404 3646 2011 3647 2308 3648 2309 3649 2281 3650 2124 3650 2286 3650 831 3651 2417 3651 2406 3651 2124 3652 2129 3652 2286 3652 2258 3653 3653 3653 2259 3653 2264 3654 2260 3654 2276 3654 924 3655 1802 3655 1935 3655 2277 3656 2276 3656 2260 3656 1964 3657 1935 3657 1802 3657 1547 3658 1964 3658 1802 3658 82 3659 138 3659 404 3659 2294 3660 2292 3660 2306 3660 2265 3661 2264 3662 2276 3663 2294 3664 2306 3664 2296 3664 2462 3665 2296 3665 2306 3665 2236 3666 1353 3666 1407 3666 1963 3667 1938 3667 1964 3667 1939 3668 1938 3669 1963 3670 1938 3671 1926 3672 1964 3673 1927 3674 1926 3675 1938 3676 1935 3677 1964 3677 1926 3677 1960 3678 1619 3678 2278 3678 1960 3679 2278 3679 2042 3679 2236 3680 1407 3680 2267 3680 2321 3681 2317 3681 835 3681 883 3682 2138 3682 829 3682 3424 3683 3423 3683 2307 3683 2152 3684 2113 3684 2103 3684 829 3685 2417 3685 831 3685 1033 3686 1020 3687 2298 3688 2267 3689 1424 3689 2241 3689 832 3690 831 3690 2407 3690 2147 3691 2146 3691 2567 3691 2172 3692 2567 3692 2146 3692 2289 3693 2283 3694 1032 3695 1407 3696 1424 3696 2267 3696 832 3697 2410 3697 835 3697 838 3698 839 3698 2323 3698 1032 3699 2283 3699 2282 3699 2282 3700 2291 3701 1032 3702 1032 3703 2291 3703 1802 3703 2241 3704 1424 3704 2 3704 3718 3705 3715 3706 2257 3707 2326 3708 2330 3708 842 3708 2 3709 125 3709 2241 3709 2073 3710 2180 3710 2160 3710 2289 3711 1032 3712 2302 3713 1033 3714 2297 3714 1032 3714 2293 3715 1802 3715 2291 3715 2311 3716 1117 3716 1485 3716 2334 3717 2311 3717 1485 3717 1033 3718 2298 3719 2297 3720 4658 3721 4650 3721 2145 3721 1802 3722 2293 3722 1798 3722 2378 3723 2150 3723 2148 3723 2310 3724 2415 3724 2313 3724 1082 3725 2331 3725 1083 3725 2302 3726 1032 3726 2297 3726 2331 3727 1082 3728 2334 3729 4098 3730 2258 3730 2312 3730 2259 3731 2312 3731 2258 3731 2277 3732 2671 3732 2308 3732 2259 3733 2266 3733 2312 3733 2509 3734 2312 3734 2266 3734 1640 3735 2311 3735 2334 3735 1640 3736 1641 3736 2311 3736 2266 3737 2272 3737 2509 3737 2308 3738 2660 3739 2309 3740 2407 3741 831 3741 2406 3741 2316 3742 1828 3742 1829 3742 1827 3743 1829 3743 1828 3743 2270 3744 1749 3744 2269 3744 2271 3745 2269 3746 1749 3747 2265 3748 2271 3748 1749 3748 2318 3749 2319 3749 2315 3749 2276 3750 2275 3750 2265 3750 2315 3751 2319 3751 2322 3751 2271 3752 2265 3753 2275 3754 1828 3755 2316 3755 2320 3755 2323 3756 835 3756 2317 3756 2325 3757 2429 3757 2324 3757 1976 3758 1977 3758 2444 3758 2444 3759 2316 3759 1983 3759 1982 3760 1983 3760 2316 3760 2269 3761 2049 3761 2270 3761 1829 3762 1987 3762 2316 3762 843 3763 842 3763 2331 3763 2326 3764 842 3764 2323 3764 4669 3765 3431 3765 2333 3765 842 3766 838 3766 2323 3766 1983 3767 1976 3767 2444 3767 2335 3768 2433 3768 67 3768 2329 3769 2433 3769 2335 3769 2335 3770 67 3770 72 3770 4074 3771 2528 3771 2328 3771 2337 3772 2040 3772 2336 3772 2439 3773 2443 3773 2341 3773 2439 3774 2341 3774 2342 3774 2439 3775 2342 3775 2361 3775 2337 3776 2333 3776 2044 3776 3335 3777 2345 3777 2346 3777 2270 3778 2049 3778 2327 3778 2609 3779 68 3779 2314 3779 1709 3780 2333 3780 1707 3780 2336 3781 1707 3781 2337 3781 76 3782 2252 3782 2324 3782 2329 3783 76 3783 2324 3783 2325 3784 2324 3784 2252 3784 2250 3785 2341 3785 2252 3785 1746 3786 1745 3786 2333 3786 1745 3787 4669 3787 2333 3787 2300 3788 2341 3788 2250 3788 2353 3789 2347 3789 2352 3789 2337 3790 1707 3790 2333 3790 2354 3791 2352 3791 2347 3791 76 3792 2329 3792 2335 3792 76 3793 2335 3793 72 3793 2354 3794 2347 3794 2344 3794 2325 3795 2252 3795 2341 3795 2300 3796 2342 3796 2341 3796 2356 3797 1684 3797 2357 3797 2352 3798 2374 3798 2353 3798 2354 3799 2344 3799 2360 3799 2172 3800 2187 3800 2567 3800 2359 3801 2360 3801 2344 3801 2150 3802 2438 3802 2361 3802 2402 3803 2363 3803 2301 3803 2357 3804 1683 3804 2358 3804 1698 3805 2358 3805 1683 3805 1944 3806 2587 3806 1942 3806 2584 3807 1942 3807 2587 3807 2041 3808 2364 3808 2365 3808 2336 3809 2040 3809 2366 3809 2040 3810 2041 3810 2366 3810 2581 3811 2379 3812 2584 3813 2366 3814 2365 3814 1689 3814 2366 3815 1689 3815 1688 3815 2363 3816 3716 3816 2362 3816 2569 3817 2567 3817 2281 3817 2167 3818 2150 3818 2299 3818 1689 3819 2365 3819 1690 3819 2364 3820 1690 3820 2365 3820 2569 3821 2281 3821 2286 3821 2313 3822 2009 3822 2015 3822 2359 3823 2344 3823 2367 3823 2301 3824 2367 3824 2344 3824 2361 3825 2342 3825 2299 3825 2300 3826 2299 3826 2342 3826 2369 3827 2041 3827 2368 3827 2370 3828 2041 3828 2369 3828 2358 3829 2368 3829 2041 3829 2362 3830 2367 3830 2301 3830 1911 3831 1806 3831 1947 3831 2587 3832 1947 3832 1806 3832 1944 3833 1947 3833 2587 3833 1691 3834 2370 3834 1692 3834 2369 3835 1692 3835 2370 3835 2166 3836 2150 3836 2167 3836 2361 3837 2299 3837 2150 3837 2041 3838 2370 3838 2364 3838 2371 3839 709 3839 2419 3839 710 3840 2419 3840 709 3840 2364 3841 2370 3841 1691 3841 2364 3842 1691 3842 1690 3842 3828 3843 2203 3843 2347 3843 2369 3844 1695 3844 1692 3844 2611 3845 2609 3845 2315 3845 1695 3846 2369 3846 2368 3846 2379 3847 2581 3847 2380 3847 2611 3848 2315 3848 2373 3848 2322 3849 2373 3850 2315 3851 2347 3852 2353 3852 3828 3852 1695 3853 2368 3853 1698 3853 2380 3854 2580 3854 2381 3854 68 3855 2609 3855 135 3855 2358 3856 1698 3856 2368 3856 1680 3857 2336 3857 1688 3857 2366 3858 1688 3858 2336 3858 2288 3859 2381 3859 2590 3859 2310 3860 2313 3860 2372 3860 2373 3861 2377 3861 2611 3861 1742 3862 2270 3862 1745 3862 2580 3863 2380 3863 2581 3863 2327 3864 3431 3864 1745 3864 2582 3865 2381 3866 2580 3867 2372 3868 2371 3868 2419 3868 2327 3869 1745 3869 2270 3869 1942 3870 2584 3870 2379 3870 2150 3871 2378 3871 2382 3871 2582 3872 2590 3872 2381 3872 2239 3873 2238 3873 2408 3873 2135 3874 2408 3874 2238 3874 2230 3875 2135 3875 2234 3875 2214 3876 2135 3876 2230 3876 2330 3877 1083 3877 2331 3877 2382 3878 2378 3878 2262 3878 2290 3879 2284 3879 2383 3879 1083 3880 2330 3880 2284 3880 2376 3881 2375 3881 2352 3881 2375 3882 2374 3883 2352 3884 2435 3885 2376 3885 2360 3885 2352 3886 2354 3886 2376 3886 2330 3887 2326 3887 2284 3887 2367 3888 3716 3888 2359 3888 2362 3889 3716 3889 2367 3889 2388 3890 2509 3890 2387 3890 2394 3891 2676 3891 2393 3891 765 3892 2385 3892 891 3892 2396 3893 2676 3893 2394 3893 2397 3894 2676 3894 2396 3894 2383 3895 2284 3895 2326 3895 2392 3896 2676 3896 2400 3896 2392 3897 2393 3897 2676 3897 2383 3898 2317 3898 2305 3898 2383 3899 2305 3899 2304 3899 2676 3900 2397 3900 2389 3900 2389 3901 2390 3901 2676 3901 5084 3902 5063 3902 2401 3902 2390 3903 2401 3903 2676 3903 2716 3904 2698 3904 2402 3904 2399 3905 2400 3905 2676 3905 2372 3906 2030 3906 2371 3906 2398 3907 2514 3907 2388 3907 2317 3908 2321 3908 2305 3908 2015 3909 2030 3909 2313 3909 2313 3910 2030 3910 2372 3910 2398 3911 2404 3911 2514 3911 2405 3912 2514 3912 2404 3912 2135 3913 2499 3913 2408 3913 2407 3914 2410 3915 832 3916 2321 3917 835 3917 2410 3917 705 3918 626 3918 2170 3918 2004 3919 2170 3919 743 3919 2387 3920 2296 3920 2388 3920 2305 3921 2321 3921 2280 3921 749 3922 2410 3922 750 3922 2170 3923 2163 3923 705 3923 2163 3924 2180 3924 705 3924 2160 3925 2180 3925 2163 3925 2180 3926 2151 3926 705 3926 2406 3927 750 3927 2407 3927 2412 3928 2402 3928 2411 3928 2407 3929 750 3929 2410 3929 2280 3930 2321 3930 749 3930 2378 3931 4650 3931 2157 3931 2410 3932 749 3932 2321 3932 2419 3933 2415 3933 2372 3933 2310 3934 2372 3934 2415 3934 2413 3935 2414 3935 2416 3935 2009 3936 2313 3936 2415 3936 2263 3937 2262 3937 2378 3937 2413 3938 2416 3938 1994 3938 1978 3939 1994 3939 2416 3939 2263 3940 2378 3940 2157 3940 744 3941 2406 3941 741 3941 2139 3942 741 3942 2417 3942 747 3943 2406 3943 744 3943 2418 3944 1778 3944 2416 3944 2417 3945 741 3945 2406 3945 2158 3946 2157 3946 4650 3946 710 3947 935 3947 2419 3947 2402 3948 2395 3948 2411 3948 835 3949 2323 3949 839 3949 2585 3950 2565 3950 2351 3950 935 3951 938 3951 2419 3951 2418 3952 2420 3952 2421 3952 2257 3953 2248 3953 2421 3953 2330 3954 2331 3954 842 3954 2403 3955 2411 3955 2395 3955 2362 3956 2301 3956 2363 3956 2420 3957 2418 3957 2422 3957 2415 3958 2419 3958 2424 3958 2586 3959 2585 3959 2351 3959 2418 3960 2416 3960 2422 3960 2414 3961 2422 3961 2416 3961 2363 3962 2402 3962 2423 3962 2425 3963 2318 3964 2315 3965 2586 3966 2340 3966 2339 3966 843 3967 2334 3967 846 3967 2331 3968 2334 3969 843 3970 1485 3971 846 3971 2334 3971 2340 3972 2586 3973 2343 3974 2428 3975 2047 3975 2427 3975 2415 3976 2424 3976 2426 3976 1841 3977 2586 3977 2345 3977 2346 3978 2345 3978 2586 3978 2412 3979 2423 3979 2402 3979 2430 3980 2324 3980 2429 3980 2050 3981 2047 3982 2428 3983 2472 3984 2473 3984 2317 3984 2339 3985 2346 3986 2586 3987 2426 3988 2009 3988 2415 3988 2323 3989 2317 3989 2474 3989 2351 3990 2355 3990 2586 3990 2474 3991 2475 3991 2323 3991 2341 3992 2431 3992 2325 3992 2429 3993 2325 3994 2431 3995 2419 3996 938 3996 2424 3996 1842 3997 1841 3997 1855 3997 2383 3998 2478 3998 2317 3998 2324 3999 2430 3999 2329 3999 2065 4000 2447 4001 2064 4002 2343 4003 2586 4004 2355 4005 2433 4006 2329 4007 2430 4008 1841 4009 1836 4009 2586 4009 88 4010 67 4010 2433 4010 2438 4011 2150 4011 2382 4011 2432 4012 2434 4013 3716 4014 2434 4015 2435 4015 3716 4015 2490 4016 2470 4016 2320 4016 1828 4017 2320 4017 2586 4017 2427 4018 2384 4018 2428 4018 2384 4019 2386 4019 2441 4019 2405 4020 2441 4020 2386 4020 2404 4021 2441 4021 2405 4021 2439 4022 2361 4023 2438 4024 2360 4025 3716 4025 2435 4025 2384 4026 2441 4026 2428 4026 2354 4027 2360 4027 2376 4027 2478 4028 2383 4028 2477 4028 2431 4029 2341 4029 2443 4029 2444 4030 1917 4030 2440 4030 1918 4031 2440 4031 1917 4031 2360 4032 2359 4032 3716 4032 123 4033 2549 4033 68 4033 2441 4034 2437 4034 2436 4034 2436 4035 2428 4035 2441 4035 2423 4036 3717 4036 2363 4036 2262 4037 2261 4037 2382 4037 2287 4038 2439 4038 2261 4038 2296 4039 2064 4039 2447 4039 2440 4040 2470 4040 2444 4040 2065 4041 2437 4041 2447 4041 2438 4042 2261 4043 2439 4044 2285 4045 2439 4045 2287 4045 2446 4046 2445 4046 2540 4046 2412 4047 2411 4047 2423 4047 2403 4048 3707 4048 2411 4048 2404 4049 2398 4049 2441 4049 2388 4050 2296 4050 2398 4050 2382 4051 2261 4051 2438 4051 2491 4052 2502 4052 2444 4052 2296 4053 2447 4053 2398 4053 2442 4054 2385 4054 765 4054 2445 4055 2442 4055 765 4055 2443 4056 2439 4056 2285 4056 765 4057 2540 4057 2445 4057 2441 4058 2398 4058 2447 4058 2449 4059 4949 4059 2452 4059 2447 4060 2437 4060 2441 4060 1061 4061 2454 4061 2452 4061 2451 4062 2455 4062 2456 4062 3661 4063 3668 4063 2272 4063 765 4064 720 4064 2550 4064 2451 4065 2459 4065 2455 4065 2430 4066 2429 4066 115 4066 2431 4067 2443 4067 2244 4067 2244 4068 115 4068 2429 4068 2429 4069 2431 4070 2244 4071 2433 4072 2430 4073 115 4074 2387 4075 2391 4075 3668 4075 2450 4076 1060 4076 2449 4076 4224 4077 2460 4077 2208 4077 2245 4078 2244 4078 2443 4078 2463 4079 1060 4079 2457 4079 2462 4080 2064 4080 2296 4080 1206 4081 2461 4081 1166 4081 2433 4082 115 4082 88 4082 4949 4083 2449 4083 1060 4083 2450 4084 2457 4085 1060 4086 2453 4087 2013 4087 2458 4087 2462 4088 2306 4088 2422 4088 2285 4089 2245 4089 2443 4089 1166 4090 2464 4090 1174 4090 2440 4091 2027 4091 2453 4091 2013 4092 2006 4092 2458 4092 2456 4093 395 4093 2451 4093 2306 4094 3719 4094 2420 4094 2422 4095 2306 4095 2420 4095 1918 4096 2039 4096 2440 4096 2314 36 2549 36 2315 36 2006 4097 3550 4097 2458 4097 1852 4098 2461 4098 1206 4098 2549 36 2552 36 2315 36 1994 4099 2065 4099 2413 4099 2422 4100 2414 4100 2462 4100 2414 4101 2413 4101 2462 4101 2474 4102 2317 4103 2473 4104 2462 4105 2413 4105 2064 4105 2425 4106 2315 4107 2467 4108 2073 4109 2461 4109 1852 4109 3718 4110 2257 4110 2421 4110 2477 4111 2383 4111 2475 4111 2468 4112 2465 4112 2301 4112 2469 4113 1166 4113 2461 4113 2472 4114 2317 4114 2478 4114 2464 4115 1166 4115 2469 4115 758 4116 888 4116 2384 4116 2440 4117 2466 4117 2470 4117 2471 4118 2468 4118 2344 4118 2301 4119 2344 4119 2468 4119 2326 4120 2323 4120 2475 4120 5155 4121 2135 4121 2217 4121 2214 4122 2217 4122 2135 4122 2326 4123 2475 4123 2383 4123 2217 4124 2216 4124 5155 4124 5157 4125 5155 4125 2216 4125 2220 4126 5157 4126 2216 4126 2384 4127 888 4127 2476 4127 2384 4128 2476 4128 2386 4128 2481 4129 2482 4129 2469 4129 2476 4130 888 4130 2483 4130 890 4131 2483 4131 888 4131 2536 4132 2408 4132 2524 4132 2537 4133 2408 4133 2536 4133 2625 4134 2408 4134 2537 4134 2469 4135 2461 4135 2481 4135 2004 4136 2481 4136 2461 4136 2491 4137 2444 4137 2490 4137 2490 4138 2444 4138 2470 4138 2487 4139 2476 4139 2483 4139 525 4140 1174 4140 2464 4140 2655 4141 2408 4141 2499 4141 3032 4142 3030 4142 2498 4142 2654 4143 2408 4143 2655 4143 2464 4144 730 4144 525 4144 2391 4145 2387 4145 2509 4145 2502 4146 2503 4146 2316 4146 2513 4147 2515 4147 2464 4147 2510 4148 3032 4148 2498 4148 2655 4149 2499 4149 2390 4149 2515 4150 731 4150 730 4150 2515 4151 730 4151 2464 4151 2396 4152 2507 4152 2397 4152 2388 4153 2514 4153 2509 4153 2513 4154 2464 4154 2520 4154 2518 4155 2520 4155 2464 4155 2524 4156 2408 4156 2523 4156 2523 4157 2408 4157 2507 4157 2534 4158 3032 4158 2510 4158 2476 4159 2514 4159 2405 4159 2476 4160 2405 4160 2386 4160 2482 4161 2522 4161 2469 4161 2464 4162 2469 4162 2522 4162 2464 4163 2522 4163 2518 4163 2523 4164 2394 4164 2524 4164 2393 4165 2524 4165 2394 4165 2533 4166 2551 4166 2532 4166 2490 4167 2320 4167 2502 4167 2312 4168 2509 4168 2535 4168 2539 4169 2551 4169 2538 4169 2530 4170 2535 4170 2509 4170 2528 4171 2530 4171 2509 4171 2392 4172 2536 4172 2393 4172 2379 4173 2132 4173 1942 4173 2132 4174 2379 4174 2380 4174 2381 4175 2132 4175 2380 4175 2467 4176 2315 4177 2544 4178 2540 4179 2551 4179 2541 4179 2288 4180 2132 4180 2381 4180 2548 4181 2551 4181 2547 4181 2546 4182 2547 4182 2551 4182 2546 4183 2551 4184 2539 4185 1660 4186 1944 4186 2132 4186 2344 4187 2347 4187 2543 4187 2542 4188 2543 4188 2347 4188 2550 4189 2551 4189 2540 4189 2314 4190 68 4190 2549 4190 2316 4191 2444 4191 2502 4191 2531 4192 2532 4192 2551 4192 2533 4193 2538 4193 2551 4193 2551 4194 2548 4195 2545 4196 2545 4197 2541 4197 2551 4197 2551 4198 2550 4198 2553 4198 2562 4199 2328 4199 2528 4199 2203 4200 2583 4200 2347 4200 2583 4201 2606 4201 2542 4201 2312 4202 2535 4202 2348 4202 2557 4203 2344 4203 2555 4203 2503 4204 2320 4204 2316 4204 2558 4205 2559 4205 2552 4205 2509 4206 2514 4206 2562 4206 2556 4207 2562 4207 2514 4207 2315 4208 2552 4208 2544 4208 2559 4209 2544 4209 2552 4209 2566 4210 2344 4210 2564 4210 2184 4211 2187 4211 2172 4211 2554 4212 2556 4212 2514 4212 2564 4213 2344 4213 2557 4213 2560 4214 2344 4214 2566 4214 2568 4215 2344 4215 2561 4215 2561 4216 2344 4216 2560 4216 192 4217 2549 4217 123 4217 2528 4218 2509 4218 2562 4218 2453 4219 2563 4219 2565 4219 2570 4220 2569 4220 2286 4220 2568 4221 2571 4221 2344 4221 2571 4222 2572 4222 2344 4222 2572 4223 2573 4223 2344 4223 2573 4224 2574 4224 2344 4224 2471 4225 2344 4225 2574 4225 2286 4226 2288 4226 2570 4226 2487 4227 2576 4227 2476 4227 2476 4228 2576 4228 2577 4228 2453 4229 2458 4229 2563 4229 2543 4230 2555 4230 2344 4230 2577 4231 2514 4231 2476 4231 2575 4232 2563 4232 2458 4232 2301 4233 2705 4233 2402 4233 2586 4234 2440 4234 2585 4234 2453 4235 2585 4235 2440 4235 2466 4236 2440 4236 2586 4236 2514 4237 2577 4237 2554 4237 2542 4238 2347 4238 2583 4238 2272 4239 2391 4239 2509 4239 2565 4240 2585 4240 2453 4240 2553 4241 2029 4241 2025 4241 2553 4242 2025 4242 2551 4242 2084 4243 2112 4243 2106 4243 2108 4244 2106 4244 2112 4244 586 4245 582 4245 2597 4245 2113 4246 2112 4246 2084 4246 2086 4247 2103 4247 2113 4247 2551 4248 586 4248 2597 4248 2551 4249 2597 4249 2531 4249 2045 4250 2601 4250 2551 4250 2498 4251 4133 4251 2510 4251 2480 4252 4133 4253 2486 4254 2498 4255 2486 4256 4133 4257 2479 4258 4133 4258 2480 4258 2084 4259 2086 4259 2113 4259 2945 4260 2602 4260 2604 4260 2159 4261 2147 4261 2569 4261 2567 4262 2569 4262 2147 4262 2025 4263 2045 4263 2551 4263 586 4264 2551 4264 2601 4264 2606 4265 3377 4265 2605 4265 2483 4266 890 4266 2593 4266 2593 4267 2604 4267 2487 4267 2594 4268 2593 4268 890 4268 2483 4269 2593 4269 2487 4269 2598 4270 2594 4271 890 4272 736 4273 2598 4273 890 4273 2153 4274 2159 4274 2570 4274 2569 4275 2570 4276 2159 4277 2604 4278 2603 4278 2487 4278 1339 4279 2558 4279 2552 4279 586 4280 2601 4280 795 4280 911 4281 891 4281 2610 4281 2152 4282 2153 4282 2570 4282 2350 4283 2351 4284 2565 4285 2565 4286 2563 4286 2350 4286 2338 4287 2350 4287 2563 4287 2338 4288 2563 4288 2575 4288 2576 4289 2487 4289 2603 4289 2503 4290 2502 4290 2320 4290 2490 4291 2502 4291 2491 4291 2622 4292 2602 4293 2620 4294 2442 4295 2613 4295 2385 4295 2610 4296 2385 4297 2613 4298 2570 4299 2590 4299 2152 4299 2314 4300 2315 4300 2609 4300 2603 4301 2604 4301 2602 4301 2470 4302 2466 4302 2320 4302 2586 4303 2320 4303 2466 4303 2377 4304 2614 4304 2611 4304 2445 4305 2615 4305 2442 4305 2613 4306 2442 4306 2615 4306 4081 4307 2458 4307 3550 4307 2639 4308 2640 4308 3392 4308 2623 4309 3377 4309 2628 4309 2580 4310 2581 4310 2152 4310 2581 4311 2584 4312 2152 4313 2611 4314 2614 4314 912 4314 2603 4315 2622 4315 2576 4315 2575 4316 2458 4316 2616 4316 4081 4317 2616 4317 2458 4317 2580 4318 2152 4319 2582 4320 2605 4321 2555 4321 2606 4321 2543 4322 2542 4322 2606 4322 2607 4323 2606 4323 2583 4323 2608 4324 2607 4324 2583 4324 2608 4325 2583 4325 2231 4325 2941 4326 2913 4326 2446 4326 2913 4327 2615 4327 2446 4327 3889 4328 3890 4328 4081 4328 2524 4329 2393 4329 2536 4329 2555 4330 2543 4330 2606 4330 2523 4331 2507 4331 2396 4331 2523 4332 2396 4332 2394 4332 2620 4333 2737 4333 2619 4333 2400 4334 2537 4334 2392 4334 3225 4335 3228 4335 3967 4335 3230 4336 3242 4336 2621 4336 2737 4337 2620 4337 2602 4337 2622 4338 2603 4338 2602 4338 2446 4339 2650 4339 2941 4339 2392 4340 2537 4340 2536 4340 2338 4341 2575 4341 2621 4341 2616 4342 2621 4342 2575 4342 2409 4343 2849 4343 2625 4343 2577 4344 2622 4344 2554 4344 2577 4345 2576 4345 2622 4345 2627 4346 2628 4346 3392 4346 3392 4347 2628 4348 3377 4349 2556 4350 2554 4350 2619 4350 2620 4351 2619 4351 2554 4351 2399 4352 2625 4352 2400 4352 2537 4353 2400 4353 2625 4353 2605 4354 2623 4354 2557 4354 2605 4355 2557 4355 2555 4355 2620 4356 2554 4357 2622 4358 2584 4359 2587 4359 2152 4359 2557 4360 2623 4360 2628 4360 1710 4361 2587 4361 1806 4361 2627 4362 2564 4362 2628 4362 2619 4363 2328 4363 2556 4363 2556 4364 2328 4364 2562 4364 2530 4365 2528 4365 4074 4365 2582 4366 2152 4366 2590 4366 2530 4367 4074 4367 2535 4367 2557 4368 2628 4369 2564 4370 4073 4371 4071 4372 2348 4373 4074 4374 4073 4374 2535 4374 2627 4375 3392 4375 2636 4375 2636 4376 3392 4376 2640 4376 2635 4377 2631 4377 2638 4377 2964 4378 1278 4378 2631 4378 2071 4379 2427 4379 2035 4379 3359 4380 2068 4380 1733 4380 2384 4381 2427 4381 758 4381 2071 4382 758 4382 2427 4382 2640 4383 2561 4383 2560 4383 2561 4384 2640 4384 2639 4384 2626 23 2963 23 2631 23 2639 4385 3392 4385 2664 4385 2638 4386 2631 4387 2649 4388 2646 4389 2647 4389 2652 4389 2857 4390 2941 4390 2650 4390 2639 4391 2568 4392 2561 4393 2390 4394 2499 4394 2401 4394 2564 4395 2627 4395 2566 4395 2647 4396 2634 4396 2644 4396 2647 4397 2644 4397 2652 4397 2399 4398 2409 4398 2625 4398 2636 4399 2566 4399 2627 4399 2507 4400 2408 4400 2654 4400 2389 4401 2655 4401 2390 4401 4207 4402 4231 4402 2653 4402 2617 4403 2255 4403 2249 4403 2652 4404 2657 4404 2646 4404 2636 4405 2560 4406 2566 4407 2617 4408 2656 4408 2255 4408 2507 4409 2654 4409 2397 4409 2560 4410 2636 4410 2640 4410 2661 4411 2683 4411 2659 4411 2656 4412 2660 4412 2662 4412 2857 4413 2815 4413 2941 4413 2397 4414 2654 4414 2389 4414 2655 4415 2389 4415 2654 4415 2666 4416 2683 4416 2665 4416 2661 4417 2665 4417 2683 4417 2545 4418 2857 4418 2541 4418 2227 4419 2239 4419 2408 4419 2669 4420 2680 4420 2683 4420 2260 4421 2255 4421 2671 4421 2255 4422 2656 4422 2671 4422 2238 4423 2234 4423 2135 4423 2568 4424 2639 4424 2664 4424 2662 4425 2671 4425 2656 4425 2657 4426 2652 4426 2673 4426 2964 23 2631 23 2963 23 2568 4427 2664 4427 2571 4427 2658 4428 2659 4428 2683 4428 2666 4429 2670 4429 2683 4429 2670 4430 2668 4430 2683 4430 2668 4431 2669 4431 2683 4431 2680 4432 2675 4432 2683 4432 2652 4433 2683 4433 2672 4433 2672 4434 2673 4434 2652 4434 2681 4435 664 4435 2682 4435 2852 4436 2880 4436 2656 4436 2667 4437 2571 4437 2664 4437 2675 4438 2672 4438 2683 4438 2649 4439 2631 4439 1278 4439 2689 4440 1309 4440 2307 4440 2683 4441 2684 4441 2658 4441 2571 4442 2667 4442 2572 4442 1315 4443 1310 4443 2688 4443 2671 4444 2277 4444 2260 4444 2676 4445 2678 4445 2690 4445 2685 4446 2690 4446 2678 4446 2572 4447 2818 4447 2573 4447 3423 4448 2688 4448 2689 4448 2682 4449 664 4449 2739 4449 57 4450 2684 4450 61 4450 2610 4451 2613 4452 743 4453 2683 4454 61 4454 2684 4454 2648 4455 2642 4455 2651 4455 2468 4456 2471 4456 2574 4456 2522 4457 743 4457 2615 4457 2613 4458 2615 4458 743 4458 1616 4459 2651 4459 2642 4459 2691 4460 2637 4460 1733 4460 2691 4461 1733 4461 1697 4461 2642 4462 2691 4462 1682 4462 69 4463 61 4463 2683 4463 2626 23 2631 23 2692 23 3423 4464 2880 4464 2688 4464 2693 23 2692 23 2631 23 1861 4465 2726 4465 2696 4465 1861 4466 2696 4466 2697 4466 1861 4467 2697 4467 1860 4467 1697 4468 1682 4468 2691 4468 1860 4469 2700 4470 1866 4471 1272 4472 1254 4472 2693 4472 1616 4473 2642 4473 1682 4473 2697 4474 2700 4474 1860 4474 1272 4475 2693 4475 1273 4475 2693 4476 2631 4476 1273 4476 2635 4477 1273 4477 2631 4477 2662 4478 2308 4478 2671 4478 2660 4479 2308 4480 2662 4481 2395 4482 2698 4482 2699 4482 1866 4483 2700 4483 2704 4483 2301 4484 2465 4484 2705 4484 1869 4485 1867 4486 2709 4487 2637 4488 2702 4488 2706 4488 3424 4489 2307 4489 2880 4489 1212 4490 1214 4490 1869 4490 2712 4491 1869 4491 2709 4491 3976 4492 2395 4492 3984 4492 1414 4493 1212 4493 2712 4493 1855 4494 2714 4494 1878 4494 3007 4495 3359 4495 2706 4495 2745 4496 2742 4496 2714 4496 2714 4497 2726 4497 1861 4497 2714 4498 1861 4499 1878 4500 2717 4501 2718 4501 2691 4501 2637 4502 2691 4502 2718 4502 2395 4503 2402 4503 2698 4503 2713 4504 2719 4504 2720 4504 2696 4505 2659 4505 2697 4505 2700 4506 2697 4506 2684 4506 2704 4507 2700 4507 2684 4507 57 4508 2704 4508 2684 4508 2653 4509 2721 4509 2643 4509 2715 4510 2643 4510 2721 4510 2659 4511 2658 4511 2697 4511 2716 4512 2402 4512 2705 4512 57 4513 2709 4513 2704 4513 2658 4514 2684 4514 2697 4514 2709 4515 57 4515 2712 4515 1414 4516 2712 4516 57 4516 565 4517 2724 4517 2725 4517 2722 4518 2399 4518 2676 4518 2728 4519 2729 4519 2714 4519 2726 4520 2714 4520 2729 4520 2696 4521 2726 4521 2661 4521 2696 4522 2661 4522 2659 4522 615 4523 2933 4523 589 4523 2755 4524 589 4524 2933 4524 2619 4525 2737 4525 2328 4525 2944 4526 3054 4526 2719 4526 589 4527 2755 4527 599 4527 2726 4528 2729 4528 2661 4528 2731 4529 2732 4530 565 4531 2661 4532 2729 4532 2665 4532 2725 4533 2727 4533 565 4533 2732 4534 2736 4534 565 4534 2736 4535 2739 4535 565 4535 652 4536 565 4536 2739 4536 2728 4537 2665 4537 2729 4537 2741 4538 2928 4538 2738 4538 2637 4539 2718 4539 2702 4539 2727 4540 2731 4541 565 4542 2744 4543 2642 4543 2743 4543 2728 4544 2714 4544 2742 4544 2750 4545 2642 4545 2749 4545 2748 4546 2642 4546 2744 4546 2740 4547 2617 4547 2747 4547 2733 4548 2747 4548 2617 4548 2748 4549 2749 4549 2642 4549 2869 4550 2734 4550 2735 4550 2735 4551 2737 4551 2869 4551 2666 4552 2665 4552 2728 4552 2648 4553 2743 4553 2642 4553 2666 4554 2728 4554 2742 4554 2666 4555 2742 4555 2670 4555 2754 4556 742 4556 2753 4556 2745 4557 2670 4557 2742 4557 2749 4558 2923 4558 2750 4558 2753 4559 676 4559 2756 4559 2757 4560 676 4560 814 4560 2762 4561 2642 4561 2761 4561 2761 4562 2642 4562 2760 4562 2745 4563 2714 4563 2759 4563 2758 4564 2759 4564 2714 4564 3339 4565 2763 4565 2714 4565 2758 4566 2714 4566 2763 4566 2757 4567 2756 4568 676 4569 2777 4570 2792 4570 2941 4570 2668 4571 2759 4571 2669 4571 2767 4572 742 4572 2754 4572 2626 4573 690 4573 601 4573 2769 4574 742 4574 2767 4574 2691 4575 2642 4575 2765 4575 2691 4576 2765 4576 2717 4576 2669 4577 2759 4577 2758 4577 2770 4578 742 4578 2769 4578 2626 3855 601 3855 2963 3855 814 4579 2772 4579 2773 4579 2750 4580 2760 4581 2642 4582 2642 4583 2762 4583 2771 4583 2642 4584 2771 4585 2768 4586 2768 4587 2764 4587 2642 4587 2764 4588 2765 4588 2642 4588 2670 4589 2745 4589 2668 4589 2757 4590 814 4590 2773 4590 2738 4591 2532 4591 2741 4591 2531 4592 2597 4592 2741 4592 2746 4593 2741 4593 2597 4593 582 4594 2751 4594 2597 4594 2759 4595 2668 4595 2745 4595 2532 4596 2531 4596 2741 4596 3097 4597 2774 4597 2730 4597 2746 4598 2597 4598 2751 4598 2752 4599 2751 4599 582 4599 2669 4600 2758 4600 2680 4600 2782 4601 2783 4601 2774 4601 2752 4602 582 4602 2755 4602 599 4603 2755 4603 582 4603 2680 4604 2758 4604 2763 4604 2730 4605 2774 4605 2784 4605 2792 4606 2778 4606 2941 4606 2928 4607 2941 4608 2779 4609 2776 4610 2928 4610 2779 4610 2784 4611 2774 4611 2783 4611 2738 4612 2776 4612 2533 4612 2738 4613 2533 4613 2532 4613 2643 4614 2978 4614 2766 4614 2776 4615 2779 4616 2533 4617 601 4618 778 4618 2963 4618 2843 4619 2978 4619 2643 4619 2533 4620 2779 4620 2538 4620 2675 4621 3339 4621 2672 4621 2788 4622 2900 4622 2787 4622 2978 4623 3013 4623 2766 4623 2778 4624 2538 4624 2779 4624 2802 4625 3040 4625 2782 4625 2647 4626 2646 4626 2999 4626 2657 4627 2999 4627 2646 4627 2819 4628 2796 4628 2787 4628 2778 4629 2792 4629 2539 4629 2778 4630 2539 4630 2538 4630 2798 4631 2730 4631 2797 4631 2784 4632 2797 4632 2730 4632 2786 4633 2799 4633 2766 4633 2539 4634 2792 4634 2546 4634 2986 4635 2788 4635 2787 4635 2787 4636 2796 4636 2986 4636 2802 4637 2782 4637 2774 4637 2680 4638 2763 4638 2675 4638 2546 4639 2792 4639 2777 4639 2774 4640 2713 4640 2802 4640 2720 4641 2802 4641 2713 4641 2777 4642 2941 4642 2809 4642 2808 4643 2810 4643 2805 4643 69 4644 2805 4644 2810 4644 3392 4645 2612 4645 2931 4645 2612 4646 3003 4646 2931 4646 2722 4647 2676 4647 2811 4647 2690 4648 2811 4648 2676 4648 3392 4649 2931 4649 2818 4649 69 4650 2810 4650 65 4650 2664 4651 3392 4651 2667 4651 2446 4652 2540 4652 2650 4652 2541 4653 2650 4653 2540 4653 2685 4654 2678 4654 2812 4654 2813 4655 2812 4655 2678 4655 2813 4656 2678 4656 2730 4656 2781 4657 827 4657 2780 4657 119 4658 74 4658 2814 4658 2546 4659 2777 4659 2547 4659 2809 4660 2547 4660 2777 4660 2814 4661 127 4661 119 4661 2798 4662 2813 4662 2730 4662 2667 4663 3392 4663 2818 4663 2903 4664 2920 4664 2690 4664 2690 4665 2685 4665 2903 4665 2812 4666 2903 4666 2685 4666 2817 4667 2820 4667 2816 4667 2399 4668 2722 4668 2409 4668 2811 4669 2409 4669 2722 4669 2837 4670 2817 4670 2652 4670 2667 4671 2818 4671 2572 4671 2784 4672 3040 4672 2797 4672 2783 4673 3040 4673 2784 4673 2819 4674 3055 4674 2948 4674 2781 4675 2823 4675 827 4675 2826 4676 2805 4676 2825 4676 2824 4677 827 4677 2823 4677 2783 4678 2782 4678 3040 4678 2816 4679 2825 4679 2817 4679 2817 4680 2825 4680 2805 4680 2811 4681 2690 4681 2920 4681 4738 4682 3011 4682 2821 4682 2829 4683 830 4683 2828 4683 827 4684 2824 4684 830 4684 2908 4685 2905 4685 2813 4685 2813 4686 2798 4686 2908 4686 2797 4687 2908 4687 2798 4687 2829 4688 1022 4688 830 4688 2651 4689 1616 4689 1613 4689 2805 4690 2826 4690 2808 4690 2839 4691 2249 4691 2838 4691 2837 4692 2652 4692 2644 4692 2839 4693 2840 4693 2249 4693 2617 4694 2249 4694 2840 4694 2805 4695 2683 4695 2652 4695 2733 4696 2617 4696 2840 4696 2842 4697 2656 4697 2617 4697 2805 4698 2652 4698 2817 4698 2848 4699 2842 4699 2830 4699 2683 4700 2805 4700 69 4700 2408 4701 2625 4701 2849 4701 2780 4702 3310 4702 2781 4702 2775 4703 3233 4703 2780 4703 2842 4704 2852 4704 2656 4704 2842 4705 2848 4705 2852 4705 2830 4706 2833 4706 2848 4706 2809 4707 2941 4707 2815 4707 901 4708 936 4708 2855 4708 2833 4709 3517 4709 2848 4709 2850 4710 2855 4710 936 4710 2851 4711 2858 4711 2837 4711 2650 4712 2541 4712 2857 4712 2643 4713 2715 4713 2843 4713 2817 4714 2837 4714 2820 4714 2858 4715 2820 4715 2837 4715 2998 4716 2907 4716 2862 4716 2998 4717 2862 4717 2864 4717 2852 4718 2863 4718 2867 4718 2809 4719 2815 4719 2548 4719 2809 4720 2548 4720 2547 4720 2859 4721 2843 4721 2715 4721 2848 4722 2863 4722 2852 4722 2861 4723 2863 4724 2848 4725 2815 4726 2545 4726 2548 4726 2870 4727 2846 4727 2869 4727 2861 4728 2848 4728 3518 4728 2859 4729 2869 4729 2843 4729 2846 4730 2843 4730 2869 4730 2545 4731 2815 4731 2857 4731 821 4732 2875 4732 2876 4732 2540 4733 765 4733 2550 4733 858 23 856 23 2881 23 2029 4734 2553 4734 709 4734 2550 4735 709 4735 2553 4735 2660 4736 2656 4736 2880 4736 2885 4737 923 4738 2883 4739 252 4740 242 4740 2868 4740 243 4741 2868 4741 242 4741 2870 4742 2873 4742 2846 4742 2874 4743 2881 4743 856 4743 2878 4744 2880 4744 2852 4744 2882 4745 2883 4745 923 4745 2888 4746 923 4746 2885 4746 865 4747 858 4747 2886 4747 2741 4748 2926 4748 2928 4748 2776 4749 2738 4749 2928 4749 2877 4750 2868 4750 243 4750 865 4751 2886 4751 866 4751 2879 4752 2882 4752 923 4752 2880 4753 2307 4753 2660 4753 243 4754 2889 4754 2877 4754 2887 4755 2911 4755 2892 4755 2891 4756 2877 4757 2889 4758 2852 4759 2894 4759 2878 4759 2889 4760 2898 4760 2891 4760 2897 4761 2891 4761 2898 4761 2852 4762 2867 4763 2894 4764 2899 4765 2923 4765 2893 4765 2893 4766 2907 4766 2998 4766 2752 4767 2755 4767 2933 4767 3055 4768 2819 4768 2900 4768 2898 4769 1423 4769 2897 4769 2897 4770 1423 4771 2901 4772 2862 4773 2743 4773 2864 4773 2648 4774 2651 4774 2871 4774 2874 4775 2871 4775 2651 4775 1613 4776 2874 4776 2651 4776 2896 4777 2900 4777 2902 4777 2788 4778 2902 4778 2900 4778 2926 4779 2741 4779 2746 4779 3 4780 2901 4780 1426 4780 1423 4781 1425 4781 2901 4781 2743 4782 2648 4782 2864 4782 2906 4783 1315 4783 2688 4783 1613 4784 2881 4784 2874 4784 2871 4785 2864 4785 2648 4785 258 4786 254 4786 2872 4786 2751 4787 2752 4787 2932 4787 2881 4788 1613 4788 2886 4788 866 4789 2886 4789 1613 4789 2933 4790 2932 4791 2752 4792 2814 4793 2889 4793 127 4793 62 4794 2898 4794 2814 4794 2867 4795 2863 4795 2688 4795 2906 4796 2688 4796 2863 4796 2911 4797 2887 4797 2908 4797 2909 4798 2910 4798 2893 4798 2907 4799 2893 4799 2910 4799 2889 4800 243 4800 127 4800 2878 4801 2688 4801 2880 4801 2910 4802 2744 4802 2907 4802 2862 4803 2907 4803 2744 4803 2862 4804 2744 4804 2743 4804 2445 4805 2446 4805 2615 4805 2894 4806 2867 4807 2688 4808 2895 4809 2914 4809 2915 4809 2915 4810 3051 4810 2895 4810 2778 4811 2779 4811 2941 4811 2873 4812 2884 4812 2846 4812 2895 4813 2890 4813 2914 4813 2878 4814 2894 4814 2688 4814 2910 4815 2748 4815 2744 4815 2919 4816 823 4816 2918 4816 2917 4817 2850 4817 2916 4817 3054 4818 2900 4819 3052 4820 2004 4821 743 4821 2481 4821 2481 4822 743 4822 2482 4822 2522 4823 2482 4823 743 4823 2884 4824 2916 4824 2850 4824 2909 4825 2748 4825 2910 4825 2884 4826 2850 4826 2846 4826 2920 4827 2849 4827 2409 4827 2922 4828 2924 4828 910 4828 2921 4829 2922 4829 910 4829 2909 4830 2893 4830 2923 4830 2855 4831 2850 4831 2917 4831 2905 4832 2853 4833 2904 4834 2854 4835 2904 4835 2853 4835 2522 4836 2913 4836 2518 4836 953 4837 910 4837 2925 4837 2748 4838 2909 4839 2749 4840 2905 4841 2887 4841 2853 4841 2785 4842 770 4842 2925 4842 953 4843 2925 4843 770 4843 2520 4844 2518 4844 2913 4844 2615 4845 2913 4845 2522 4845 2923 4846 2749 4846 2909 4846 2849 4847 2920 4847 2854 4847 2904 4848 2854 4848 2903 4848 2903 4849 2854 4849 2920 4849 948 4850 2850 4850 936 4850 2863 4851 2861 4851 2906 4851 2887 4852 2905 4852 2908 4852 2892 4853 2911 4853 2890 4853 2912 4854 2890 4854 2911 4854 2929 4855 2930 4855 2593 4855 2929 4856 2593 4856 2594 4856 2604 4857 2593 4858 2930 4859 3518 4860 3708 4860 2861 4860 2912 4861 2914 4862 2890 4863 3054 4864 3055 4864 2900 4864 2819 4865 2787 4865 2900 4865 2598 4866 2934 4867 2594 4868 2929 4869 2594 4869 2934 4869 2309 4870 2660 4870 2307 4870 2896 4871 3052 4871 2900 4871 2598 4872 2936 4872 2934 4872 2937 4873 2926 4874 2746 4875 2939 4876 2295 4876 2960 4876 2932 4877 2937 4877 2751 4877 2746 4878 2751 4878 2937 4878 2408 4879 2849 4879 2838 4879 2849 4880 2854 4880 2838 4880 2854 4881 2853 4881 2838 4881 2840 4882 2892 4882 2733 4882 2838 4883 2892 4883 2839 4883 2735 4884 2328 4884 2737 4884 2853 4885 2887 4885 2838 4885 2887 4886 2892 4886 2838 4886 2840 4887 2839 4887 2892 4887 2573 4888 2927 4888 4014 4888 2827 4889 4014 4889 2927 4889 2822 4890 4014 4890 2827 4890 2931 4891 2927 4891 2573 4891 2968 4892 2737 4892 2602 4892 2719 4893 2713 4893 2944 4893 2938 4894 2944 4894 2713 4894 2747 4895 2733 4895 2892 4895 2931 4896 2573 4896 2818 4896 2968 4897 2602 4897 2946 4897 2945 4898 2946 4898 2602 4898 2949 4899 3055 4899 2944 4899 2926 4900 2515 4900 2928 4900 2937 4901 2515 4902 2926 4903 2515 4904 2513 4904 2928 4904 2520 4905 2928 4905 2513 4905 2945 4906 2604 4906 2930 4906 2938 4907 2949 4907 2944 4907 2932 4908 731 4908 2937 4908 2698 4909 2705 4909 2574 4909 3984 4910 2699 4910 2574 4910 2699 4911 2698 4911 2574 4911 2574 4912 2705 4912 2468 4912 2716 4913 2705 4913 2698 4913 2465 4914 2468 4914 2705 4914 2948 4915 2949 4915 2938 4915 2889 4916 2814 4916 2898 4916 1423 4917 2898 4917 62 4917 4014 4918 2574 4918 2573 4918 731 4919 2932 4920 2933 4921 2950 23 2942 23 2947 23 731 4922 2933 4922 615 4922 731 4923 2515 4923 2937 4923 2951 4924 2948 4924 2938 4924 2808 4925 2826 4925 2868 4925 2826 4926 2825 4926 2868 4926 2943 4927 2947 4927 2048 4927 2951 4928 3239 4928 2953 4928 2868 4929 2825 4930 2872 4931 3476 4932 3494 4932 2825 4932 2913 4933 2941 4933 2520 4933 3089 23 2947 23 2942 23 2941 4934 2928 4935 2520 4936 2808 4937 2868 4937 2877 4937 2877 4938 2891 4939 2808 4940 2810 4941 2808 4941 2891 4941 4083 4942 884 4942 2692 4942 65 4943 2810 4943 2891 4943 65 4944 2891 4944 2897 4944 65 4945 2897 4946 2901 4947 2048 23 2947 23 3089 23 2626 4948 2692 4948 690 4948 2957 4949 3240 4949 2956 4949 3240 4950 2957 4950 2958 4950 2256 23 2274 23 2960 23 2825 4951 2816 4951 3476 4951 2816 4952 2820 4952 3476 4952 2820 4953 2858 4953 3476 4953 2851 4954 3476 4954 2858 4954 2935 23 2939 23 2960 23 2693 23 4087 23 2692 23 2929 4955 2855 4955 2930 4955 2934 4956 901 4956 2929 4956 901 4957 2855 4957 2929 4957 2916 4958 2945 4958 2917 4958 2855 4959 2917 4959 2945 4959 2930 4960 2855 4960 2945 4960 1254 4961 1255 4961 2693 4961 2750 4962 2923 4962 2760 4962 2480 4963 3025 4963 2479 4963 2963 4964 778 4964 4619 4964 901 4965 2934 4965 2936 4965 2952 4966 3239 4966 2958 4966 2899 4967 2760 4967 2923 4967 3240 4968 2965 4968 2956 4968 2961 4969 2479 4969 3025 4969 2899 4970 2893 4970 2966 4970 2965 4971 3046 4971 2956 4971 4619 23 4622 23 2963 23 2916 4972 2946 4972 2945 4972 2760 4973 2899 4973 2761 4973 2486 4974 3030 4975 2480 4976 1278 4977 2964 4977 1280 4977 1283 4978 1280 4978 2964 4978 147 4979 2965 4979 157 4979 2966 4980 2761 4980 2899 4980 2966 4981 2893 4981 2970 4981 3025 4982 2969 4983 2961 4982 2916 4984 2884 4984 2946 4984 2873 4985 2737 4985 2884 4985 2869 4986 2737 4986 2870 4986 2970 4987 2762 4987 2966 4987 2761 4988 2966 4988 2762 4988 2833 4989 2830 4989 2973 4989 2971 4990 2973 4990 2830 4990 2870 4991 2737 4991 2873 4991 2968 4992 2884 4992 2737 4992 2946 4993 2884 4993 2968 4993 2762 4994 2970 4995 2771 4996 2833 4997 2977 4997 2976 4997 2973 4998 2977 4998 2833 4998 2771 4999 2970 4999 2967 4999 2976 5000 2979 5000 2833 5000 2927 5001 3003 5001 2827 5001 2843 5002 2846 5002 2978 5002 2972 5003 2980 5003 2974 5003 2617 5004 2740 5004 2842 5004 2984 5005 2842 5005 2740 5005 2983 5006 2980 5006 2972 5006 2971 5007 2830 5007 2986 5007 2982 5008 2962 5008 2981 5008 2985 5009 2986 5009 2830 5009 3001 5010 4059 5010 2822 5010 2702 5011 2718 5011 2706 5011 2718 5012 2717 5012 2765 5012 2830 5013 2842 5013 2985 5013 2984 5014 2985 5014 2842 5014 2990 5015 2980 5015 2989 5015 2771 5016 2967 5016 2768 5016 2983 5017 2989 5017 2980 5017 2987 5018 2988 5018 2992 5018 2927 5019 2931 5019 3003 5019 2990 5020 2991 5020 2980 5020 2824 5021 2823 5021 2844 5021 2987 5022 2997 5022 2994 5022 2828 5023 2824 5023 2844 5023 2992 5024 2997 5024 2987 5024 3001 5025 2822 5026 3002 5027 2827 5028 3002 5028 2822 5028 2993 5029 2994 5029 2997 5029 2819 5030 3037 5030 2796 5030 2893 5031 2998 5032 3000 5033 3064 5034 3026 5035 3061 5036 2997 5037 2981 5037 2999 5037 3067 5038 3014 5038 3064 5038 3014 5039 3015 5039 3064 5039 1022 5040 2829 5040 2998 5040 2828 5041 2998 5041 2829 5041 2962 5042 2999 5042 2981 5042 2989 5043 3005 5044 4850 5045 2844 5046 3000 5046 2828 5046 3002 5047 2827 5047 3003 5047 2846 5048 3004 5048 2978 5048 3000 5049 2998 5050 2828 5051 2740 5052 2902 5052 2984 5052 2747 5053 2902 5053 2740 5053 2985 5054 2984 5054 2902 5054 2996 5055 3005 5055 2983 5055 3006 5056 2846 5056 2850 5056 2983 5057 3005 5057 2989 5057 3006 5058 3004 5058 2846 5058 2978 5059 3011 5059 3012 5059 2978 5060 3012 5060 3013 5060 3046 5061 3010 5062 3049 5063 2534 5064 2510 5064 4133 5064 4115 5065 4114 5065 2479 5065 2796 5066 3061 5066 3026 5066 2961 5067 2969 5068 2479 5069 2969 5070 2955 5070 2479 5070 2955 5071 2954 5072 2479 5073 4115 5074 2479 5074 2954 5074 2995 5075 4850 5075 2996 5075 3064 5076 3015 5076 3026 5076 2786 5077 2766 5077 3013 5077 4185 5078 3001 5078 4133 5078 3001 5079 3002 5080 4133 5081 3002 5082 3003 5082 4133 5082 3022 5083 3024 5083 3348 5083 3024 5084 3023 5084 3348 5084 2612 5085 2534 5085 3003 5085 4133 5086 3003 5086 2534 5086 3016 5087 3019 5087 3006 5087 3009 5088 2979 5088 3010 5088 2979 5089 3009 5089 139 5089 2977 5090 3014 5090 2976 5090 3015 5091 3014 5091 2977 5091 3020 5092 3006 5092 3019 5092 3277 5093 3348 5093 3028 5093 2892 5094 2890 5094 2747 5094 2890 5095 2895 5095 2747 5095 2895 5096 2896 5096 2747 5096 3029 5097 3016 5097 3006 5097 3023 5098 3028 5098 3348 5098 3014 5099 3010 5099 2976 5099 2896 5100 2902 5100 2747 5100 2979 5101 2976 5101 3010 5101 2986 5102 2985 5102 2902 5102 3006 5103 3020 5103 3004 5103 2969 5104 3025 5104 3021 5104 3021 5105 2955 5105 2969 5105 2973 5106 2971 5106 2796 5106 2796 5107 2971 5107 2986 5107 2996 5108 4850 5109 3005 5110 2989 5111 4850 5111 2990 5111 3027 5112 3004 5112 3020 5112 3030 5113 3062 5113 3025 5113 2902 5114 2788 5114 2986 5114 2850 5115 948 5115 3006 5115 3026 5116 2973 5116 2796 5116 3026 5117 3015 5117 2973 5117 3367 5118 3018 5118 2991 5118 2977 5119 2973 5119 3015 5119 2838 5120 2836 5120 2408 5120 2227 5121 2408 5121 2836 5121 2893 5122 3201 5122 3185 5122 3029 5123 3006 5123 948 5123 3025 5124 2480 5124 3030 5124 2409 5125 2811 5125 2920 5125 3009 5126 3010 5126 3046 5126 2486 5127 2498 5127 3030 5127 3288 5128 3194 5128 3195 5128 3014 5129 3049 5129 3010 5129 2962 5130 2982 5130 2999 5130 3058 36 3736 36 3048 36 3009 5131 3048 5131 3736 5131 2903 5132 2812 5132 2904 5132 3033 5133 3034 5133 3031 5133 945 5134 3029 5134 948 5134 2904 5135 2812 5135 2905 5135 3061 5136 2796 5136 3037 5136 3036 5137 3032 5137 3035 5137 2534 5138 3035 5138 3032 5138 2812 5139 2813 5139 2905 5139 3195 5140 3201 5140 2893 5140 3195 5141 2893 5141 3288 5141 3033 5142 5089 5142 3034 5142 3049 5143 3014 5143 3067 5143 3408 5144 3468 5144 3031 5144 2953 5145 2819 5145 2951 5145 2951 5146 2819 5146 2948 5146 3036 5147 3039 5147 3041 5147 3036 5148 3041 5148 3032 5148 2797 5149 3040 5149 2908 5149 3034 5150 3042 5150 3031 5150 2967 5151 2970 5151 2893 5151 2911 5152 2908 5152 3040 5152 2978 5153 3045 5153 3011 5153 3039 5154 3043 5154 3041 5154 2953 5155 3037 5155 2819 5155 2912 5156 2911 5157 3040 5158 2978 5159 3004 5159 3045 5159 3009 5160 3046 5160 3048 5160 2914 5161 3040 5161 2915 5161 2912 5162 3040 5163 2914 5164 3045 5165 3004 5165 3047 5165 2203 5166 2231 5166 2583 5166 2896 5167 2895 5167 3052 5167 3051 5168 3052 5168 2895 5168 3027 5169 3047 5169 3004 5169 3053 5170 3530 5170 3050 5170 3057 5171 3109 5171 3056 5171 3186 5172 3197 5172 3277 5172 3060 5173 3530 5173 3063 5173 3065 5174 2232 5175 3059 5176 3056 5177 3059 5177 2232 5177 2719 5178 3052 5178 2720 5178 3066 5179 3470 5179 2972 5179 879 5180 798 5180 3065 5180 2959 5181 2960 5181 2274 5181 2958 5182 3064 5182 2952 5182 3054 5183 2944 5183 3055 5183 3052 5184 2719 5185 3054 5186 3068 5187 3062 5187 3030 5187 3051 5188 2720 5188 3052 5188 2958 5189 2957 5189 3064 5189 2972 5190 2974 5190 3069 5190 2972 5191 3069 5191 3066 5191 3071 5192 3072 5192 3032 5192 3061 5193 2952 5194 3064 5195 2953 5196 2952 5196 3037 5196 2949 5197 2948 5197 3055 5197 3061 5198 3037 5198 2952 5198 2720 5199 3051 5199 2802 5199 2974 5200 3073 5200 3069 5200 3040 5201 2802 5201 3051 5201 4666 5202 2821 5202 3124 5202 3067 5203 3064 5203 2957 5203 3030 5204 3032 5204 3072 5204 3030 5205 3072 5205 3068 5205 3051 5206 2915 5206 3040 5206 4840 5207 3070 5207 4839 5207 147 5208 3058 5209 3048 5210 147 5211 3048 5211 3046 5211 3046 5212 3049 5213 2956 5214 147 5215 3046 5215 2965 5215 3077 5216 3041 5216 3076 5216 3078 5217 3041 5217 3077 5217 3074 23 2959 23 3089 23 2678 5218 3080 5218 3085 5218 3087 5219 2975 5219 3086 5219 3081 5220 2975 5220 3087 5220 3049 5221 3067 5221 2956 5221 2678 5222 2676 5222 3080 5222 939 5223 3038 5223 3056 5223 2232 5224 939 5224 3056 5224 3057 5225 3056 5225 3038 5225 3082 5226 2975 5226 3081 5226 3093 5227 2975 5227 3091 5227 3082 5228 3091 5229 2975 5230 3095 5231 2975 5231 3093 5231 3096 5232 3041 5232 3094 5232 3092 5233 3094 5234 3041 5235 3097 5236 2678 5236 3085 5236 3097 5237 2730 5237 2678 5237 2957 5238 2956 5238 3067 5238 3098 5239 3099 5239 2975 5239 3100 5240 2975 5240 3099 5240 2774 5241 3097 5241 3102 5241 3078 5242 3079 5242 3041 5242 3079 5243 3092 5243 3041 5243 3041 5244 3096 5245 3088 5246 3088 5247 3090 5248 3041 5249 3041 5250 3090 5250 3103 5250 3041 5251 3103 5251 3104 5251 3041 5252 3104 5252 3105 5252 2942 5253 3074 5253 3089 5253 2940 23 3074 23 2942 23 3084 5254 3086 5254 2975 5254 2975 5255 3095 5256 3106 5257 2975 5258 3106 5258 3101 5258 3101 5259 3098 5259 2975 5259 3083 5260 3076 5260 3041 5260 2713 5261 2774 5261 3102 5261 3107 5262 2713 5262 3102 5262 3059 5263 3109 5263 945 5263 3065 5264 3059 5265 945 5266 3107 5267 2938 5267 2713 5267 3065 5268 945 5268 879 5268 3142 5269 3140 5269 3126 5269 3059 5270 3056 5270 3109 5270 4839 5271 3070 5271 3110 5271 3109 5272 3057 5273 3110 5274 4839 5275 3110 5275 3057 5275 3078 5276 3251 5276 3079 5276 3122 5277 3070 5278 3121 5279 3111 5280 3080 5280 3115 5280 3108 5281 3080 5281 3112 5281 3112 5282 3080 5282 3111 5282 1998 5283 2033 5283 1580 5283 3079 5284 3250 5284 3092 5284 3108 5285 3116 5285 3080 5285 3117 5286 3110 5286 3070 5286 1997 23 2033 23 1998 23 2033 5287 2048 5287 1580 5287 1005 23 1580 23 2048 23 2943 5288 2048 5288 2033 5288 3085 5289 3116 5289 3118 5289 3029 5290 945 5290 3109 5290 3110 5291 3117 5291 3016 5291 3109 5292 3110 5293 3016 5294 3029 5295 3109 5295 3016 5295 3099 5296 5102 5296 3100 5296 3116 5297 3085 5297 3080 5297 3019 5298 3016 5298 3117 5298 3119 5299 3120 5299 3097 5299 4666 5300 3121 5300 3070 5300 3117 5301 3070 5301 3122 5301 576 5302 578 5302 4493 5302 2974 5303 2975 5303 3100 5303 3100 5304 3073 5304 2974 5304 3121 5305 4666 5305 3124 5305 3071 5306 3032 5306 3105 5306 683 5307 4494 5307 682 5307 3119 5308 3085 5308 3125 5308 3118 5309 3125 5309 3085 5309 3097 5310 3085 5310 3119 5310 696 5311 4503 5311 683 5311 3020 5312 3122 5312 3027 5312 3020 5313 3019 5313 3122 5313 3232 5314 3107 5314 3123 5314 3126 5315 3084 5315 2975 5315 3122 5316 3121 5317 3027 5318 3121 5319 3124 5319 3027 5319 3047 5320 3027 5320 3124 5320 3041 5321 3105 5321 3032 5321 3123 5322 3107 5322 3128 5322 3120 5323 3127 5323 3097 5323 3113 5324 3128 5324 3107 5324 2975 5325 937 5325 3126 5325 3117 5326 3122 5326 3019 5326 3134 5327 3129 5327 3130 5327 797 5328 3126 5328 937 5328 3011 5329 3045 5329 2821 5329 3012 5330 3011 5330 4738 5330 3047 5331 2821 5331 3045 5331 3133 5332 3102 5332 3131 5332 3130 5333 3135 5333 3134 5333 3131 5334 3102 5334 3127 5334 3124 5335 2821 5335 3047 5335 3137 5336 3258 5336 3136 5336 3127 5337 3102 5337 3097 5337 3132 5338 3083 5338 3041 5338 2222 5339 3132 5339 2247 5339 3135 5340 3143 5340 3134 5340 3138 5341 3143 5341 3135 5341 3113 5342 3107 5342 3139 5342 3102 5343 3139 5343 3107 5343 3141 36 3144 36 3537 36 3143 5344 3147 5344 3134 5344 3041 5345 2247 5345 3132 5345 3144 36 3145 36 3537 36 3151 5346 3145 5346 3150 5346 3145 5346 3144 5346 3150 5346 3139 5347 3102 5347 3133 5347 3145 5348 3151 5348 3160 5348 3153 5349 3164 5349 3270 5349 3206 5350 3258 5350 3166 5350 3150 5351 3144 5351 3156 5351 3154 5352 3158 5352 3152 5352 3158 5353 3134 5353 3152 5353 3147 5354 3152 5354 3134 5354 2242 5355 2247 5356 3043 5357 2247 5358 3041 5358 3043 5358 3136 5359 3086 5359 3137 5359 3084 5360 3126 5360 3140 5360 797 5361 3142 5361 3126 5361 3086 5362 3084 5362 3137 5362 3246 5363 3146 5363 3148 5363 3148 5364 3149 5364 3246 5364 3160 5365 3157 5365 3145 5365 3157 5366 3160 5366 3161 5366 4645 5367 4641 5367 3161 5367 3140 5368 3137 5368 3084 5368 4177 5369 3142 5369 797 5369 3317 5370 3162 5370 3163 5370 3166 5371 3270 5371 3165 5371 3164 5372 3165 5372 3270 5372 3156 5373 3144 5373 3155 5373 3167 5374 3155 5374 3144 5374 3165 5375 3082 5375 3081 5375 3141 5376 3537 5376 952 5376 2999 5377 2993 5377 2997 5377 1007 5378 1012 5378 3169 5378 3128 5379 3180 5379 3123 5379 4474 5380 3176 5380 1012 5380 2981 5381 2644 5381 2982 5381 2634 5382 2982 5382 2644 5382 2210 5383 3434 5383 3179 5383 2210 5384 3179 5384 2218 5384 1012 5385 990 5385 4474 5385 3180 5386 3879 5386 3184 5386 2967 5387 2893 5387 3185 5387 2246 5388 3223 5388 2213 5388 3186 5389 3277 5389 3028 5389 2988 5390 3183 5390 2992 5390 3184 5391 3146 5391 3246 5391 3192 5392 3196 5392 3190 5392 4726 5393 4727 5393 4451 5393 3426 5394 3427 5394 3330 5394 3193 5395 3235 5395 3227 5395 3196 5396 2992 5396 3190 5396 4451 5397 4283 5397 4726 5397 3183 5398 3190 5399 2992 5400 3177 5401 3181 5401 3128 5401 3200 5402 4451 5402 3199 5402 3181 5403 3180 5403 3128 5403 3184 5404 3123 5404 3180 5404 3246 5405 3244 5405 3184 5405 3165 5406 3164 5406 3082 5406 3133 5407 3131 5407 3217 5407 3210 5408 3215 5408 3131 5408 3211 5409 3210 5409 3131 5409 3087 5410 3166 5410 3081 5410 3148 5411 3214 5411 3149 5411 3128 5412 3217 5412 3177 5412 3205 5413 3202 5413 3207 5413 3165 5414 3081 5414 3166 5414 2764 5415 3451 5415 2765 5415 3119 5416 3316 5416 3120 5416 3127 5417 3120 5417 3316 5417 3200 5418 3204 5418 3175 5418 2768 5419 3185 5419 2764 5419 3136 5420 3206 5420 3087 5420 3136 5421 3087 5421 3086 5421 3510 5422 3149 5422 3214 5422 3207 5423 3208 5423 3205 5423 3185 5424 3201 5424 2764 5424 3204 5425 3212 5425 3175 5425 3213 5426 3175 5426 3212 5426 3206 5427 3166 5427 3087 5427 3201 5428 3195 5428 2764 5428 3413 5429 3412 5429 3186 5429 3028 5430 3413 5430 3186 5430 3082 5431 3164 5431 3091 5431 3196 5432 3192 5432 3208 5432 3188 5433 3451 5433 3189 5433 3188 5434 3191 5434 3451 5434 3207 5435 3196 5435 3208 5435 3175 5436 3213 5436 3176 5436 3216 5437 3176 5437 3213 5437 3194 5438 3451 5438 3195 5438 3189 5439 3451 5439 3194 5439 2981 5440 2837 5440 2644 5440 3164 5441 3153 5441 3091 5441 3209 5442 3211 5442 3131 5442 3215 5443 3217 5443 3131 5443 3197 5444 3186 5444 3412 5444 3191 5445 3203 5445 3451 5445 3195 5446 3451 5446 2764 5446 3218 5447 3270 5447 3222 5447 3139 5448 3217 5448 3113 5448 3139 5449 3133 5449 3217 5449 3128 5450 3113 5450 3217 5450 3198 5451 3428 5451 3203 5451 3216 5452 3169 5452 3176 5452 3091 5453 3153 5453 3093 5453 1012 5454 3176 5454 3169 5454 3218 5455 3093 5455 3153 5455 3008 5456 3007 5456 2765 5456 3007 5457 2706 5457 2765 5457 2706 5458 2718 5458 2765 5458 3218 5459 3095 5459 3093 5459 2768 5460 2967 5460 3185 5460 3095 5461 3218 5461 3222 5461 4746 5462 3038 5462 961 5462 2621 5463 3967 5463 3228 5463 3125 5464 3316 5464 3119 5464 3222 5465 3219 5465 3106 5465 3174 5466 3129 5466 3173 5466 961 5467 960 5467 3226 5467 3116 5468 2201 5468 3118 5468 3112 5469 2201 5469 3108 5469 3228 5470 3229 5470 2621 5470 3230 5471 2621 5471 3229 5471 3222 5472 3106 5472 3095 5472 3174 5473 3159 5473 3130 5473 4183 5474 4182 5474 3228 5474 3100 5475 5102 5475 3073 5475 3174 5476 3130 5476 3129 5476 5071 5477 5093 5477 3224 5477 2938 5478 3107 5478 3232 5478 3098 5479 4965 5479 3099 5479 3232 5480 3234 5480 2938 5480 3227 5481 3235 5481 3236 5481 3234 5482 3239 5482 2938 5482 2775 5483 5071 5483 3233 5483 3234 5484 3241 5484 3240 5484 3237 5485 3238 5485 3231 5485 3282 5486 3188 5486 3283 5486 3076 5487 3083 5487 3163 5487 3162 5488 3076 5488 3163 5488 5102 5489 3478 5489 3069 5489 3069 5490 3073 5490 5102 5490 3240 5491 3239 5491 3234 5491 3083 5492 3168 5492 3163 5492 3202 5493 3205 5493 3242 5493 3239 5494 2951 5494 2938 5494 3231 5495 3238 5495 3129 5495 3243 5496 3237 5496 3231 5496 3173 5497 3129 5497 3238 5497 2952 5498 2953 5498 3239 5498 3106 5499 3219 5500 3101 5501 3242 5502 3230 5502 3202 5502 2621 5503 3242 5503 2338 5503 3240 5504 2958 5504 3239 5504 3257 5505 3258 5505 3137 5505 3241 5506 158 5506 157 5506 2350 5507 2338 5507 3261 5507 3259 5508 3261 5508 2338 5508 3231 5509 3129 5509 3134 5509 3260 5510 3257 5511 3140 5512 3241 5513 157 5513 3240 5513 3134 5514 3158 5514 3231 5514 3261 5515 3265 5515 2350 5515 3172 5516 2222 5516 3179 5516 2218 5517 3179 5517 2222 5517 3262 5518 3260 5518 3142 5518 2965 5519 3240 5519 157 5519 3132 5520 3168 5520 3083 5520 2222 5521 3170 5521 3132 5521 3142 5522 4177 5522 3262 5522 3158 5523 2939 5523 3231 5523 3232 5524 3123 5524 3244 5524 3170 5525 2222 5525 3172 5525 3168 5526 3132 5526 3170 5526 3194 5527 3287 5527 3189 5527 3283 5528 3189 5529 3287 5530 3317 5531 3247 5531 3162 5531 2295 5532 2939 5532 3158 5532 3270 5533 3166 5534 3258 5535 3248 5536 3234 5536 3246 5536 3244 5537 3246 5537 3232 5537 3034 5538 5089 5538 3042 5538 3468 5539 5089 5539 3033 5539 3251 5540 3252 5540 3317 5540 3250 5541 3251 5541 3317 5541 3252 5542 3247 5542 3317 5542 3042 5543 5089 5543 3044 5543 3232 5544 3246 5544 3234 5544 3162 5545 3247 5545 3077 5545 3162 5546 3077 5547 3076 5548 3000 5549 2844 5549 2893 5549 2351 5550 3265 5550 3267 5550 3247 5551 3252 5551 3077 5551 3250 5552 3079 5552 3251 5552 3253 5553 3231 5553 3255 5553 3191 5554 3284 5555 3294 5556 3063 5557 3053 5557 3245 5557 3053 5558 3050 5558 3245 5558 3248 5559 3254 5559 3234 5559 3050 5560 3514 5560 3245 5560 3077 5561 3252 5561 3078 5561 2982 5562 2647 5562 2999 5562 2994 5563 2993 5563 2673 5563 2993 5564 2999 5564 2673 5564 2939 5565 3255 5565 3231 5565 3191 5566 3282 5567 3284 5568 3206 5569 3136 5569 3258 5569 3251 5570 3078 5570 3252 5570 3259 5571 2338 5571 3242 5571 3254 5572 3256 5572 3234 5572 3137 5573 3140 5573 3257 5573 3255 5574 2939 5574 2935 5574 3140 5575 3142 5575 3260 5575 3264 5576 3241 5576 3263 5576 3262 23 4177 23 3266 23 2351 5577 2350 5578 3265 5579 3256 5580 3263 5580 3241 5580 3256 5581 3241 5581 3234 5581 3288 5582 2893 5582 2844 5582 3271 5583 3193 5583 3227 5583 3269 5584 3231 5585 3268 5586 3272 5587 3231 5587 3269 5587 3273 5588 3231 5588 3272 5588 3253 5589 3268 5589 3231 5589 3274 5590 3241 5590 3264 5590 3190 5591 3183 5592 2673 5593 3183 5594 2988 5594 2673 5594 2994 5595 2673 5595 2987 5595 2987 5596 2673 5596 2988 5596 3245 5597 3270 5597 3063 5597 3257 5598 3060 5598 3258 5598 3257 5599 3260 5600 3060 5601 3075 5602 3060 5602 3260 5602 3063 5603 3258 5603 3060 5603 3275 5604 3231 5605 3273 5606 3276 5607 3231 5607 3275 5607 3278 5608 3231 5608 3276 5608 833 5609 3075 5609 3260 5609 3249 5610 3092 5610 3250 5610 833 5611 3260 5611 3262 5611 833 5612 3262 5613 3266 5614 150 5615 158 5615 3274 5615 3279 5616 3231 5616 3281 5616 3278 5617 3281 5617 3231 5617 3243 5618 3231 5619 3279 5620 3241 5621 3274 5621 158 5621 3258 5622 3063 5622 3270 5622 3286 5623 3158 5623 3285 5623 3287 5624 3194 5624 3288 5624 3154 5625 3285 5625 3158 5625 3208 5626 3259 5626 3205 5626 3265 5627 3261 5627 3192 5627 3190 5628 3265 5628 3192 5628 3242 5629 3205 5629 3259 5629 3259 5630 3208 5630 3261 5630 3208 5631 3192 5631 3261 5631 3289 5632 3293 5632 2972 5632 3092 5633 3249 5634 3094 5635 3280 5636 3094 5636 3249 5636 3265 5637 3190 5637 3267 5637 3295 5638 3289 5638 3291 5638 3296 5639 3280 5639 3317 5639 3296 5640 3317 5640 3297 5640 3295 5641 3293 5641 3289 5641 2673 5642 2999 5642 2657 5642 3233 5643 3310 5643 2780 5643 3317 5644 3298 5644 3297 5644 3293 5645 2983 5645 2972 5645 3287 5646 3307 5647 3283 5648 5114 5649 3292 5649 3307 5649 3295 5650 3299 5651 3302 5652 3294 5653 3307 5653 3292 5653 3282 5654 3307 5655 3284 5656 2339 5657 3332 5658 2346 5659 3283 5660 3307 5660 3282 5660 3288 5661 3307 5661 3287 5661 4490 5662 3328 5662 4495 5662 3303 5663 3304 5663 3293 5663 4495 5664 963 5664 965 5664 2823 5665 3307 5665 3288 5665 3288 5666 2844 5666 2823 5666 3290 5667 3292 5668 5113 5669 2345 5670 3336 5670 2714 5670 1855 5671 2345 5671 2714 5671 5114 5672 5113 5672 3292 5672 2351 5673 3267 5673 2355 5673 3511 5674 3301 5674 3305 5674 3306 5675 3167 5675 3144 5675 3284 5676 3307 5677 3294 5678 3293 5679 3295 5679 3303 5679 3256 5680 3305 5680 3263 5680 3254 5681 3248 5681 3149 5681 3246 5682 3149 5682 3248 5682 3088 5683 3297 5683 3090 5683 3298 5684 3090 5684 3297 5684 3302 5685 3303 5685 3295 5685 3149 5686 3305 5686 3256 5686 3256 5687 3254 5687 3149 5687 2996 5688 2983 5688 2995 5688 3301 5689 3263 5689 3305 5689 3311 5690 5087 5690 3310 5690 3298 5691 3317 5691 3324 5691 2983 5692 3293 5692 2995 5692 3304 5693 2995 5693 3293 5693 3123 5694 3184 5694 3244 5694 3324 5695 3103 5695 3298 5695 3394 36 3395 36 3141 36 3267 5696 3334 5696 2355 5696 3094 5697 3280 5698 3096 5699 3296 5700 3096 5700 3280 5700 3371 5701 1946 5701 3368 5701 3096 5702 3296 5702 3088 5702 1946 5703 3371 5703 1943 5703 3369 5704 1943 5705 3371 5706 2201 5707 59 5707 3960 5707 3297 5708 3088 5708 3296 5708 3325 5709 3314 5710 3395 5711 3131 5712 3316 5712 3209 5712 2201 5713 3316 5713 3125 5713 3131 5714 3127 5714 3316 5714 2340 5715 3331 5715 2339 5715 3312 5716 3274 5716 3313 5716 3315 5717 150 5717 3312 5717 150 5718 3274 5718 3312 5718 3331 5719 2340 5719 3334 5719 3314 5720 3306 5721 3395 5722 3264 5723 3300 5723 3274 5723 3317 5724 3529 5724 3324 5724 3090 5725 3298 5725 3103 5725 3335 5726 2346 5726 3332 5726 150 5727 3315 5727 3320 5727 3324 5728 3323 5728 3103 5728 3103 5729 3323 5729 3435 5729 3321 5730 4538 5730 3435 5730 3301 5731 3300 5731 3263 5731 3322 5732 3435 5732 3323 5732 4490 5733 3327 5734 3328 5735 3321 5736 3435 5736 3322 5736 3264 5737 3263 5737 3300 5737 3300 5738 3313 5738 3274 5738 963 5739 4495 5739 3328 5739 977 5740 963 5740 3328 5740 3068 5741 3072 5741 3062 5741 3072 5742 3071 5742 3407 5742 3104 5743 3401 5743 3105 5743 3105 5744 3407 5744 3071 5744 952 5745 1008 5745 3141 5745 3435 5746 3404 5746 3104 5746 3332 5747 2339 5747 3331 5747 2343 5748 3334 5749 2340 5750 2623 5751 2605 5751 3377 5751 3144 5752 3395 5752 3306 5752 2345 5753 3335 5753 3336 5753 977 5754 3328 5754 990 5754 3378 5755 3374 5756 2607 5757 3337 5758 2714 5758 3336 5758 3327 5759 4612 5759 990 5759 3328 5760 3327 5761 990 5762 3143 5763 3651 5763 3147 5763 3337 5764 3339 5764 2714 5764 3189 5765 3283 5765 3188 5765 3394 5766 3141 5766 1008 5766 2343 5767 2355 5767 3334 5767 3138 5768 3440 5768 3143 5768 3188 5769 3282 5769 3191 5769 2672 5770 3190 5770 2673 5770 2607 5771 2608 5771 3378 5771 3197 5772 3290 5772 3277 5772 3527 5773 3526 5773 3152 5773 3319 5774 3325 5775 3395 5776 3318 138 3319 138 3395 138 3331 5777 3190 5777 3332 5777 3337 5778 3336 5778 2672 5778 3341 5779 2225 5779 3379 5779 2235 5780 3379 5780 2225 5780 3292 5781 3290 5782 3198 5783 3197 5784 3198 5784 3290 5784 3334 5785 3190 5785 3331 5785 2225 5786 3341 5786 2229 5786 3294 5787 3292 5787 3203 5787 3198 5788 3203 5788 3292 5788 3335 5789 3190 5789 3336 5789 3340 5790 3318 5791 3395 5792 3335 5793 3332 5793 3190 5793 3203 5794 3191 5794 3294 5794 3337 5795 2672 5795 3339 5795 3190 5796 2672 5796 3336 5796 2823 5797 2781 5797 3310 5797 3310 5798 3309 5798 2823 5798 3309 5799 3308 5799 2823 5799 3307 5800 2823 5800 3308 5800 3329 5801 3326 5801 3224 5801 3233 5802 3224 5803 3326 5804 3310 5805 3233 5805 3326 5805 3310 5806 3326 5806 3311 5806 3112 5807 59 5807 2201 5807 3125 5808 3118 5808 2201 5808 3116 5809 3108 5809 2201 5809 64 5810 59 5810 3111 5810 60 5811 64 5811 3115 5811 3115 5812 64 5812 3111 5812 2451 5813 395 5813 3415 5813 3290 5814 5136 5814 3277 5814 3348 5815 3277 5815 5126 5815 4232 5816 3017 5816 4322 5816 3370 5817 3363 5817 4304 5817 2608 5818 2231 5818 3338 5818 2229 5819 3341 5819 2231 5819 3268 5820 3253 5820 3344 5820 3347 5821 3268 5821 3344 5821 3338 5822 2231 5822 3341 5822 3355 5823 1001 5823 1000 5823 3354 5824 2067 5824 3356 5824 3377 5825 2606 5825 3374 5825 3253 5826 3255 5826 3343 5826 3349 5827 3343 5827 3255 5827 2935 5828 3349 5828 3255 5828 3353 5829 3422 5829 3355 5829 3343 5830 3344 5830 3253 5830 3356 5831 3357 5831 3354 5831 3410 5832 2246 5832 2460 5832 3360 5833 3361 5833 3358 5833 2606 5834 2607 5834 3374 5834 4296 5835 3362 5835 3347 5835 3217 5836 3855 5836 3177 5836 3215 5837 3855 5837 3217 5837 3856 5838 3177 5838 3855 5838 1945 5839 1948 5839 3366 5839 3380 5840 3338 5841 3379 5842 4836 5843 4835 5843 2995 5843 3363 5844 3364 5844 4304 5844 4304 5845 3364 5846 4296 5847 3334 5848 3267 5848 3190 5848 3364 5849 3269 5849 3362 5849 3347 5850 3362 5850 3269 5850 3347 5851 3269 5851 3268 5851 3304 5852 3303 5853 2995 5854 3302 5855 3299 5856 2995 5857 2634 5858 2647 5858 2982 5858 3338 5859 3341 5859 3379 5859 3269 5860 3364 5860 3272 5860 3169 5861 3351 5861 3350 5861 3353 5862 1007 5862 3350 5862 3169 5863 3350 5863 1007 5863 3366 5864 3367 5864 3368 5864 2763 5865 3339 5865 2675 5865 3363 5866 3272 5866 3364 5866 3362 5867 4296 5867 3364 5867 3272 5868 3363 5868 3273 5868 3370 5869 3273 5869 3363 5869 1000 5870 1007 5870 3355 5870 3353 5871 3355 5871 1007 5871 386 5872 389 5873 395 5874 1945 5875 3366 5875 1946 5875 2997 5876 3375 5876 3376 5876 3213 5877 3360 5877 3216 5877 3370 5878 3275 5878 3273 5878 3216 5879 3360 5879 3169 5879 2068 5880 3359 5880 3356 5880 3352 5881 3275 5881 3370 5881 2067 5882 2068 5882 3356 5882 3352 5883 3370 5883 4304 5883 3381 5884 4304 5884 3383 5884 3359 5885 1733 5885 2637 5885 2608 5886 3338 5886 3380 5886 3212 5887 3361 5887 3360 5887 3213 5888 3212 5888 3360 5888 3351 5889 3169 5889 3360 5889 3376 5890 2981 5890 2997 5890 2084 5891 2067 5891 2086 5891 3275 5892 3352 5892 3276 5892 3381 5893 3276 5893 3352 5893 3354 5894 2103 5894 2086 5894 3487 5895 3358 5895 3386 5895 2981 5896 3376 5896 2837 5896 3358 5897 3361 5897 3386 5897 3384 5898 3385 5898 3357 5898 3384 5899 3357 5899 3356 5899 3383 5900 3278 5900 3381 5900 3276 5901 3381 5901 3278 5901 3382 5902 3281 5902 3383 5902 3388 5903 3375 5903 3387 5903 3384 5904 2765 5904 3385 5904 3361 5905 3212 5905 3386 5905 3380 5906 3378 5906 2608 5906 3281 5907 3278 5908 3383 5909 3384 5910 3356 5910 3391 5910 3204 5911 3386 5911 3212 5911 3389 5912 3387 5912 3375 5912 3390 5913 3391 5913 3356 5913 3359 5914 3007 5914 3008 5914 3279 5915 3820 5916 3243 5917 3395 5918 3346 5919 3393 5920 3388 5921 3399 5921 3375 5921 3008 5922 3390 5922 3356 5922 3243 5923 3820 5923 3237 5923 3388 5924 3387 5924 3399 5924 3356 5925 3359 5925 3008 5925 3415 5926 395 5926 392 5926 3476 5927 3446 5927 3396 5927 3366 5928 1948 5928 3367 5928 3144 36 3141 36 3395 36 3174 5929 3173 5929 3859 5929 3238 5930 3859 5930 3173 5930 3397 5931 3395 5931 3393 5931 3342 5932 3340 5933 3395 5934 3397 5935 3342 5935 3395 5935 3375 5936 3398 5936 3389 5936 3374 5937 3039 5937 3377 5937 3378 5938 3039 5939 3374 5940 3043 5941 3378 5942 2242 5943 3043 5944 3039 5944 3378 5944 3036 5945 3377 5946 3039 5947 3035 5948 3377 5948 3036 5948 3396 5949 3389 5949 3398 5949 2637 5950 2706 5950 3359 5950 3382 5951 3279 5952 3281 5953 3378 5954 3380 5954 2242 5954 2991 5955 2990 5955 4850 5955 3303 5956 3302 5956 2995 5956 3380 5957 3379 5958 2242 5959 2235 5960 2242 5960 3379 5960 3345 5961 3346 5961 3461 5961 3395 5962 3461 5962 3346 5962 3392 5963 3035 5963 2612 5963 2991 5964 4850 5964 3368 5964 2991 5965 3368 5965 3367 5965 3392 5966 3377 5967 3035 5968 3350 5969 3420 5969 3353 5969 3368 5970 4850 5970 3371 5970 3369 5971 3371 5972 4850 5973 4040 5974 2991 5974 3018 5974 2460 23 2451 23 3415 23 3860 5975 3861 5975 3181 5975 3181 5976 3177 5976 3860 5976 3856 5977 3860 5977 3177 5977 3355 5978 3422 5978 1001 5978 2534 5979 2612 5979 3035 5979 2246 5980 3410 5980 3223 5980 3316 5981 3971 5981 3209 5981 2208 5982 2460 5982 2246 5982 3211 5983 3900 5983 3210 5983 1008 5984 1041 5984 3394 5984 3412 5985 3413 5985 3414 5985 3899 5986 3211 5986 3209 5986 3901 5987 3215 5987 3210 5987 3227 23 3223 23 3415 23 3410 23 3415 23 3223 23 3451 5988 3203 5988 3428 5988 3461 5989 3418 5990 3403 5991 3403 5992 3345 5993 3461 5994 2460 5995 3415 5995 3410 5995 392 5996 378 5996 3415 5996 3271 5997 3227 5997 377 5997 3415 5998 377 5998 3227 5998 3422 5999 3353 6000 3420 6001 2689 6002 2307 6002 3423 6002 3421 6003 3412 6003 3419 6003 3414 6004 3419 6004 3412 6004 3424 6005 2880 6005 3423 6005 3171 6006 3330 6006 3429 6006 3419 6007 3428 6007 3421 6007 2332 6008 2333 6008 3431 6008 3427 6009 3429 6009 3330 6009 2332 6010 3431 6010 2327 6010 1031 6011 1001 6011 3422 6011 4669 6012 1745 6012 3431 6012 3458 5984 3394 5984 1041 5984 3433 6013 3425 6013 3170 6013 3473 6014 380 6014 375 6014 3434 23 3433 23 3172 23 3170 6015 3172 6015 3433 6015 3429 6016 3178 6016 3171 6016 2256 6017 3434 6017 2210 6017 3172 6018 3179 6018 3434 6018 3422 6019 3420 6020 960 6021 3443 6022 553 6022 3522 6022 463 6023 3522 6023 553 6023 3430 6024 4218 6024 3435 6024 3330 6025 3333 6025 3438 6025 960 6026 1031 6026 3422 6026 3437 6027 3438 6027 3333 6027 3399 6028 3405 6028 3376 6028 3375 6029 3399 6029 3376 6029 3440 6030 3138 6030 3135 6030 3436 6031 3437 6031 3333 6031 499 6032 3916 6032 375 6032 3135 6033 3664 6033 3440 6033 3444 6034 3455 6034 3227 6034 3446 6035 2851 6035 3376 6035 3418 6036 3461 6037 3445 6038 3405 6039 3446 6039 3376 6039 3912 6040 554 6040 553 6040 3461 6041 3395 6041 3394 6041 2837 6042 3376 6042 2851 6042 3433 6043 2268 6043 3425 6043 555 6044 554 6044 3917 6044 3434 6045 2268 6046 3433 6047 3479 6048 3425 6048 2268 6048 555 6049 3917 6049 3916 6049 2256 6050 2268 6050 3434 6050 4317 6051 4721 6051 4314 6051 3446 6052 3476 6052 2851 6052 3385 6053 3451 6053 3357 6053 3442 6054 3448 6054 3441 6054 3450 6055 3398 6055 2992 6055 3441 6056 3448 6056 3449 6056 2992 6057 3375 6057 2997 6057 3428 6058 3419 6058 3451 6058 3333 6059 3441 6059 3449 6059 732 6060 380 6060 4334 6060 3419 6061 3357 6061 3451 6061 2992 6062 3398 6062 3375 6062 3432 6063 3453 6063 3406 6063 813 6064 794 6064 799 6064 3445 6065 3461 6066 3447 6067 618 6068 800 6068 4314 6068 3223 23 3227 23 3464 23 3406 6069 3453 6069 3408 6069 3333 6070 3449 6070 3436 6070 3455 6071 3457 6072 3227 6073 3454 6074 3419 6074 3414 6074 3411 6075 3408 6075 3453 6075 3438 6076 3426 6076 3330 6076 4317 6077 4314 6077 812 6077 3454 6078 3456 6078 3419 6078 3236 6079 3444 6080 3227 6081 3457 6082 3460 6082 3227 6082 5058 6083 3468 6083 3453 6083 4318 6084 813 6084 799 6084 3456 6085 3454 6085 2147 6085 2146 6086 2147 6086 3454 6086 2274 6087 2213 6087 3223 6087 812 6088 813 6088 4317 6088 3333 6089 3996 6089 3441 6089 4003 6090 3441 6090 3996 6090 794 6091 732 6091 4334 6091 3207 6092 4170 6092 3373 6092 172 6093 3441 6093 3991 6093 4003 6094 3991 6094 3441 6094 801 3538 3458 3538 1041 3538 794 6095 4574 6095 799 6095 3450 6096 3196 6096 3207 6096 3469 23 3464 23 3227 23 3207 6097 3373 6097 3450 6097 3460 6098 402 6098 3469 6098 3469 6099 3227 6099 3460 6099 2274 6100 3464 6100 3089 6100 2992 6101 3196 6101 3450 6101 3459 6102 3442 6102 3441 6102 3464 6103 2274 6103 3223 6103 3400 6104 3105 6104 3401 6104 3407 6105 3105 6105 3400 6105 3461 6106 3394 6106 3458 6106 2243 6107 3466 6107 3461 6107 2243 6108 3461 6108 2240 6108 3463 6109 3450 6109 3462 6109 3373 6110 3462 6110 3450 6110 3441 6111 172 6111 3459 6111 3447 6112 3461 6112 3466 6112 3467 6113 4348 6113 3469 6113 4348 23 3464 23 3469 23 3033 6114 3031 6114 3468 6114 3408 6115 3411 6115 3468 6115 164 6116 3459 6116 172 6116 3313 6117 3481 6117 3312 6117 3482 6118 3312 6118 3481 6118 3289 6119 2972 6119 3470 6119 3462 6120 3373 6120 3372 6120 1443 6121 1451 6121 3485 6121 3469 6122 401 6122 400 6122 3471 6123 3467 6123 400 6123 3469 6124 400 6124 3467 6124 401 6125 3469 6125 402 6125 4348 23 3467 23 2051 23 3470 6126 3472 6126 3289 6126 3521 23 2051 23 3467 23 3482 6127 3315 6127 3312 6127 3396 6128 3398 6128 3476 6128 3473 6129 3923 6129 3474 6129 3521 6130 3467 6130 413 6130 3471 6131 413 6131 3467 6131 3475 6132 3476 6132 3398 6132 3289 6133 3478 6133 3291 6133 3477 6134 3291 6134 3478 6134 380 6135 3473 6135 3480 6135 2268 6136 2295 6136 3479 6136 3158 6137 3479 6137 2295 6137 3149 6138 3507 6138 3305 6138 3511 6139 3305 6140 3507 6141 3474 6142 3480 6142 3473 6142 3478 6143 3289 6143 3472 6143 3511 6144 3488 6144 3300 6144 3300 6145 3301 6145 3511 6145 3398 6146 3450 6146 3475 6146 3286 6147 3479 6147 3158 6147 3463 6148 3475 6148 3450 6148 3300 6149 3489 6149 3313 6149 3481 6150 3313 6151 3489 6152 3360 6153 3498 6153 3351 6153 3163 6154 3495 6154 3317 6154 3474 6155 3483 6155 3480 6155 3482 6156 3484 6157 3315 6158 4473 6159 4761 6159 3372 6159 336 6160 335 6160 3484 6160 3103 6161 3435 6161 3104 6161 3402 6162 3104 6162 3404 6162 3401 6163 3104 6163 3402 6163 3513 6164 3501 6164 3514 6164 3249 6165 3250 6165 3317 6165 3416 6166 4542 6166 3417 6166 4761 6167 3499 6167 3372 6167 3245 6168 3514 6168 3503 6168 3387 6169 3446 6169 3399 6169 3218 6170 3153 6170 3270 6170 3489 6171 3300 6171 3488 6171 3425 6172 3495 6172 3170 6172 3495 6173 3163 6173 3168 6173 164 6174 3484 6175 3482 6176 164 6177 3482 6177 3481 6177 3459 6178 3481 6178 3442 6178 164 6179 3481 6179 3459 6179 3219 6180 3222 6180 3270 6180 3486 6181 3487 6181 3199 6181 3486 6182 3199 6182 3485 6182 3481 6183 3489 6184 3442 6185 3489 6186 3488 6186 3442 6186 3386 6187 3204 6187 3487 6187 336 6188 3484 6188 164 6188 3502 6189 3514 6189 3501 6189 3204 6190 3200 6190 3487 6190 3199 6191 3487 6191 3200 6191 3419 6192 3354 6192 3357 6192 3501 6193 3513 6193 3500 6193 3512 6194 3500 6195 3513 6196 3456 6197 3354 6197 3419 6197 3350 6198 3496 6198 3420 6198 3503 6199 3505 6199 3270 6199 3351 6200 3496 6200 3350 6200 3456 6201 2153 6201 3354 6201 2153 6202 2152 6202 3354 6202 4542 6203 4543 6203 3590 6203 3504 6204 3498 6204 3358 6204 3477 6205 3478 6205 5102 6205 3454 6206 4528 6206 3620 6206 3496 138 3351 138 3498 138 2147 6207 2159 6207 3456 6207 2159 6208 2153 6208 3456 6208 3491 6209 484 6209 3490 6209 3515 6210 3358 6210 3487 6210 3168 6211 3170 6211 3495 6211 3270 6212 3245 6212 3503 6212 3360 6213 3358 6213 3498 6213 3219 6214 3270 6214 3505 6214 3491 6215 3492 6215 486 6215 3491 6216 486 6216 484 6216 3286 6217 3615 6217 3479 6217 3226 6218 960 6218 3496 6218 3420 6219 3496 6219 960 6219 487 6220 3493 6220 479 6220 3490 6221 479 6222 3493 6223 3414 6224 3413 6224 4552 6224 4965 6225 4963 6225 3099 6225 3407 6226 3400 6226 3021 6226 3448 6227 3442 6227 3488 6227 3221 6228 3220 6228 3504 6228 3504 6229 3220 6229 3498 6229 3498 138 3220 138 3496 138 3098 6230 3502 6230 4965 6230 489 6231 3494 6231 487 6231 3493 6232 487 6232 3494 6232 3226 6233 3496 6233 3220 6233 3501 6234 4965 6234 3502 6234 3503 6235 3502 6235 3098 6235 3508 6236 3509 6237 491 6238 490 6239 491 6239 3509 6239 3507 6240 3149 6240 3510 6240 3501 6241 3500 6241 4965 6241 3506 6242 3407 6242 3025 6242 3021 6243 3025 6243 3407 6243 3503 6244 3098 6244 3505 6244 3101 6245 3505 6245 3098 6245 477 6246 490 6246 3499 6246 3509 6247 3499 6247 490 6247 3470 6248 3069 6248 3478 6248 3472 6249 3470 6249 3478 6249 3066 6250 3069 6250 3470 6250 3449 6251 3511 6251 3436 6251 3448 6252 3511 6252 3449 6252 3025 6253 3062 6253 3506 6253 3507 6254 3510 6254 3436 6254 3437 6255 3436 6255 3510 6255 3101 6256 3219 6256 3505 6256 3532 6257 4538 6257 3535 6257 3507 6258 3436 6259 3511 6260 489 6261 497 6261 3494 6261 2872 6262 3494 6262 497 6262 3488 6263 3511 6263 3448 6263 3323 6264 3529 6264 3322 6264 3529 6265 3527 6265 3322 6265 3322 6266 3536 6266 3321 6266 3535 6267 3321 6268 3536 6269 3438 6270 3214 6270 3426 6270 3427 6271 3426 6271 3881 6271 3437 6272 3214 6272 3438 6272 491 6273 502 6273 3508 6273 3497 6274 3508 6274 502 6274 3542 6275 4538 6275 3532 6275 4744 6276 4743 6276 4816 6276 3504 6277 3516 6277 3221 6277 3280 6278 3249 6278 3317 6278 3502 6279 3503 6279 3514 6279 3492 6280 3497 6281 486 6282 3411 6283 3453 6283 3468 6283 3510 6284 3214 6284 3437 6284 3881 6285 3426 6285 3214 6285 3323 6286 3324 6286 3529 6286 3427 6287 3881 6287 3429 6287 5058 6288 5059 6288 3468 6288 3358 6289 3515 6290 3516 6291 3881 6292 3879 6292 3429 6292 3476 6293 3491 6293 3490 6293 3490 6294 3493 6295 3476 6296 3506 6297 3062 6297 3407 6297 3062 6298 3072 6298 3407 6298 3516 6299 3504 6299 3358 6299 2833 6300 2979 6300 178 6300 3491 6301 3476 6302 3492 6303 3513 6304 5089 6305 3512 6306 139 6307 178 6307 2979 6307 3513 6308 3514 6308 5089 6308 3474 6309 3465 6309 3483 6309 3493 6310 3494 6310 3476 6310 2833 6311 178 6311 177 6311 3050 6312 5089 6312 3514 6312 3517 6313 2833 6313 177 6313 2872 6314 2825 6314 3494 6314 3492 6315 3476 6316 3497 6317 3521 23 820 23 1006 23 2848 6318 3517 6318 3518 6318 3031 6319 3520 6319 3920 6319 822 6320 820 6320 514 6320 514 6321 820 6321 3521 6321 3499 6322 3509 6322 3462 6322 3519 6323 3518 6323 3517 6323 3031 6324 3523 6324 3520 6324 3517 6325 3524 6325 3519 6325 3527 6326 3529 6326 3526 6326 514 591 3521 591 516 591 3031 6327 3525 6327 3523 6327 3528 6328 3559 6328 3990 6328 3508 6329 3497 6329 3476 6329 3521 6330 413 6330 516 6330 3524 6331 3517 6331 3531 6331 1874 6332 1872 6332 3522 6332 1006 23 2051 23 3521 23 3533 6333 3523 6333 3530 6333 3476 6334 3475 6334 3508 6334 3509 6335 3508 6336 3463 6337 3542 6338 3532 6338 3526 6338 3523 6339 3525 6339 3530 6339 177 6340 3531 6340 3517 6340 3522 6341 3555 6341 3990 6341 177 6342 215 6342 3531 6342 3405 6343 3399 6343 3446 6343 1875 6344 3555 6344 1872 6344 4739 6345 4744 6345 4816 6345 3389 6346 3396 6346 3446 6346 3387 6347 3389 6347 3446 6347 1873 6348 3528 6348 1875 6348 3031 6349 3042 6349 3525 6349 3665 6350 3761 6350 3556 6350 3042 6351 3044 6351 3525 6351 3145 6352 3157 6352 3537 6352 3539 6353 3537 6353 3157 6353 1309 6354 2689 6354 1310 6354 3044 6355 3050 6355 3525 6355 3525 6356 3050 6356 3530 6356 3547 6357 3949 6357 3546 6357 3538 6358 4081 6358 3543 6358 2689 6359 2688 6359 1310 6359 1879 6360 3559 6360 1873 6360 3053 6361 3063 6361 3530 6361 3544 6362 3545 6362 3549 6362 847 6363 3533 6363 848 6363 3551 6364 3548 6364 4081 6364 3548 6365 3543 6365 4081 6365 3545 6366 3544 6366 2130 6366 1315 6367 3706 6367 1818 6367 3549 3163 2143 3163 3544 3163 3544 6368 2143 6368 2130 6368 3530 6369 848 6369 3533 6369 1880 6370 3547 6370 3546 6370 2126 6371 3545 6371 2130 6371 3060 6372 3075 6372 3530 6372 3530 6373 3075 6373 848 6373 3522 6374 463 6374 1874 6374 833 6375 848 6375 3075 6375 3528 6376 3990 6376 3555 6376 3557 6377 3665 6377 3556 6377 3522 6378 1872 6378 3555 6378 1104 6379 2248 6379 3553 6379 1796 6380 3701 6380 1795 6380 1875 6381 3528 6381 3555 6381 3553 6382 1102 6382 1104 6382 3520 6383 3558 6383 3554 6383 3559 6384 3582 6384 3990 6384 1881 6385 1877 6385 3561 6385 3523 6386 3558 6386 3520 6386 3566 6387 3542 6387 3565 6387 3567 6388 4085 6388 3564 6388 3569 6389 3990 6389 3561 6389 3546 6390 3990 6390 3569 6390 3563 6391 3564 6391 4085 6391 3561 6392 1877 6392 3569 6392 3560 6393 3698 6393 3571 6393 3523 6394 3568 6394 3558 6394 3571 6395 179 6395 188 6395 3572 6396 3573 6396 3553 6396 3528 6397 1873 6397 3559 6397 3523 6398 3574 6398 3568 6398 3559 6399 1879 6399 3582 6399 3577 6400 3533 6400 3576 6400 1112 6401 1110 6401 3575 6401 1110 6402 3553 6402 3575 6402 3573 6403 3575 6403 3553 6403 2144 6404 2130 6404 2143 6404 2136 6405 2120 6405 2137 6405 3744 6406 2149 6406 3549 6406 3536 6407 3322 6407 3527 6407 4086 6408 3552 6408 3580 6408 3708 6409 3709 6409 1803 6409 1880 6410 3546 6410 1876 6410 3578 6411 3533 6412 3577 6413 3569 6414 1876 6414 3546 6414 2143 3163 3549 3163 2149 3163 2142 3163 2128 3163 2144 3163 3561 6415 3990 6415 3582 6415 3579 6416 3533 6417 3578 6418 3584 6419 3533 6420 3583 6421 3579 6422 3583 6423 3533 6424 3585 6425 3602 6426 3533 6427 3581 6428 3576 6428 3533 6428 1803 6429 3704 6429 1796 6429 3561 6430 3582 6430 1881 6430 4085 6431 4086 6431 3563 6431 3574 6432 3523 6432 3588 6432 3580 6433 3563 6433 4086 6433 1881 6434 3582 6434 1879 6434 3593 6435 1900 6435 3592 6435 3023 6436 3024 6436 4557 6436 3594 6437 3553 6437 2254 6437 1276 6438 1158 6438 3592 6438 2248 6439 2254 6439 3553 6439 3595 6440 1920 6440 1897 6440 3028 6441 3023 6441 4552 6441 4557 6442 4552 6442 3023 6442 3594 6443 3572 6443 3553 6443 3598 6444 3599 6444 4098 6444 3650 6445 3601 6445 1897 6445 3390 6446 3008 6446 2765 6446 3391 6447 3390 6447 2765 6447 3601 6448 3758 6448 3595 6448 3595 6449 3758 6449 1920 6449 3451 6450 3385 6450 2765 6450 3391 6451 2765 6452 3384 6453 3598 6454 4098 6454 3591 6454 3584 6455 3585 6455 3533 6455 3602 6456 3589 6456 3533 6456 3589 6457 3587 6457 3533 6457 3587 6458 3588 6458 3533 6458 3533 6459 3588 6459 3523 6459 3028 6460 4552 6460 3413 6460 3198 6461 3197 6461 3412 6461 3412 6462 3421 6462 3198 6462 3428 6463 3198 6463 3421 6463 3779 6464 3778 6464 3600 6464 3154 6465 3152 6465 3526 6465 3285 6466 3154 6466 3526 6466 3603 6467 3581 6467 3533 6467 4098 6468 3599 6468 2258 6468 2074 6469 3639 6469 2116 6469 3532 6470 3565 6470 3526 6470 3532 6471 3699 6471 3566 6471 1110 6472 1102 6472 3553 6472 2116 6473 3641 6473 2118 6473 3535 6474 3699 6474 3532 6474 3536 6475 3527 6475 3699 6475 3700 6476 3566 6476 3699 6476 841 6477 3603 6477 847 6477 3533 6478 847 6478 3603 6478 3152 6479 3699 6479 3527 6479 2126 6480 2121 6480 3669 6480 3535 6481 3536 6482 3699 6483 2121 6484 2118 6484 3662 6484 2374 6485 3607 6485 3608 6485 3604 6486 3605 6486 3545 6486 3606 6487 3545 6487 3605 6487 3688 6488 3586 6488 3691 6488 3285 6489 3526 6489 3565 6489 3565 6490 3532 6490 3566 6490 3688 6491 3687 6491 3570 6491 3590 138 3691 138 3586 138 3570 6492 3586 6492 3688 6492 3697 6493 3614 6493 3616 6493 3566 6494 3700 6494 3590 6494 2146 6495 3454 6495 3620 6495 3565 6496 3542 6496 3615 6496 3622 6497 3624 6497 4528 6497 3653 6498 3616 6498 3655 6498 3623 6499 3655 6500 3616 6501 3425 6502 3479 6502 3615 6502 3565 6503 3615 6504 3285 6505 4528 6506 3628 6506 3629 6506 4528 6507 3629 6507 3618 6507 3618 6508 3619 6508 4528 6508 3581 6509 3608 6509 3576 6509 3610 6510 3626 6510 3627 6510 3663 6511 3630 6511 3631 6511 3663 6512 3631 6512 3632 6512 4528 6513 3612 6513 3625 6513 3625 6514 3621 6514 4528 6514 3621 6515 3622 6515 4528 6515 3624 6516 3628 6516 4528 6516 3440 6517 3651 6517 3143 6517 3623 6518 3630 6519 3655 6520 3663 6521 3655 6521 3630 6521 3607 6522 3576 6522 3608 6522 3581 6523 3603 6523 3608 6523 841 6524 3611 6524 3603 6524 2292 6525 3668 6525 3718 6525 3608 6526 3603 6526 3609 6526 4072 6527 3633 6527 3610 6527 2116 6528 3638 6528 3634 6528 3718 6529 3719 6529 2292 6529 3611 6530 841 6530 3613 6530 3609 6531 3603 6531 3611 6531 3610 6532 3633 6532 3626 6532 3613 6533 841 6533 3617 6533 2074 6534 2125 6534 3639 6534 3640 6535 2116 6535 3639 6535 3637 6536 2116 6536 3640 6536 3638 6537 2116 6537 3637 6537 3634 6538 3641 6538 2116 6538 2374 6539 3642 6539 3607 6539 3690 6540 3745 6540 3689 6540 3638 6541 2173 6541 3634 6541 3645 6542 2118 6542 3641 6542 3647 6543 3648 6543 2375 6543 3646 6544 3647 6544 2375 6544 2374 6545 2375 6546 3648 6547 2374 6548 3648 6548 3642 6548 3560 6549 6 6549 1795 6549 3560 6550 3571 6550 6 6550 3606 6551 3605 6551 3792 6551 188 6552 6 6552 3571 6552 3643 6553 3649 6553 3635 6553 3635 6554 3649 6554 3636 6554 3601 6555 3595 6555 1897 6555 3674 6556 3721 6556 3604 6556 3652 6557 3636 6557 3651 6557 3649 6558 3651 6558 3636 6558 2549 6559 3660 6559 3665 6559 3697 6560 3616 6560 3653 6560 3854 6561 3853 6561 3650 6561 3720 6562 3596 6562 3597 6562 3650 6563 1900 6563 3654 6563 3657 6564 3665 6565 3557 6566 3670 6567 3665 6567 3657 6567 1188 6568 1259 6568 3882 6568 2121 6569 3662 6569 3659 6569 3659 6570 3669 6570 2121 6570 192 6571 3660 6571 2549 6571 3656 6572 3658 6572 3664 6572 3656 6573 3664 6573 3636 6573 3662 6574 3737 6574 3659 6574 3949 6575 3751 6575 3950 6575 3662 6576 2118 6576 3667 6576 3665 6577 2552 6577 2549 6577 3661 6578 3718 6578 3668 6578 3669 6579 3659 6579 3737 6579 3636 6580 3652 6580 3656 6580 3671 6581 3665 6581 3670 6581 3665 6582 3671 6582 1338 6582 3665 6583 1338 6583 2552 6583 3439 6584 3440 6584 3664 6584 3673 6585 2126 6585 3672 6585 3669 6586 3672 6586 2126 6586 2387 6587 3668 6587 2292 6587 3673 6588 3674 6588 2126 6588 3580 6589 3552 6589 2052 6589 3552 6590 3538 6590 2052 6590 3538 6591 3543 6591 2052 6591 3648 6592 3577 6592 3642 6592 3607 6593 3642 6593 3577 6593 3607 6594 3577 6594 3576 6594 3658 6595 3439 6595 3664 6595 3604 6596 3545 6596 3674 6596 2126 6597 3674 6597 3545 6597 3541 6598 3556 6598 3761 6598 3540 6599 3541 6600 3761 6601 3646 6602 3579 6602 3647 6602 3578 6603 3647 6603 3579 6603 3698 138 3560 138 3695 138 3677 6604 3678 6604 4565 6604 3135 6605 3130 6605 3664 6605 2272 6606 3653 6606 3655 6606 3648 6607 3578 6607 3577 6607 179 6608 3571 6608 3698 6608 3706 6609 1315 6609 2906 6609 3655 6610 3663 6610 2272 6610 3612 6611 4528 6611 3680 6611 3647 6612 3578 6612 3648 6612 4565 6613 3678 6613 4528 6613 3708 6614 1818 6615 3706 6616 3579 6617 3646 6617 3583 6617 3663 6618 3661 6618 2272 6618 3701 138 1796 138 3704 138 3644 6619 3583 6619 3646 6619 2391 6620 2272 6620 3668 6620 4565 6621 4558 6621 3683 6621 3660 6622 192 6622 3757 6622 3677 6623 4565 6623 3685 6623 3746 6624 3689 6624 3745 6624 3683 6625 3685 6625 4565 6625 3681 6626 3687 6626 3688 6626 3681 6627 3688 6627 3679 6627 3757 36 3761 36 3660 36 3596 6628 3720 6628 3600 6628 3720 6629 4227 6629 3600 6629 3675 6630 3540 6631 3761 6632 3688 6633 3691 6633 3679 6633 3694 6634 3696 6634 3676 6634 3693 6635 3694 6635 3676 6635 3643 6636 3635 6636 3699 6636 3696 6637 4558 6637 3676 6637 2266 6638 2259 6638 3653 6638 3686 6639 3690 6639 3598 6639 3597 6640 3596 6640 3778 6640 3596 6641 3600 6641 3778 6641 3699 6642 3635 6642 3700 6642 3679 6643 3700 6643 3635 6643 1795 6644 3701 6644 3695 6644 3690 6645 3689 6645 3598 6645 3689 6646 3697 6646 3598 6646 3691 6647 3700 6647 3679 6647 3697 6648 3653 6648 3598 6648 3599 6649 3598 6649 3653 6649 1795 6650 3695 6650 3560 6650 200 6651 179 6651 3698 6651 2258 6652 3599 6652 3653 6652 3152 6653 3147 6653 3651 6653 3649 6654 3643 6654 3152 6654 3699 6655 3152 6655 3643 6655 3682 6656 4558 6656 3705 6656 2272 6657 2266 6657 3653 6657 3691 6658 3590 6658 3700 6658 585 6659 3714 6659 3687 6659 3704 6660 1803 6660 3709 6660 3564 6661 3783 6661 3567 6661 3591 6662 3567 6662 3783 6662 3658 6663 3656 6663 3439 6663 3656 6664 3651 6664 3439 6664 3440 6665 3439 6665 3651 6665 3651 6666 3656 6666 3652 6666 2403 6667 2395 6667 3707 6667 3651 6668 3649 6668 3152 6668 3981 6669 3703 6669 2395 6669 3707 6670 2395 6670 3703 6670 2254 6671 3632 6671 3594 6671 3572 6672 3594 6673 3631 6674 3573 6675 3572 6675 3631 6675 3709 6676 3708 6676 3518 6676 2906 6677 2861 6677 3706 6677 3693 6678 3676 6678 3712 6678 3711 6679 4001 6679 3992 6679 3631 6680 3594 6680 3632 6680 3706 6681 2861 6682 3708 6683 871 6684 585 6684 3681 6684 3687 6685 3681 6685 585 6685 3575 6686 3573 6686 3631 6686 3712 6687 3676 6687 3610 6687 625 6688 4628 6688 619 6688 3715 6689 3661 6689 3663 6689 3632 6690 3715 6690 3663 6690 3712 6691 3789 6691 3693 6691 3661 6692 3715 6693 3718 6694 200 6695 3698 6695 215 6695 3695 6696 3701 6696 215 6696 3531 6697 215 6697 3701 6697 3698 138 3695 138 215 138 4585 6698 4586 6698 3714 6698 3714 6699 619 6699 4585 6699 4583 6700 4585 6700 619 6700 4583 6701 619 6701 4628 6701 3627 6702 3712 6702 3610 6702 682 6703 680 6703 4583 6703 3717 6704 4001 6705 3716 6706 2306 6707 2292 6707 3719 6707 3704 138 3524 138 3701 138 3518 6708 3519 6708 3709 6708 3519 6709 3524 6710 3709 6711 3531 6712 3701 6712 3524 6712 2421 6713 2420 6713 3719 6713 3709 6714 3524 6714 3704 6714 2253 6715 2257 6716 3715 6717 3732 6718 3869 6718 3733 6718 3570 6719 3687 6719 3714 6719 3632 6720 2254 6720 3715 6720 3692 6721 3675 6721 3761 6721 3721 6722 3770 6722 3605 6722 2254 6723 2253 6723 3715 6723 3719 6724 3718 6724 2421 6724 3797 6725 4078 6725 3720 6725 619 6726 3714 6726 585 6726 3575 6727 3623 6727 1112 6727 3636 6728 3832 6728 3635 6728 3722 6729 3692 6730 3761 6731 3724 6732 3722 6733 3761 6734 3616 6735 3614 6735 1112 6735 3545 6736 3725 6736 3549 6736 3728 6737 3730 6737 3727 6737 3731 6738 3727 6738 3730 6738 232 6739 231 6739 3058 6739 231 6740 3738 6740 3058 6740 3728 6741 3734 6741 3730 6741 1071 6742 1070 6742 3735 6742 3765 6743 3721 6743 3733 6743 3755 6744 3757 6744 225 6744 3728 6745 1071 6745 3735 6745 3728 6746 3735 6746 3734 6746 278 6747 3753 6747 220 6747 3672 6748 3737 6748 3729 6748 3726 6749 3729 6749 3737 6749 3738 6750 231 6750 315 6750 3616 6751 1112 6752 3623 6753 3631 6754 3630 6754 3575 6754 3748 6755 3741 6755 2375 6755 3644 6756 3646 6756 2375 6756 3684 6757 3748 6757 2375 6757 3744 6758 3549 6758 3725 6758 3623 6759 3575 6760 3630 6761 3849 6762 3853 6763 3953 6764 3317 6765 3526 6765 3529 6765 3783 6766 3871 6766 3686 6766 3644 6767 3584 6767 3583 6767 3731 6768 3747 6768 3727 6768 3317 6769 3542 6769 3526 6769 3644 6770 3741 6770 3584 6770 3725 6771 3727 6771 3747 6771 3741 6772 3644 6772 2375 6772 3882 6773 1259 6773 3877 6773 3614 6774 3697 6774 3746 6774 3747 6775 3744 6775 3725 6775 3545 6776 3606 6776 3725 6776 3745 6777 3690 6777 3750 6777 3686 6778 3752 6778 3690 6778 3748 6779 3585 6779 3741 6779 3697 6780 3689 6780 3746 6780 3729 6781 3732 6781 3672 6781 3673 6782 3721 6782 3674 6782 3740 6783 3739 6784 3716 6785 3742 6786 3749 6786 3716 6786 3736 6787 3058 6787 3738 6787 3733 6788 3721 6788 3672 6788 3732 6789 3733 6789 3672 6789 1145 6790 1108 6790 3614 6790 1112 6791 3614 6791 1108 6791 2432 6792 3716 6792 3739 6792 3605 6793 3604 6793 3721 6793 3614 6794 3746 6794 1145 6794 3673 6795 3672 6795 3721 6795 3009 6796 3736 6796 139 6796 315 6797 139 6797 3738 6797 3666 6798 3950 6798 3751 6798 1145 6799 3746 6800 3745 6801 3750 6802 1145 6802 3745 6802 3736 6803 3738 6803 139 6803 3662 6804 3667 6804 3737 6804 3317 6805 3495 6805 3542 6805 225 6744 3757 6744 317 6744 3666 6806 3751 6806 1915 6806 3749 6807 3740 6808 3716 6809 192 6622 317 6622 3757 6622 3737 6810 3672 6810 3669 6810 3547 6811 1915 6811 3751 6811 3686 6812 3872 6812 3752 6812 3641 6813 2173 6813 3645 6813 3750 6814 3690 6814 3752 6814 232 6815 3058 6815 147 6815 3615 6816 3542 6816 3495 6816 3666 6817 3754 6817 3950 6817 3753 6818 3743 6818 3711 6818 3755 6819 225 6819 3800 6819 3950 6820 3754 6820 3951 6820 3756 6821 3951 6822 3754 6823 3742 6824 3713 6825 3743 6826 3723 6827 3753 6827 3710 6827 3750 6828 3752 6828 1118 6828 1145 6829 3750 6829 1118 6829 3759 6830 3952 6830 3758 6830 3758 6831 3952 6831 3756 6831 3678 6832 3677 6832 3866 6832 3685 6833 3866 6833 3677 6833 3716 6834 3713 6834 3742 6834 3584 6835 3741 6835 3585 6835 1118 6836 3752 6836 3872 6836 3680 6837 3883 6837 3612 6837 3707 6838 3703 6838 2423 6838 3683 6839 3682 6839 3764 6839 3705 6840 3764 6840 3682 6840 3711 6841 3743 6841 3713 6841 3711 6842 3710 6842 3753 6842 3809 6843 3783 6843 3880 6843 3761 6844 3755 6844 3760 6844 3615 6845 3495 6845 3425 6845 2423 6846 2411 6846 3707 6846 3285 6847 3615 6847 3286 6847 3726 6848 3864 6848 3729 6848 3864 6849 3866 6849 3729 6849 3703 6850 3702 6850 2423 6850 3717 6851 2423 6851 3702 6851 3716 6852 2363 6853 3717 6854 3857 6855 3783 6855 3852 6855 3755 36 3761 36 3757 36 3665 6856 3660 6856 3761 6856 621 6857 625 6857 3762 6857 3867 6858 3869 6858 3732 6858 3867 6859 3732 6859 3729 6859 3602 6860 3585 6860 3748 6860 3684 6861 3602 6861 3748 6861 2053 6862 3880 6862 2052 6862 3765 6863 3733 6863 3764 6863 3764 6864 3733 6864 3869 6864 3766 6865 3767 6865 3760 6865 3760 6866 3767 6866 3771 6866 3760 6867 3771 6867 3761 6867 2053 6868 2052 6868 3543 6868 3563 6869 3580 6869 2052 6869 3564 6870 3563 6870 2052 6870 3724 6871 3761 6871 3771 6871 3725 6872 3606 6872 3772 6872 2053 6873 3543 6873 3548 6873 2081 6874 2053 6874 3548 6874 3776 6875 4248 6875 3775 6875 3780 6876 4248 6876 3782 6876 3315 6877 3484 6877 3320 6877 3320 6878 3484 6878 335 6878 3765 6879 3769 6880 3770 6881 3765 6882 3770 6882 3721 6882 3779 6883 3727 6883 3778 6883 3782 6884 4248 6884 3777 6884 3784 6885 3778 6885 3727 6885 3783 6886 3686 6886 3598 6886 3774 6887 4248 6887 3786 6887 3775 6888 4248 6888 3774 6888 343 6889 3320 6889 335 6889 3787 6890 3788 6890 3789 6890 3787 6891 3789 6891 3790 6891 3787 6892 3790 6892 3791 6892 3787 6893 3791 6893 3792 6893 2052 6894 3783 6894 3564 6894 3776 6895 3777 6895 4248 6895 3785 6896 3786 6896 4248 6896 3772 6897 3784 6897 3725 6897 3727 6898 3725 6898 3784 6898 3769 6899 3788 6900 3770 6901 3787 6902 3770 6902 3788 6902 3382 6903 3383 6903 4304 6903 4248 6904 3768 6904 3785 6904 4248 6905 3781 6905 3773 6905 3710 6906 3992 6906 3773 6906 3795 6907 3728 6907 3794 6907 3320 6908 343 6908 150 6908 3597 6909 3796 6909 3797 6909 3793 6910 3794 6910 3728 6910 3791 6911 3796 6912 3792 6913 3798 6914 3792 6914 3796 6914 3597 6915 3798 6915 3796 6915 3598 6916 3591 6916 3783 6916 3800 6917 339 6917 3825 6917 354 6918 3825 6918 339 6918 3768 6919 4248 6919 3801 6919 4250 6920 3799 6920 4248 6920 2081 6921 3548 6921 3551 6921 2091 6922 2082 6922 3550 6922 2091 6923 3550 6923 2006 6923 3825 36 3802 36 3800 36 3803 36 3800 36 3802 36 3807 6924 3808 6924 3802 6924 3728 6925 3727 6925 3793 6925 3811 6926 3803 6926 3808 6926 3802 6927 3808 6927 3803 6927 3810 6928 3783 6928 3809 6928 3812 6929 3783 6929 3810 6929 3850 6930 3783 6930 3812 6930 3852 6931 3783 6931 3850 6931 3787 6932 3792 6932 3605 6932 3792 6933 3798 6933 3606 6933 3803 6934 3811 6934 3766 6934 3815 6935 4252 6935 3814 6935 3779 6936 3793 6936 3727 6936 2052 6937 3880 6937 3783 6937 3813 6938 3814 6938 4252 6938 3784 6939 3772 6939 3798 6939 3772 6940 3606 6940 3798 6940 225 6941 339 6941 3800 6941 1080 6942 3812 6942 1081 6942 3810 6943 1081 6943 3812 6943 3770 6944 3787 6944 3605 6944 3760 36 3755 36 3803 36 3382 6945 4304 6945 3820 6945 3819 6946 3820 6946 4304 6946 3800 6947 3803 6947 3755 6947 3821 6948 3822 6948 3817 6948 4304 6949 4290 6949 3819 6949 3558 6950 3568 6950 3940 6950 3574 6951 3940 6951 3568 6951 3588 6952 3940 6952 3574 6952 3803 6953 3766 6953 3760 6953 3813 6954 3763 6954 3824 6954 3823 6955 3824 6955 3763 6955 3633 6956 4079 6956 3796 6956 3237 6957 3915 6957 3238 6957 3813 6958 4252 6958 3763 6958 3826 6959 3822 6959 3821 6959 4095 6960 3821 6960 3817 6960 3602 6961 3684 6961 3589 6961 3806 6962 3915 6962 3804 6962 3827 6963 3171 6963 3182 6963 4002 6964 3915 6964 3806 6964 3178 6965 3182 6965 3171 6965 3804 6966 3915 6966 3816 6966 3816 6967 3915 6967 3818 6967 3237 6968 3818 6968 3915 6968 2203 6969 3828 6969 851 6969 3171 6970 3827 6970 3763 6970 3818 6971 3237 6971 3819 6971 3819 6972 3237 6972 3820 6972 3823 6973 3763 6973 3827 6973 3796 6974 3791 6974 3626 6974 3627 6975 3791 6975 3790 6975 3382 6976 3820 6976 3279 6976 3822 6977 4254 6977 3817 6977 3627 6978 3626 6978 3791 6978 3805 6979 4250 6979 3831 6979 3822 6980 3826 6980 3833 6980 3835 6981 3833 6981 3826 6981 3720 6982 3597 6982 3797 6982 3608 6983 3837 6983 2374 6983 3832 6984 3836 6984 3635 6984 3171 6985 3829 6985 3834 6985 3608 6986 3609 6986 3837 6986 3838 6987 1075 6987 1071 6987 3840 6988 3837 6989 3609 6990 3899 6991 3209 6991 3928 6991 3843 6992 3836 6992 3839 6992 3844 6993 3840 6993 3611 6993 3609 6994 3611 6994 3840 6994 3834 6995 3841 6995 3171 6995 3901 6996 3210 6997 3900 6998 3836 6999 3832 6999 3839 6999 3845 7000 3844 7001 3613 7002 3851 7003 3215 7003 3901 7003 3842 138 3839 138 3832 138 1071 7004 3728 7004 3838 7004 3728 7005 3795 7005 3838 7005 3627 7006 3790 7006 3712 7006 3900 7007 3211 7007 3902 7007 3789 7008 3712 7008 3790 7008 3849 7009 3953 7010 3759 7011 3855 7012 3215 7012 3851 7012 3832 7013 3847 7013 3842 7013 3694 7014 3693 7014 3789 7014 3694 7015 3769 7015 3696 7015 3850 6942 1078 6942 3852 6942 3764 7016 3696 7016 3765 7016 3666 7017 1940 7017 3754 7017 3858 7018 3783 7018 3857 7018 3871 7019 3783 7019 3858 7019 1084 7020 3848 7020 1087 7020 3826 7021 1087 7021 3848 7021 3861 7022 3862 7022 3181 7022 3705 7023 3696 7023 3764 7023 1076 7024 3857 7024 1077 7024 3765 7025 3696 7026 3769 7027 3789 7028 3788 7028 3694 7028 3754 7029 1940 7030 3756 7031 3852 7032 1077 7032 3857 7032 3756 7033 1920 7033 3758 7033 3146 7034 3184 7034 3879 7034 3654 7035 3854 7035 3650 7035 3769 7036 3694 7037 3788 7038 1078 7039 3850 7039 1080 7039 3601 7040 3650 7040 3849 7040 3879 7041 3881 7041 3146 7041 3214 7042 3148 7042 3146 7042 3812 7043 1080 7043 3850 7043 3832 7044 3859 7044 3847 7044 3849 7045 3759 7046 3601 7047 3823 7048 3827 7048 3861 7048 3867 7049 3729 7049 3866 7049 3865 7050 3921 7050 3868 7050 1086 7051 3858 7051 1076 7051 3601 7052 3759 7052 3758 7052 3857 7053 1076 7053 3858 7053 3824 7054 3823 7054 3861 7054 3872 7055 3686 7055 3871 7055 3678 7056 3866 7056 3680 7056 3849 7057 3650 7058 3853 7059 3864 7060 3680 7060 3866 7060 3870 7061 3859 7061 3873 7061 3832 7062 3873 7062 3859 7062 3180 7063 3878 7064 3879 7065 3863 7066 3865 7066 3955 7066 3868 7067 3955 7067 3865 7067 1085 7068 3871 7068 1086 7068 3858 7069 1086 7069 3871 7069 3180 7070 3181 7070 3878 7070 3869 7071 3683 7071 3764 7071 1081 7072 3810 7072 1088 7072 3873 7073 3876 7073 3870 7073 3862 7074 3878 7074 3181 7074 3685 7075 3683 7075 3869 7075 3867 7076 3685 7076 3869 7076 3809 7077 1088 7077 3810 7077 3866 7078 3685 7078 3867 7078 3214 7079 3146 7079 3881 7079 3873 7080 3130 7080 3876 7080 1261 7081 1259 7081 1188 7081 1088 7082 3809 7082 1089 7082 2172 7083 3904 7083 2175 7083 3929 7084 3884 7084 3924 7084 3864 7085 3726 7085 3883 7085 3809 7086 3880 7086 1089 7086 3178 7087 3429 7087 3879 7087 3854 7088 3875 7088 3959 7088 3875 7089 3874 7089 3959 7089 3957 7090 3959 7090 3874 7090 2173 7091 3904 7091 3884 7091 3879 7092 3878 7093 3178 7094 3159 7095 3876 7095 3130 7095 3918 7096 3919 7096 3884 7096 3873 7097 3832 7097 3636 7097 1089 7098 3880 7098 1091 7098 1091 7099 3880 7099 2046 7099 3884 7100 3726 7100 3737 7100 3636 7101 3664 7101 3873 7101 3884 7102 3737 7102 3667 7102 3862 7103 3182 7103 3878 7103 3182 7104 3178 7104 3878 7104 3664 7105 3130 7105 3873 7105 3872 7106 3871 7106 1085 7106 2173 7107 3884 7107 3667 7107 3829 7108 4279 7108 4286 7108 3886 7109 3885 7109 998 7109 3550 7110 3551 7110 4081 7110 3641 7111 3634 7111 2173 7111 2175 7112 2173 7112 3638 7112 3667 7113 3645 7113 2173 7113 2616 7114 4081 7114 3890 7114 3892 7115 3893 7115 4081 7115 3855 7116 3813 7117 3856 7118 2175 7119 3638 7119 3637 7119 3891 7120 3887 7120 3888 7120 3897 7121 4081 7121 3896 7121 3860 7122 3813 7122 3861 7122 3875 7123 3854 7123 3592 7123 3897 7124 3892 7124 4081 7124 3894 7125 4081 7125 3893 7125 3889 7126 4081 7126 3894 7126 2125 7127 2187 7127 3639 7127 3856 7128 3813 7129 3860 7130 2187 7131 2184 7131 3639 7131 3886 7132 3891 7132 3888 7132 3864 7133 3883 7133 3680 7133 3898 7134 3896 7134 4081 7134 3899 7135 3902 7135 3211 7135 1158 7136 3875 7136 3592 7136 3726 7137 3884 7137 3919 7137 3611 7138 3613 7138 3844 7138 3625 7139 3612 7139 3883 7139 3886 7140 3888 7140 3885 7140 3886 7141 3679 7141 3891 7141 3845 7142 3613 7142 3617 7142 2172 7143 2146 7143 3620 7143 3854 7144 3654 7144 3593 7144 3836 7145 3915 7145 3891 7145 3924 7146 3884 7146 3905 7146 3909 7147 3884 7147 3904 7147 2173 7148 2175 7148 3904 7148 3593 7149 3592 7149 3854 7149 3900 7150 3831 7151 3901 7152 3619 7153 3904 7153 3620 7153 3904 7154 2172 7154 3620 7154 3891 7155 3679 7155 3635 7155 3986 7156 3987 7156 2375 7156 3908 7157 3465 7157 3907 7157 3905 7158 3884 7158 3909 7158 3679 7159 3886 7159 3681 7159 3909 7160 3619 7160 3618 7160 2353 7161 2374 7161 3837 7161 3837 7162 3840 7163 2353 7164 3828 7165 3840 7165 851 7165 2353 7166 3840 7166 3828 7166 3909 7167 3904 7167 3619 7167 3862 7168 3861 7168 3827 7168 3182 7169 3862 7169 3827 7169 3910 7170 3887 7170 3891 7170 3908 7171 1227 7171 2069 7171 851 7172 3840 7172 3844 7172 851 7173 3844 7174 3845 7175 3824 7176 3861 7176 3813 7176 3813 7177 3855 7177 3814 7177 3851 7178 3814 7178 3855 7178 3910 7179 4005 7179 3887 7179 851 7180 3845 7180 964 7180 3865 7181 3863 7181 3921 7181 3911 7182 3473 7182 3913 7182 3629 7183 3905 7183 3618 7183 3830 7184 3815 7184 3851 7184 3814 7185 3851 7185 3815 7185 3909 7186 3618 7186 3905 7186 10 7187 3406 7187 3914 7187 3910 7188 3891 7188 3915 7188 3914 7189 3406 7189 3408 7189 3473 7190 3916 7190 3917 7190 3473 7191 3917 7191 3912 7191 3913 7192 3473 7192 3912 7192 3883 7193 3726 7193 3919 7193 3799 7194 3899 7194 3801 7194 3920 7195 3914 7195 3408 7195 3801 7196 3928 7196 3768 7196 3843 7197 3915 7197 3836 7197 3831 7198 3830 7198 3901 7198 3625 7199 3919 7199 3621 7199 3408 7200 3031 7200 3920 7200 4052 7201 3868 7201 3921 7201 3805 7202 3902 7202 3799 7202 3831 7203 3902 7203 3805 7203 3899 7204 3799 7204 3902 7204 3918 7205 3621 7205 3919 7205 3836 7206 3891 7206 3635 7206 3902 7207 3831 7207 3900 7207 3851 7208 3901 7208 3830 7208 3922 7209 3474 7209 3923 7209 3923 7210 3911 7210 3443 7210 3911 7211 3923 7211 3473 7211 3628 7212 3924 7212 3629 7212 3905 7213 3629 7213 3924 7213 3474 7214 3926 7214 3907 7214 3927 7215 3907 7215 3926 7215 3931 7216 3884 7216 3929 7216 3918 7217 3884 7217 3931 7217 3474 7218 3907 7218 3465 7218 3886 7219 1004 7219 3681 7219 3899 7220 3928 7220 3801 7220 4052 7221 3921 7221 3980 7221 3920 7222 3930 7222 3925 7222 3926 7223 3990 7223 3927 7223 3918 7224 3931 7224 3622 7224 3918 7225 3622 7225 3621 7225 3926 7226 3474 7226 3932 7226 3922 7227 3932 7227 3474 7227 3931 7228 3624 7228 3622 7228 3935 7229 3316 7229 3934 7229 3935 7230 3942 7230 3316 7230 3927 7231 3936 7231 3907 7231 3908 7232 3907 7232 3936 7232 3908 7233 3936 7233 3937 7233 3931 7234 3929 7234 3624 7234 3895 7235 3970 7235 4426 7235 3933 7236 31 7236 3914 7236 3782 7237 3935 7237 3780 7237 3962 7238 3966 7238 136 7238 3963 7239 136 7239 3966 7239 3937 7240 3939 7240 3908 7240 3624 7241 3929 7241 3628 7241 3924 7242 3628 7242 3929 7242 3934 7243 3780 7243 3935 7243 4429 7244 4426 7244 3970 7244 3943 7245 3316 7245 3942 7245 3943 7246 3945 7246 3316 7246 3903 7247 3895 7248 4423 7249 3925 7250 3940 7250 3920 7250 3776 7251 3943 7251 3777 7251 3883 7252 3919 7252 3625 7252 1227 7253 3941 7253 1230 7253 3914 7254 3920 7254 3940 7254 92 138 90 138 3804 138 3806 7255 3804 7255 90 7255 3777 7256 3943 7256 3942 7256 3946 7257 3316 7257 3945 7257 3947 7258 3316 7258 3946 7258 3939 7259 3941 7259 3908 7259 1227 7260 3908 7260 3941 7260 3774 7261 3946 7261 3775 7261 3945 7262 3775 7262 3946 7262 3547 7263 3751 7263 3949 7263 3775 7264 3945 7264 3776 7264 3914 7265 3940 7265 3933 7265 3943 7266 3776 7266 3945 7266 3777 7267 3942 7267 3782 7267 3895 7268 3903 7269 3948 7269 3951 7270 3756 7270 3952 7270 3952 7271 3759 7271 3954 7271 3953 7272 3954 7272 3759 7272 3935 7273 3782 7273 3942 7273 3920 7274 3520 7274 3930 7274 3554 7275 3930 7275 3520 7275 3330 7276 3955 7276 3956 7276 3853 7277 3854 7277 3959 7277 3958 7278 3955 7278 3330 7278 3316 7279 2201 7279 3960 7279 3934 7280 3316 7280 3960 7280 3959 7281 3953 7281 3853 7281 3934 7282 3781 7282 3780 7282 3826 7283 3848 7283 3835 7283 3934 7284 3960 7284 3781 7284 3964 7285 3957 7285 3874 7285 1259 7286 3964 7286 3874 7286 4017 7287 4234 7287 3965 7287 995 7288 3962 7288 3938 7288 3960 7289 3773 7289 3781 7289 3961 7290 3333 7290 3956 7290 3773 7291 3960 7291 3723 7291 3941 7292 3954 7292 1230 7292 3951 7293 3952 7293 3936 7293 3950 7294 3951 7294 3936 7294 3949 7295 3950 7295 3936 7295 3982 7296 3999 7296 4404 7296 3330 7297 3956 7297 3333 7297 3969 7298 3970 7298 3948 7298 3962 7299 995 7299 994 7299 3966 7300 3962 7300 994 7300 3937 7301 3936 7301 3954 7301 3939 7302 3937 7302 3954 7302 3890 7303 3967 7303 2616 7303 3786 7304 3947 7304 3774 7304 3946 7305 3774 7305 3947 7305 3948 7306 3970 7306 3895 7306 3952 7307 3954 7307 3936 7307 2621 7308 2616 7308 3967 7308 3941 7309 3939 7309 3954 7309 3928 7310 3209 7310 3971 7310 3971 7311 3316 7311 3947 7311 3973 7312 4404 7312 3972 7312 1235 7313 1230 7313 3954 7313 3971 7314 3786 7314 3785 7314 3948 7315 4076 7315 3969 7315 3889 7316 3972 7316 3890 7316 1003 7317 3966 7317 994 7317 3971 7318 3947 7318 3786 7318 3967 7319 3890 7319 3972 7319 3978 7320 2432 7320 247 7320 1003 7321 3963 7321 3966 7321 3768 7322 3928 7322 3785 7322 3971 7323 3785 7323 3928 7323 3974 7324 3969 7324 4076 7324 3773 7325 3723 7325 3710 7325 3954 7326 3953 7326 1235 7326 3953 7327 3959 7327 1235 7327 3959 7328 3957 7328 1235 7328 3893 7329 3968 7329 3894 7329 3842 7330 3847 7330 3238 7330 3930 7331 3558 7331 3940 7331 3894 7332 3968 7332 3973 7332 3957 7333 3964 7333 1235 7333 1402 7334 1401 7334 3964 7334 3981 7335 3976 7335 3977 7335 2395 7336 3976 7336 3981 7336 3859 7337 3238 7337 3847 7337 3876 7338 3174 7338 3859 7338 3999 7339 3993 7339 4404 7339 3975 7340 4077 7340 3980 7340 3892 7341 3982 7341 3893 7341 3968 7342 3893 7342 3982 7342 1402 7343 3964 7343 1259 7343 3841 7344 3330 7344 3171 7344 2699 7345 3984 7345 2395 7345 3684 7346 2375 7346 3987 7346 3981 7347 3702 7347 3703 7347 3932 7348 3990 7348 3926 7348 3717 7349 3702 7349 3981 7349 3587 7350 48 7350 3588 7350 553 7351 3443 7351 3913 7351 3892 7352 3999 7352 3982 7352 3958 7353 3330 7353 3846 7353 3841 7354 3846 7354 3330 7354 3983 7355 3978 7355 48 7355 3587 7356 3985 7356 48 7356 3990 7357 3546 7357 3949 7357 3443 7358 3522 7358 3990 7358 3988 7359 3989 7359 3992 7359 3894 7360 3973 7360 3889 7360 3972 7361 3889 7361 3973 7361 3983 7362 48 7362 3985 7362 3978 7363 247 7363 48 7363 3986 7364 3587 7364 3987 7364 3990 7365 3949 7365 3936 7365 3839 7366 3238 7366 3843 7366 3936 7367 3927 7367 3990 7367 3965 7368 4234 7368 3994 7368 4234 7369 4404 7369 3994 7369 388 7370 172 7370 3991 7370 3985 7371 3587 7371 3986 7371 3589 7372 3987 7372 3587 7372 3932 7373 3443 7373 3990 7373 3898 7374 3994 7374 3896 7374 3993 7375 3896 7375 3994 7375 4068 7376 4065 7376 4014 7376 3912 7377 553 7377 3913 7377 3915 7378 3843 7378 3238 7378 3922 7379 3923 7379 3443 7379 3932 7380 3922 7380 3443 7380 3911 7381 3913 7381 3443 7381 3993 7382 3994 7382 4404 7382 3961 7383 3995 7383 3333 7383 3996 7384 3333 7384 3995 7384 3998 7385 122 7385 4000 7385 3684 7386 3987 7386 3589 7386 3992 7387 4001 7387 3988 7387 3997 7388 3988 7388 4001 7388 3896 7389 3993 7389 3897 7389 3999 7390 3897 7390 3993 7390 3806 7391 98 7391 4002 7391 3961 7392 3956 7392 3868 7392 3940 7393 3588 7393 3933 7393 3925 7394 3930 7394 3940 7394 3999 7395 3892 7395 3897 7395 3877 7396 3874 7396 4668 7396 48 7397 41 7397 3588 7397 3875 7398 4667 7398 4668 7398 3874 7399 3875 7399 4668 7399 31 7400 3933 7400 3588 7400 3554 7401 3558 7401 3930 7401 3877 7402 4668 7402 1158 7402 4667 7403 1158 7403 4668 7403 3739 7404 247 7404 2432 7404 4154 7405 3965 7405 3898 7405 4001 7406 4006 7406 3997 7406 1158 7407 4667 7407 3875 7407 4006 7408 4001 7408 3981 7408 4009 7409 3465 7409 3908 7409 2348 7410 2349 7410 2312 7410 4098 7411 2312 7411 4145 7411 2434 7412 2432 7413 3978 7414 2434 7415 3978 7415 3983 7415 4009 7416 3908 7416 2069 7416 3717 7417 3981 7417 4001 7417 4060 7418 4068 7418 4014 7418 3985 7419 2435 7419 3983 7419 2434 7420 3983 7420 2435 7420 3465 7421 4009 7421 4013 7421 3868 7422 4412 7422 4036 7422 3985 7423 3986 7423 2435 7423 2376 7424 2435 7424 3986 7424 2375 7425 2376 7425 3986 7425 4011 7426 4012 7426 4009 7426 4012 7427 4013 7427 4009 7427 4006 7428 3981 7428 4014 7428 3977 7429 4014 7429 3981 7429 4036 7430 4414 7430 4016 7430 4015 7431 4016 7431 4414 7431 998 7432 3885 7432 4000 7432 4005 7433 4004 7433 3888 7433 3888 7434 3887 7434 4005 7434 3710 7435 3711 7435 3992 7435 4020 7436 947 7436 2975 7436 3998 7437 3885 7437 4004 7437 4022 7438 4236 7438 4021 7438 4021 7439 4236 7439 4017 7439 3711 7440 3713 7440 4001 7440 4019 7441 3465 7441 4018 7441 4020 7442 2975 7442 2974 7442 3995 7443 4015 7443 3996 7443 3713 7444 3716 7444 4001 7444 4013 7445 4018 7445 3465 7445 2069 7446 4024 7446 4009 7446 4003 7447 4015 7447 3991 7447 4008 7448 3991 7448 4010 7448 4011 7449 4009 7449 4024 7449 4002 7450 4007 7450 3915 7450 947 7451 937 7451 2975 7451 4000 7452 3885 7452 3998 7452 4016 7453 4015 7453 3995 7453 3885 7454 3888 7454 4004 7454 4007 7455 3910 7455 3915 7455 4003 7456 3996 7456 4015 7456 2974 7457 2980 7457 4020 7457 4005 7458 3910 7458 4007 7458 4015 7459 4010 7459 3991 7459 4031 7460 4058 7460 4384 7460 4248 7461 3773 7461 3992 7461 4034 7462 4035 7462 4020 7462 947 7463 4020 7463 4035 7463 4033 7464 4722 7464 4032 7464 4073 7465 4074 7465 2734 7465 3870 7466 3876 7466 3859 7466 3159 7467 3174 7467 3876 7467 3839 138 3842 138 3238 138 4038 7468 4034 7468 4020 7468 4000 7469 3963 7469 998 7469 2980 7470 2991 7470 4020 7470 2991 7471 4040 7471 4020 7471 4020 7472 4040 7472 4038 7472 1003 7473 998 7473 3963 7473 4185 7474 4060 7474 4059 7474 3965 7475 4159 7475 4017 7475 3868 7476 4036 7476 3961 7476 3868 7477 3956 7477 3955 7477 4035 7478 925 7478 947 7478 4159 7479 4160 7479 4017 7479 4048 7480 4399 7480 4050 7480 3994 7481 3898 7481 3965 7481 4016 7482 3995 7482 4036 7482 3995 7483 3961 7483 4036 7483 4127 7484 4113 7484 4023 7484 4136 138 4132 138 1459 138 4021 7485 4127 7485 4022 7485 4022 7486 4127 7486 4023 7486 4287 7487 4289 7487 3846 7487 4049 7488 4042 7488 4043 7488 1459 7489 1466 7489 4136 7489 4138 7490 4136 7490 1466 7490 4041 7491 4043 7491 4042 7491 3969 7492 3974 7492 4429 7492 3975 7493 4429 7493 3974 7493 3980 7494 3921 7494 3975 7494 4031 7495 4030 7495 4046 7495 3970 7496 3969 7496 4429 7496 4026 7497 4046 7498 4027 7499 857 7500 4142 7500 4054 7500 857 7501 4054 7501 863 7501 4030 7502 4027 7503 4046 7504 203 7505 4053 7505 4049 7505 4058 7506 4071 7506 4384 7506 4429 7507 3975 7507 3921 7507 4074 7508 2328 7508 2734 7508 4049 7509 4053 7509 4055 7509 4048 7510 4050 7510 4271 7510 4432 7511 4271 7511 4050 7511 4385 7512 4071 7513 4073 7514 4427 7515 4432 7515 4050 7515 4420 7516 4422 7516 4050 7516 4385 7517 4384 7517 4071 7517 4057 7518 4042 7518 4055 7518 4049 7519 4055 7519 4042 7519 3368 7520 1946 7520 3366 7520 2735 7521 2734 7521 2328 7521 4063 7522 4184 7522 4056 7522 3018 7523 3367 7523 1948 7523 2349 7524 4058 7524 4145 7524 4061 7525 4062 7525 4069 7525 4426 7526 4423 7527 3895 7528 4440 7529 4045 7529 4070 7529 4031 7530 4046 7530 4058 7530 4046 7531 4145 7531 4058 7531 3944 7532 4582 7532 4045 7532 4066 7533 4067 7533 4567 7533 3997 7534 4006 7534 4065 7534 4006 7535 4014 7535 4065 7535 4059 7536 4060 7536 4014 7536 2822 7537 4059 7537 4014 7537 4062 7538 4147 7538 4069 7538 3974 7539 4076 7539 3975 7539 4065 7540 4063 7540 3988 7540 4061 7541 4179 7541 4062 7541 4056 7542 3989 7542 4063 7542 3989 7543 3988 7543 4063 7543 1510 7544 1511 7545 1508 7546 4214 7547 4087 7547 1508 7547 4076 7548 4077 7548 3975 7548 3979 7549 3980 7549 4077 7549 3988 7550 3997 7550 4065 7550 4058 7551 2349 7551 4071 7551 2535 7552 4073 7552 2348 7552 4051 7553 1466 7553 527 7553 1459 7554 1385 7554 1466 7554 863 7555 4054 7555 527 7555 4077 7556 4080 7556 3979 7556 2349 7557 2348 7557 4071 7557 2942 7558 2950 7558 4061 7558 4072 7559 4079 7559 3633 7559 4078 7560 4079 7560 4072 7560 4051 7561 527 7561 4054 7561 4014 7562 3977 7562 2574 7562 3976 7563 2574 7563 3977 7563 3984 7564 2574 7564 3976 7564 4077 7565 4082 7565 4080 7565 3989 7566 4241 7566 3992 7566 4248 7567 3992 7567 4241 7567 4069 7568 2942 7568 4061 7568 4084 7569 2940 7569 2942 7569 4084 7570 4307 7570 2940 7570 4083 23 2692 23 4087 23 4214 7571 4083 7571 4087 7571 4088 7572 4082 7572 4092 7572 4077 7573 4092 7573 4082 7573 4087 7574 4093 7574 4094 7574 4094 7575 1508 7575 4087 7575 1252 7576 1253 7577 2693 7578 4093 7579 4087 7579 1433 7579 2693 7580 1433 7580 4087 7580 4096 7581 3821 7581 4095 7581 4097 7582 4088 7582 4092 7582 4091 7583 4084 7583 4069 7583 4069 7584 4084 7584 2942 7584 4140 7585 4141 7585 4098 7585 4085 7586 4098 7586 4135 7586 4145 7587 2312 7587 2349 7587 4091 7588 4069 7588 4100 7588 4184 7589 4230 7589 4104 7589 4098 7590 4145 7590 4140 7590 4069 7591 4042 7591 4099 7591 4099 7592 4100 7592 4069 7592 4159 7593 4081 7593 4160 7593 4102 7594 4090 7594 4240 7594 4051 138 4142 138 4138 138 4240 7595 4242 7595 4102 7595 3538 7596 3552 7596 4081 7596 4290 7597 4304 7597 4100 7597 4138 7598 1466 7598 4051 7598 4072 7599 3821 7599 4096 7599 4096 7600 4078 7600 4072 7600 4099 7601 4042 7601 4105 7601 918 7602 4142 7602 857 7602 4081 7603 3552 7603 4086 7603 4057 7604 4105 7604 4042 7604 4056 7605 4184 7605 4104 7605 4101 7606 4106 7606 4076 7606 4101 7607 4076 7607 3948 7607 3989 7608 4104 7608 4241 7608 1948 7609 1941 7609 4126 7609 3591 7610 4098 7610 4085 7610 3567 7611 3591 7611 4085 7611 4104 7612 3989 7612 4056 7612 2955 7613 3021 7613 2954 7613 4109 7614 4077 7614 4110 7614 4049 7615 4107 7615 4108 7615 4111 7616 4110 7616 4077 7616 4115 7617 2954 7617 4218 7617 4116 7618 4112 7618 4085 7618 4113 7619 4085 7619 4112 7619 4086 7620 4085 7620 4113 7620 1511 7621 1515 7621 1508 7621 4114 7622 4115 7622 4218 7622 4085 7623 4135 7623 4116 7623 4106 7624 4111 7624 4076 7624 4077 7625 4076 7625 4111 7625 4135 7626 4046 7626 4116 7626 4049 7627 4043 7627 4107 7627 4123 7628 4092 7628 4122 7628 3826 7629 1129 7629 1087 7629 4121 7630 4122 7630 4092 7630 4129 7631 4086 7631 4127 7631 4218 7632 4221 7632 4131 7632 4127 7633 4086 7633 4113 7633 4114 7634 4218 7634 4133 7634 1456 7635 4132 7635 4124 7635 4131 7636 4133 7636 4218 7636 4213 7637 4122 7637 4121 7637 1090 7638 564 7638 4134 7638 1456 7639 1459 7639 4132 7639 4112 7640 4116 7641 4025 7642 4153 7643 4042 7643 4137 7643 4098 7644 4141 7644 4135 7644 4103 7645 4104 7645 4230 7645 4149 7646 4042 7646 4148 7646 4147 7647 4148 7647 4042 7647 4051 7648 4054 7648 4142 7648 4185 7649 4059 7649 3001 7649 4092 7650 4077 7650 4121 7650 4109 7651 4121 7651 4077 7651 4092 7652 4123 7652 4151 7652 3018 7653 1948 7653 4126 7653 4144 7654 4042 7654 4149 7654 4152 7655 4042 7655 4144 7655 4063 7656 4192 7656 4184 7656 4195 7657 4192 7657 4065 7657 4042 7658 4152 7658 4150 7658 4150 7659 4137 7659 4042 7659 4065 7660 4068 7660 4195 7660 1070 3163 1090 3163 4134 3163 1070 7661 4134 7661 4130 7661 1070 7662 4130 7662 4128 7662 3730 3163 3734 3163 4143 3163 3734 7663 3735 7663 4143 7663 4146 3163 4143 3163 3735 3163 4128 3163 4146 3163 3735 3163 1070 7664 4128 7664 3735 7664 4041 7665 4042 7665 4156 7665 4154 7666 3898 7666 4081 7666 3562 3163 2149 3163 3744 3163 4153 7667 4158 7667 4042 7667 4157 7668 4042 7668 4158 7668 4156 7669 4042 7669 4155 7669 4157 7670 4155 7670 4042 7670 4154 7671 4081 7671 4159 7671 4086 7672 4160 7672 4081 7672 5026 7673 3365 7673 4120 7673 3747 3163 3562 3163 3744 3163 374 7674 456 7674 4151 7674 4092 7675 4151 7675 456 7675 4160 7676 4086 7676 4129 7676 410 7677 4097 7678 456 7679 456 7680 4097 7680 4092 7680 3747 3163 3731 3163 3562 3163 3731 3163 3730 3163 3562 3163 4025 7681 4023 7681 4113 7681 4113 7682 4112 7682 4025 7682 1515 7683 1517 7684 1508 7685 4139 7686 3562 7686 3730 7686 4025 7687 4116 7687 4046 7687 4141 7688 4046 7688 4135 7688 4143 3163 4139 3163 3730 3163 4046 7689 4141 7689 4140 7689 4046 7690 4140 7690 4145 7690 4063 7691 4065 7691 4192 7691 4040 138 4126 138 4124 138 3968 7692 3982 7692 4404 7692 4234 7693 4017 7693 4236 7693 3018 7694 4126 7694 4040 7694 4180 7695 4164 7695 4172 7695 4160 7696 4129 7696 4021 7696 4127 7697 4021 7697 4129 7697 4021 7698 4017 7698 4160 7698 4188 7699 4199 7700 4060 7701 4163 7702 4247 7702 4165 7702 1099 7703 4165 7703 4247 7703 4704 7704 4225 7704 4223 7704 4124 7705 4038 7705 4040 7705 4132 7706 4034 7706 4124 7706 4136 138 4034 138 4132 138 4035 7707 4034 7707 4136 7707 4038 7708 4124 7709 4034 7710 1103 7711 4165 7711 1099 7711 4159 7712 3965 7712 4154 7712 925 7713 4035 7713 4136 7713 925 7714 4136 7714 4138 7714 925 138 4138 138 4142 138 4142 7715 918 7715 925 7715 4046 7716 4026 7716 4025 7716 3600 7717 4253 7717 4193 7717 4704 7718 4228 7718 4225 7718 4120 7719 3365 7719 4117 7719 4254 7720 4257 7720 4167 7720 4254 7721 4167 7721 4169 7721 4083 7722 4211 7722 930 7722 952 7723 3537 7723 1100 7723 4042 7724 4069 7724 4147 7724 3537 7725 3539 7725 1100 7725 4083 7726 4214 7726 4211 7726 4060 7727 4185 7727 4188 7727 1517 7728 1520 7728 1508 7728 4161 7729 3838 7729 4162 7729 4163 7730 1075 7730 4161 7730 1075 7731 3838 7731 4161 7731 2019 7732 4233 7732 4174 7732 2019 7733 4174 7733 4175 7733 2019 7734 4175 7734 2018 7734 4068 7735 4060 7735 4199 7735 4162 7736 3838 7736 4167 7736 3838 7737 3795 7737 4167 7737 2022 7738 2018 7739 4179 7740 1075 7741 4163 7741 4165 7741 1075 7742 4165 7742 1103 7742 927 7743 4181 7743 928 7743 4175 7744 4179 7744 2018 7744 4176 7745 4170 7745 4183 7745 4169 7746 4167 7746 3794 7746 927 7747 3266 7747 4181 7747 4177 7748 4181 7748 3266 7748 940 7749 3266 7749 927 7749 2022 7750 4179 7750 4187 7750 2022 7751 4187 7751 2024 7751 4182 7752 4183 7752 4170 7752 4182 7753 4170 7753 4186 7753 4186 7754 4170 7754 3202 7754 4167 7755 3795 7755 3794 7755 3207 7756 3202 7756 4170 7756 4194 7757 926 7757 4211 7757 2031 7758 2024 7758 4190 7758 4187 7759 4190 7759 2024 7759 4254 7760 4169 7760 4193 7760 4195 7761 4068 7761 4199 7761 2943 7762 2031 7762 4198 7762 2033 7763 2031 7763 2943 7763 4197 7764 4173 7764 4196 7764 2943 7765 4198 7765 2947 7765 4189 7766 4600 7766 4201 7766 3798 7767 3597 7767 3778 7767 3779 7768 3600 7768 3793 7768 4193 7769 4169 7769 3793 7769 4193 7770 3793 7770 3600 7770 4203 7771 4166 7771 4202 7771 3794 7772 3793 7772 4169 7772 4173 7773 4202 7773 4166 7773 4197 7774 4202 7774 4173 7774 4204 7775 4201 7775 4602 7775 4204 7776 4602 7776 362 7776 2479 7777 4114 7777 4133 7777 4200 7778 4208 7778 4209 7778 4204 7779 362 7779 369 7779 4205 7780 4245 7780 2037 7780 4233 7781 2019 7781 4235 7781 4206 7782 4235 7782 2037 7782 4210 7783 4208 7783 4200 7783 4214 7784 1519 7784 4200 7784 4928 7785 4229 7785 4228 7785 2653 7786 2643 7786 4207 7786 4166 7787 4207 7787 2643 7787 928 7788 4181 7788 797 7788 4131 7789 4119 7790 4192 7791 4184 7792 4192 7792 4119 7792 4118 7793 4184 7793 4119 7793 4118 7794 4125 7794 4184 7794 4181 7795 4177 7795 797 7795 3778 7796 3784 7796 3798 7796 4928 7797 4212 7797 4213 7797 926 7798 930 7798 4211 7798 4203 7799 4207 7799 4166 7799 4133 7800 4199 7801 4188 7802 4192 7803 4195 7804 4131 7805 4211 23 4214 23 4194 23 4200 23 4194 23 4214 23 4199 7806 4133 7806 4195 7806 4133 7807 4131 7807 4195 7807 4176 7808 4215 7808 4170 7808 4205 7809 4153 7809 4137 7809 3797 7810 3796 7810 4079 7810 4188 7811 4185 7812 4133 7813 4214 7814 1520 7814 1519 7814 4210 7815 4200 7815 1519 7815 4216 7816 4171 7816 4215 7816 4201 7817 4204 7817 374 7817 3626 7818 3633 7818 3796 7818 4215 7819 4171 7819 4170 7819 374 7820 4204 7820 369 7820 4173 7821 4217 7821 4196 7821 3021 7822 3402 7822 4218 7822 833 7823 3266 7823 940 7823 4144 7824 4235 7824 4206 7824 4189 7825 4201 7825 374 7825 374 7826 4151 7826 4189 7826 4122 7827 4212 7827 4123 7827 4191 7828 4189 7828 4151 7828 3409 7829 575 7829 4219 7829 4218 7830 2954 7830 3021 7830 4245 7831 4244 7831 2037 7831 4173 7832 4171 7832 4217 7832 930 7833 884 7833 4083 7833 4191 7834 4151 7834 4123 7834 4161 7835 4249 7835 4246 7835 4162 7836 4249 7836 4161 7836 4220 7837 4217 7837 4171 7837 4221 7838 3417 7838 4219 7838 4150 7839 4245 7839 4137 7839 4216 7840 4220 7840 4171 7840 950 7841 3617 7841 955 7841 4122 7842 4213 7842 4212 7842 4249 7843 4162 7844 4256 7845 3404 7846 3435 7846 4218 7846 4212 7847 4191 7847 4123 7847 4119 7848 4221 7848 4118 7848 4222 7849 4255 7849 2037 7849 4205 7850 2037 7850 4255 7850 4125 7851 4118 7852 4219 7853 4221 7854 4219 7854 4118 7854 4161 7855 4246 7855 4163 7855 4224 7856 951 7856 4194 7856 4119 7857 4131 7857 4221 7857 4202 7858 4231 7858 4203 7858 4207 7859 4203 7859 4231 7859 4197 7860 4196 7860 4404 7860 4217 7861 4404 7861 4196 7861 4224 23 4194 23 4226 23 1435 7862 1465 7862 1434 7862 4254 7863 4193 7864 4253 7865 4125 7866 4219 7866 4298 7866 955 7867 3617 7867 841 7867 4067 7868 4070 7868 4567 7868 951 7869 926 7869 4194 7869 4568 7870 4567 7870 4045 7870 4070 7871 4045 7871 4567 7871 4582 7872 4568 7872 4045 7872 4928 7873 4213 7873 4229 7873 1467 7874 1434 7874 4226 7874 4174 7875 4148 7875 4175 7875 4147 7876 4062 7876 4175 7876 4179 7877 4175 7877 4062 7877 2950 7878 4187 7878 4061 7878 4315 7879 4090 7879 4230 7879 4090 7880 4102 7880 4230 7880 4102 7881 4103 7881 4230 7881 4148 7882 4147 7882 4175 7882 3017 7883 3022 7883 4322 7883 4230 7884 4125 7884 4298 7884 2950 7885 4190 7885 4187 7885 4179 7886 4061 7886 4187 7886 4125 7887 4230 7887 4184 7887 3348 7888 4322 7888 3022 7888 4190 7889 2950 7889 4198 7889 2947 7890 4198 7890 2950 7890 964 7891 3845 7891 950 7891 2037 7892 4235 7892 2019 7892 3417 7893 4221 7893 3416 7893 3409 7894 4219 7894 3417 7894 4174 7895 4233 7895 4149 7895 4174 7896 4149 7896 4148 7896 4228 7897 4229 7897 4121 7897 4213 7898 4121 7898 4229 7898 4221 7899 3430 7899 3416 7899 4221 7900 4218 7900 3430 7900 4149 7901 4233 7901 4235 7901 4551 7902 3022 7902 3017 7902 4237 7903 4023 7903 4239 7903 1436 7904 1465 7905 1435 7906 4026 7907 4231 7907 4239 7907 3617 7908 950 7908 3845 7908 4241 7909 4242 7909 4248 7909 4248 7910 4242 7910 4240 7910 4238 7911 4248 7911 4240 7911 2208 7912 951 7912 4224 7912 4234 7913 4236 7913 4202 7913 4149 7914 4235 7915 4144 7916 4223 7917 4225 7917 4110 7917 4090 7918 4315 7918 4089 7918 4237 7919 4239 7919 4202 7919 4236 7920 4237 7920 4202 7920 4225 7921 4228 7921 4110 7921 4095 7922 3720 7922 4096 7922 4096 7923 3720 7923 4078 7923 4089 7924 4315 7924 4243 7924 1437 7925 1465 7925 1436 7925 2721 7926 2653 7926 4231 7926 4239 7927 4231 7927 4202 7927 4206 7928 2037 7928 4244 7928 4090 7929 4089 7929 4238 7929 4109 7930 4110 7930 4228 7930 4121 7931 4109 7931 4228 7931 4238 7932 4240 7932 4090 7932 4220 7933 4404 7933 4217 7933 4227 7934 3720 7934 4095 7934 4079 7935 4078 7935 3797 7935 4215 7936 3225 7936 4216 7936 4183 7937 3225 7937 4176 7937 4205 7938 4137 7938 4245 7938 4278 7939 4275 7939 4243 7939 4144 7940 4206 7940 4152 7940 2460 23 4224 23 2451 23 4023 7941 4237 7941 4022 7941 4236 7942 4022 7942 4237 7942 2451 7943 4224 7943 4226 7943 4522 7944 4168 7944 4172 7944 4103 7945 4102 7945 4242 7945 4247 7946 4163 7947 4246 7948 4242 7949 4241 7949 4103 7949 4104 7950 4103 7950 4241 7950 4026 7951 4239 7951 4025 7951 4025 7952 4239 7952 4023 7952 4152 7953 4206 7953 4244 7953 1116 7954 1099 7954 4247 7954 4251 7955 4336 7955 4172 7955 4164 7956 4251 7957 4172 7958 4226 7959 1465 7959 2451 7959 2459 7960 2451 7960 1465 7960 4380 7961 4026 7961 4027 7961 4253 7962 3600 7962 4227 7962 4245 7963 4150 7963 4244 7963 3801 7964 4248 7964 3799 7964 4250 7965 3805 7965 3799 7965 4152 7966 4244 7967 4150 7968 4039 7969 4037 7969 4724 7969 4167 7970 4256 7970 4162 7970 4226 7971 4194 7971 4200 7971 3763 7972 4252 7972 4275 7972 4274 7973 4275 7973 4252 7973 4037 7974 4039 7974 4523 7974 4256 7975 4167 7975 4257 7975 4226 7976 4200 7976 1467 7976 4209 7977 1467 7977 4200 7977 2426 7978 4371 7978 2054 7978 4153 7979 4205 7979 4255 7979 4260 7980 4261 7980 2054 7980 4258 7981 4259 7981 4725 7981 4725 7982 4259 7982 4075 7982 3833 7983 4254 7983 3822 7983 3780 7984 3781 7984 4248 7984 4261 7985 4262 7985 2045 7985 4257 7986 4254 7986 3833 7986 4253 7987 3817 7988 4254 7989 4722 7990 4724 7990 4037 7990 4261 463 4446 463 4262 463 4095 7991 3817 7991 4227 7991 2045 7992 2054 7992 4261 7992 4262 7993 4264 7993 2045 7993 4253 7994 4227 7994 3817 7994 4491 7995 2601 7995 4264 7995 1116 7996 4247 7996 1084 7996 3830 7997 3831 7997 4250 7997 4153 7998 4255 7998 4158 7998 3815 7999 3830 7999 4252 7999 4250 8000 4252 8000 3830 8000 4222 8001 4158 8001 4255 8001 4246 8002 4249 8002 1084 8002 4247 8003 4246 8004 1084 8005 3848 8006 1084 8006 4249 8006 4249 8007 4256 8008 3848 8009 4256 8010 4257 8010 3848 8010 4043 8011 257 8011 4108 8011 4107 8012 4043 8012 4108 8012 4043 8013 4041 8013 257 8013 4156 8014 257 8014 4041 8014 3835 8015 3848 8015 4257 8015 546 8016 4222 8016 2037 8016 3833 8017 3835 8017 4257 8017 4248 8018 4238 8018 4267 8018 223 8019 4156 8019 4155 8019 1100 8020 3539 8020 1121 8020 4267 8021 4268 8021 4248 8021 4157 8022 546 8022 4155 8022 539 8023 531 8023 4155 8023 4158 8024 4222 8024 4157 8024 4248 8025 4268 8025 4250 8025 4270 8026 4271 8026 4355 8026 4269 8027 4250 8027 4268 8027 546 8028 4157 8028 4222 8028 4271 8029 4432 8029 4355 8029 4252 8030 4250 8030 4272 8030 4269 8031 4272 8031 4250 8031 4274 8032 4252 8032 4273 8032 4272 8033 4273 8033 4252 8033 4296 8034 3347 8034 3344 8034 4279 8035 3763 8035 4278 8035 4277 8036 4295 8036 4280 8036 4278 8037 3763 8037 4275 8037 3763 8038 4279 8038 3829 8038 4420 8039 4276 8039 4277 8039 4437 8040 4421 8040 4520 8040 2959 8041 4313 8041 4282 8041 4276 8042 4420 8042 4050 8042 3829 8043 3171 8043 3763 8043 2959 8044 4282 8044 2960 8044 4045 8045 4044 8045 4271 8045 4047 8046 4048 8046 4271 8046 2960 8047 4282 8047 2935 8047 4294 8048 4406 8048 4286 8048 4422 8049 4427 8049 4050 8049 3349 8050 2935 8050 4281 8050 4409 8051 4479 8051 4288 8051 4281 8052 2935 8052 4282 8052 4271 8053 4270 8053 4045 8053 3944 8054 4045 8054 4270 8054 4423 8055 4426 8056 4287 8057 3344 8058 4309 8058 4296 8058 4283 8059 22 8059 1516 8059 4409 8060 4288 8060 4285 8060 4289 8061 3863 8061 3955 8061 4277 8062 4276 8062 4295 8062 3846 8063 4286 8063 4285 8063 3958 8064 3846 8064 4289 8064 4288 8065 4287 8065 3846 8065 4285 8066 4288 8066 3846 8066 4311 8067 4307 8067 3349 8067 3343 8068 3349 8068 4307 8068 3955 8069 3958 8069 4289 8069 3349 8070 4281 8070 4311 8070 3074 8071 4313 8071 2959 8071 81 8072 3819 8072 4290 8072 4089 8073 4273 8073 4272 8073 4272 8074 4269 8074 4089 8074 4089 8075 4269 8075 4268 8075 4268 8076 4267 8076 4089 8076 4089 8077 4267 8077 4238 8077 4243 8078 4291 8078 4278 8078 4292 8079 4293 8079 4278 8079 4100 8080 4099 8080 4290 8080 4105 8081 4290 8081 4099 8081 4454 8082 4447 8082 4295 8082 4291 8083 4292 8083 4278 8083 4293 8084 4294 8084 4278 8084 4294 8085 4286 8085 4278 8085 4279 8086 4278 8086 4286 8086 3834 8087 3829 8087 4286 8087 3841 8088 3834 8088 4286 8088 4105 8089 81 8089 4290 8089 3846 8090 3841 8090 4286 8090 4055 8091 202 8091 4057 8091 4053 8092 203 8092 4055 8092 203 8093 202 8093 4055 8093 4273 8094 4243 8094 4274 8094 4275 8095 4274 8095 4243 8095 4089 8096 4243 8096 4273 8096 4219 8097 4493 8097 4298 8097 4302 8098 4283 8098 4300 8098 4283 8099 4284 8099 4300 8099 3344 8100 3343 8100 4309 8100 4307 8101 4309 8102 3343 8103 4303 8104 4310 8104 4493 8104 4306 8105 4297 8105 4493 8105 4305 8106 4306 8106 4493 8106 4308 8107 4303 8107 4493 8107 4310 8108 4305 8108 4493 8108 4297 8109 4298 8109 4493 8109 4263 8110 4722 8110 4033 8110 4338 8111 4367 8111 4232 8111 4312 8112 4338 8112 4232 8112 4301 8113 4308 8113 4493 8113 4367 8114 4350 8114 4232 8114 4327 8115 4232 8115 4322 8115 4323 8116 4335 8116 4232 8116 4324 8117 4325 8117 4243 8117 4311 8118 4281 8119 4313 8120 4343 8121 4243 8121 4315 8121 4346 8122 4243 8122 4316 8122 4101 8123 4616 8123 4106 8123 4281 8124 4282 8124 4313 8124 4297 8125 4315 8125 4298 8125 4230 8126 4298 8126 4315 8126 4347 8127 4064 8127 4319 8127 4111 8128 4106 8128 4616 8128 4318 8129 4721 8129 4317 8129 4320 8130 4721 8130 4318 8130 4316 8131 4243 8131 4343 8131 5202 8132 4338 8132 4312 8132 4306 8133 4343 8133 4297 8133 4091 8134 4100 8134 4296 8134 4309 8135 4084 8135 4296 8135 4091 8136 4296 8136 4084 8136 4315 8137 4297 8137 4343 8137 4725 8138 4029 8138 4258 8138 4305 8139 4316 8139 4306 8139 4296 8140 4100 8140 4304 8140 4084 8141 4309 8142 4307 8143 4657 8144 4616 8144 4101 8144 4330 8145 4349 8145 4243 8145 4324 8146 4243 8146 4349 8146 4291 8147 4243 8147 4325 8147 4291 8148 4325 8148 4326 8148 4329 8149 4337 8149 3480 8149 4325 8150 4324 8150 4301 8150 4325 8151 4301 8151 4299 8151 2940 8152 4307 8152 4311 8152 2940 8153 4311 8154 4313 8155 2940 8156 4313 8156 3074 8156 4323 8157 4232 8157 4327 8157 4328 8158 4329 8158 3480 8158 4321 8159 4328 8159 3480 8159 412 8160 363 8160 4168 8160 380 8161 3480 8161 4334 8161 4327 8162 5203 8162 4323 8162 4312 8163 4232 8163 4335 8163 5202 8164 4312 8164 5209 8164 4335 8165 5209 8165 4312 8165 4324 8166 4349 8166 4308 8166 4522 8167 4172 8167 4336 8167 4303 8168 4349 8168 4330 8168 4346 8169 4316 8169 4305 8169 4299 8170 4326 8170 4325 8170 3089 8171 3464 8171 4348 8171 4522 8172 4344 8172 3802 8172 3807 8173 3802 8173 4344 8173 4323 8174 5210 8174 4335 8174 3818 8175 81 8175 3816 8175 5209 8176 4335 8176 5210 8176 4342 8177 4859 8177 4517 8177 3381 8178 3352 8178 4304 8178 4306 8179 4316 8179 4343 8179 4330 8180 4243 8180 4346 8180 4303 8181 4330 8181 4310 8181 3818 8182 3819 8182 81 8182 4346 8183 4310 8183 4330 8183 2048 8184 3089 8184 4348 8184 4301 8185 4324 8185 4308 8185 4010 8186 4435 8186 4008 8186 4319 8187 4232 8187 4350 8187 4265 8188 4339 8188 4266 8188 956 8189 4374 8189 4339 8189 4339 8190 4342 8190 957 8190 957 8191 956 8191 4339 8191 4349 8192 4303 8192 4308 8192 5206 8193 4319 8193 4350 8193 4345 8194 4403 8194 4351 8194 4346 8195 4305 8195 4310 8195 2048 8196 4348 8196 2051 8196 385 8197 4351 8197 382 8197 4264 463 4262 463 4446 463 4445 463 4446 463 4260 463 4341 8198 4331 8198 3480 8198 4331 8199 4332 8199 3480 8199 4332 8200 4333 8200 3480 8200 4340 8201 4341 8201 3480 8201 4337 8202 4340 8202 3480 8202 4352 8203 4353 8203 141 8203 4333 8204 4334 8204 3480 8204 142 8205 141 8205 4353 8205 4299 8206 4301 8206 4493 8206 4352 8207 211 8207 4353 8207 4356 8208 4353 8208 211 8208 3483 8209 3465 8209 4357 8209 4359 8210 4494 8210 4358 8210 4019 8211 4357 8211 3465 8211 412 8212 3825 8212 354 8212 4360 8213 4358 8213 4494 8213 4008 8214 4345 8214 388 8214 3991 8215 4008 8215 388 8215 4072 8216 4355 8216 4363 8216 4357 8217 4361 8217 3483 8217 385 8218 388 8218 4351 8218 4345 8219 4351 8219 388 8219 4072 8220 3610 8220 4355 8220 3483 8221 4361 8221 4362 8221 4354 8222 4493 8222 4359 8222 4365 8223 4366 8223 2426 8223 4365 8224 2426 8225 2424 8226 2424 8227 4370 8227 4365 8227 4030 8228 4031 8228 4384 8228 4338 8229 5208 8229 4367 8229 4260 8230 2054 8230 4371 8230 4494 8231 4368 8231 4360 8231 4350 8232 4367 8232 5207 8232 4321 8233 3480 8233 4372 8233 3483 8234 4369 8234 3480 8234 4372 8235 3480 8235 4369 8235 4027 8236 4030 8236 4380 8236 4384 8237 4380 8237 4030 8237 4366 8238 4371 8239 2426 8240 4368 8241 4503 8241 4375 8241 4522 8242 4376 8243 4344 8244 4231 8245 4026 8245 4380 8245 211 8246 202 8246 4356 8246 207 8247 4356 8247 202 8247 4008 8248 4402 8248 4345 8248 4374 8249 4786 8249 4377 8249 4503 8250 4498 8250 4379 8250 4266 8251 4339 8251 4377 8251 4351 8252 4403 8252 382 8252 397 8253 382 8253 4403 8253 4373 8254 4503 8254 4382 8254 4386 8255 4382 8255 4503 8255 206 8256 4381 8256 4387 8256 206 8257 4387 8257 4356 8257 4048 8258 4047 8258 4394 8258 4443 8259 4388 8259 4047 8259 4379 8260 4386 8260 4503 8260 4389 8261 4073 8261 2734 8261 4385 8262 4073 8262 4389 8262 4399 8263 4454 8263 4276 8263 4381 8264 204 8264 4387 8264 4276 8265 4050 8265 4399 8265 4394 8266 4399 8267 4048 8268 3483 8269 4362 8269 4369 8269 4378 8270 4498 8270 3906 8270 4389 8271 2734 8271 2869 8271 3903 8272 3906 8272 4498 8272 4391 8273 4392 8274 4390 8275 4487 8276 4485 8276 4443 8276 4521 8277 3825 8277 412 8277 4231 8278 4380 8278 2721 8278 4380 8279 4384 8279 2721 8279 4384 8280 4385 8280 2721 8280 2715 8281 2721 8281 4385 8281 4396 8282 4397 8282 4398 8282 4295 8283 4276 8283 4454 8283 4356 8284 207 8284 206 8284 4385 8285 4389 8285 2715 8285 4391 8286 4397 8287 4392 8288 4396 8289 4392 8289 4397 8289 2715 8290 4389 8290 2859 8290 4284 8291 4448 8291 4399 8291 2869 8292 2859 8292 4389 8292 4393 8293 4658 8293 4400 8293 2145 8294 4400 8294 4658 8294 4522 8295 4401 8296 4376 8297 4049 8298 4387 8298 204 8298 4463 8299 4449 8299 4292 8299 4463 8300 4292 8300 4291 8300 2148 8301 2145 8301 2378 8301 3967 8302 3972 8302 4404 8302 4292 8303 4450 8303 4293 8303 4455 8304 4293 8305 4450 8306 2166 8307 4400 8307 2145 8307 3973 8308 3968 8308 4404 8308 3225 8309 3967 8309 4404 8309 4406 8310 4294 8310 4405 8310 4293 8311 4455 8311 4294 8311 4405 8312 4294 8312 4455 8312 4403 8313 4345 8314 4402 8315 4286 8316 4406 8316 4285 8316 4408 8317 4285 8318 4406 8319 4381 8320 206 8320 204 8320 4404 8321 4234 8321 4202 8321 4364 8322 3821 8322 4407 8322 4287 8323 4288 8323 4423 8323 3225 8324 4404 8324 4220 8324 4008 8325 4435 8325 4402 8325 4202 8326 4197 8326 4404 8326 4395 8327 4423 8327 4288 8327 204 8328 203 8328 4049 8328 3229 8329 3228 8329 4182 8329 4285 8330 4408 8331 4409 8332 222 8333 223 8333 4411 8333 4392 8334 4396 8334 2093 8334 3868 8335 4052 8335 4412 8335 4215 8336 4176 8336 3225 8336 4220 8337 4216 8337 3225 8337 4183 8338 3228 8338 3225 8338 4289 8339 4287 8339 4426 8339 233 8340 222 8340 4353 8340 4411 8341 4353 8341 222 8341 4396 8342 4393 8342 2093 8342 4400 8343 2087 8343 4393 8343 2166 8344 2168 8344 4400 8344 4182 8345 4186 8345 3229 8345 3230 8346 3229 8346 4186 8346 4364 8347 4410 8347 4413 8347 4414 8348 4036 8349 4412 8350 4353 8351 4356 8351 238 8351 237 8352 238 8352 4356 8352 3202 8353 3230 8353 4186 8353 1129 8354 4364 8354 4413 8354 4429 8355 3921 8355 3863 8355 4387 8356 257 8356 4356 8356 4166 8357 2766 8357 4415 8357 238 8358 251 8358 4353 8358 4072 8359 4363 8359 4407 8359 256 8360 257 8360 4387 8360 2093 8361 2089 8361 4461 8361 4033 8362 4461 8362 4263 8362 4032 8363 4461 8363 4033 8363 4015 8364 4489 8364 4010 8364 3821 8365 4072 8365 4407 8365 4415 8366 4173 8366 4166 8366 4364 8367 3826 8367 3821 8367 4075 8368 4523 8368 4039 8368 4387 8369 4049 8369 4108 8369 1129 8370 3826 8370 4364 8370 4018 8371 4460 8371 4019 8371 256 8372 4387 8372 4108 8372 4166 8373 2643 8373 2766 8373 4479 8374 4378 8374 4395 8374 3980 8375 3979 8375 4052 8375 288 8376 4416 8376 4411 8376 4379 8377 4378 8378 4479 8379 4419 8380 4415 8380 4418 8380 4417 8381 4418 8381 4415 8381 3979 8382 4412 8382 4052 8382 4012 8383 4391 8383 4013 8383 4421 8384 4407 8384 4420 8384 4422 8385 4420 8385 4363 8385 4363 8386 4420 8386 4407 8386 4412 8387 3979 8388 4414 8389 4398 8390 4397 8390 4012 8390 4564 8391 4712 8391 4417 8391 216 8392 288 8392 4411 8392 4390 8393 4013 8393 4391 8393 3863 8394 4289 8394 4426 8394 4411 8395 143 8395 142 8395 4411 8396 142 8396 4353 8396 4397 8397 4391 8398 4012 8399 410 8400 397 8400 4403 8400 4402 8401 410 8402 4403 8403 4425 8404 4428 8405 4424 8406 4415 8407 4419 8407 4428 8407 4424 8408 4428 8408 4419 8408 3863 8409 4426 8409 4429 8409 4171 8410 4430 8410 4170 8410 4363 8411 4427 8411 4422 8411 4402 8412 4435 8412 410 8412 4170 8413 4430 8413 4431 8413 4416 8414 1155 8414 145 8414 2080 8415 4658 8415 2076 8415 4171 8416 4173 8416 4430 8416 4432 8417 4427 8417 4363 8417 4173 8418 4428 8418 4430 8418 4416 8419 145 8419 144 8419 2158 8420 4658 8420 2080 8420 4173 8421 4415 8421 4428 8421 4411 8422 4416 8422 144 8422 4411 8423 144 8423 143 8423 4790 8424 4383 8424 4377 8424 4522 8425 3802 8425 3825 8425 4388 8426 4302 8426 4394 8426 4395 8427 3906 8427 4423 8427 4399 8428 4394 8429 4300 8430 4302 8431 4300 8431 4394 8431 4401 8432 4522 8433 4434 8434 3906 8435 3903 8435 4423 8435 122 8436 136 8436 4000 8436 4483 8437 4064 8437 4347 8437 4363 8438 4355 8438 4432 8438 4480 8439 4066 8439 4478 8439 4410 8440 4364 8440 4438 8440 4067 8441 4481 8441 4070 8441 98 8442 3806 8442 90 8442 2077 8443 4655 8443 4024 8443 4437 8444 4438 8444 4364 8444 4370 8445 2424 8445 968 8445 938 8446 968 8446 2424 8446 4002 8447 98 8448 99 8449 4386 8450 4408 8450 4382 8450 4405 8451 4382 8451 4406 8451 4388 8452 4394 8452 4047 8452 1017 8453 1148 8453 4444 8453 4011 8454 4024 8454 4398 8454 3816 8455 107 8455 3804 8455 92 8456 3804 8457 107 8458 4445 8459 4467 8459 4446 8459 4012 8460 4011 8460 4398 8460 107 8461 3816 8461 81 8461 4302 8462 4388 8462 4485 8462 4364 8463 4407 8463 4437 8463 4421 8464 4437 8464 4407 8464 4398 8465 4024 8465 4655 8465 4004 8466 126 8466 122 8466 4004 8467 122 8467 3998 8467 4291 8468 4326 8468 4463 8468 4499 8469 4487 8469 4443 8469 4450 8470 4292 8470 4449 8470 4004 8471 4005 8471 126 8471 131 8472 126 8473 4005 8474 4284 8475 4451 8475 4448 8475 4447 8476 4448 8476 4451 8476 4452 8477 4453 8478 4476 8479 4458 8480 3175 8480 4457 8480 4460 8481 4482 8481 4453 8481 4444 8482 4465 8483 4445 8484 4469 8485 4475 8485 4446 8485 4373 8486 4405 8486 4375 8486 4382 8487 4405 8487 4373 8487 4452 8488 4477 8488 4459 8488 4005 8489 4007 8489 131 8489 116 8490 131 8490 4007 8490 4456 8491 4457 8491 3175 8491 4451 8492 3175 8492 4458 8492 4007 8493 4002 8493 116 8493 99 8494 116 8495 4002 8496 4390 8497 4482 8497 4460 8497 4476 8498 4453 8498 4482 8498 4449 8499 4375 8499 4450 8499 4458 8500 4447 8500 4451 8500 4450 8501 4375 8502 4455 8503 4439 8504 4502 8504 4440 8504 4390 8505 4392 8505 4461 8505 4390 8506 4461 8506 4482 8506 3962 8507 1494 8507 3938 8507 4455 8508 4375 8508 4405 8508 4502 8509 4501 8509 4440 8509 4467 8510 4445 8510 4465 8510 4441 8511 4440 8512 4501 8513 4442 8514 4501 8514 4443 8514 4462 8515 4456 8515 3175 8515 4475 8516 4604 8516 4634 8516 4461 8517 4392 8517 2093 8517 4299 8518 4354 8518 4326 8518 4354 8519 4359 8519 4326 8519 4358 8520 4326 8520 4359 8520 4465 8521 4444 8521 1148 8521 4464 8522 4462 8522 3176 8522 3175 8523 3176 8523 4462 8523 4446 8524 4467 8524 4469 8524 4466 8525 4464 8525 3176 8525 4470 8526 4436 8526 4431 8526 4470 8527 4431 8527 4468 8527 4360 8528 4449 8528 4358 8528 4368 8529 4449 8530 4360 8531 4375 8532 4449 8532 4368 8532 4449 8533 4463 8533 4358 8533 4441 8534 4501 8534 4442 8534 4326 8535 4358 8535 4463 8535 4634 8536 4446 8536 4475 8536 4452 8537 4476 8537 4477 8537 3176 8538 4474 8538 4466 8538 3963 8539 4000 8539 136 8539 4395 8540 4288 8540 4479 8540 4465 8541 992 8541 4467 8541 1148 8542 992 8542 4465 8542 4480 8543 4481 8544 4067 8545 4439 8546 4070 8546 4481 8546 4467 8547 992 8547 4469 8547 3906 8548 4395 8548 4378 8548 4471 8549 4477 8549 4032 8549 4477 8550 4476 8550 4032 8550 1129 8551 4413 8551 1125 8551 4469 8552 4516 8552 4475 8552 4476 8553 4482 8553 4032 8553 55 8554 54 8554 4481 8554 4482 8555 4461 8555 4032 8555 4284 8556 4283 8556 4451 8556 4478 8557 55 8557 4480 8557 4481 8558 4480 8559 55 8560 4439 8561 4481 8561 54 8561 4386 8562 4379 8562 4479 8562 4377 8563 4339 8563 4374 8563 4383 8564 4266 8564 4377 8564 4029 8565 3452 8565 4258 8565 4320 8566 3452 8566 4028 8566 3187 8567 3199 8567 4451 8567 4347 8568 50 8568 4483 8568 4019 8569 4460 8569 4357 8569 4370 463 1017 463 4365 463 968 463 1021 463 4370 463 3200 8570 3175 8570 4451 8570 4453 8571 4357 8571 4460 8571 4483 8572 50 8572 4478 8572 4366 8573 4365 8573 4444 8573 4371 463 4366 463 4444 463 4459 8574 4361 8574 4452 8574 4453 8575 4452 8576 4361 8577 4361 8578 4357 8578 4453 8578 4486 8579 4612 8579 4484 8579 4406 8580 4382 8580 4408 8580 4444 463 4445 463 4371 463 4371 8581 4445 8581 4260 8581 4283 8582 4485 8582 22 8582 4489 8583 4015 8583 4488 8583 4414 8584 4488 8584 4015 8584 4261 8585 4260 8585 4446 8585 4479 8586 4409 8586 4386 8586 4435 8587 4010 8588 4489 8589 4471 8590 4518 8590 4477 8590 4634 463 4264 463 4446 463 4408 8591 4386 8592 4409 8593 2045 8594 4264 8594 2601 8594 4361 8595 4459 8595 4362 8595 4490 8596 4484 8596 3327 8596 4219 8597 575 8597 4493 8597 1013 8598 795 8598 4492 8598 2601 8599 4492 8599 795 8599 4491 8600 4492 8600 2601 8600 4496 8601 54 8601 18 8601 4295 8602 4593 8602 4280 8602 22 8603 4499 8603 4501 8603 4487 8604 4499 8604 22 8604 4080 8605 4414 8605 3979 8605 4530 8606 4524 8606 4500 8606 4018 8607 4013 8607 4460 8607 4390 8608 4460 8608 4013 8608 4280 8609 4617 8609 4520 8609 4354 8610 4299 8610 4493 8610 4080 8611 4488 8611 4414 8611 4496 8612 18 8612 4502 8612 4501 8613 4502 8613 18 8613 4618 8614 4504 8614 4505 8614 4494 8615 683 8615 4503 8615 696 8616 687 8616 4503 8616 4504 8617 4615 8617 4486 8617 4232 8618 4319 8618 4064 8618 4508 8619 4859 8619 4507 8619 4080 8620 4082 8620 4488 8620 4082 8621 4088 8621 4488 8621 4097 8622 4435 8622 4088 8622 410 8623 4435 8624 4097 8625 4509 8626 4859 8627 4508 8628 4510 8629 4859 8629 4509 8629 4506 8630 4507 8630 4859 8630 4064 8631 4483 8631 4066 8631 4483 8632 4478 8632 4066 8632 4459 8633 4477 8633 4518 8633 4494 8634 4359 8634 4493 8634 4513 8635 4859 8636 4512 8637 4512 8638 4859 8638 4511 8638 4484 8639 4413 8639 4486 8639 4490 8640 1125 8640 4484 8640 1125 8641 4413 8641 4484 8641 4435 8642 4489 8643 4088 8644 4488 8645 4088 8645 4489 8645 4480 8646 4067 8646 4066 8646 4362 8647 4459 8647 4369 8647 4494 8648 4503 8648 4368 8648 4373 8649 4375 8649 4503 8649 4440 8650 4070 8650 4439 8650 4505 8651 4504 8651 4438 8651 4438 8652 4504 8652 4410 8652 4459 8653 4372 8653 4369 8653 4510 8654 4511 8654 4859 8654 4514 8655 4859 8655 4513 8655 4515 8656 4859 8656 4514 8656 4516 8657 4859 8657 4515 8657 4517 8658 4859 8658 4516 8658 4378 8659 4379 8660 4498 8661 4486 8662 4413 8662 4410 8662 4372 8663 4459 8663 4518 8663 4045 8664 4440 8664 4044 8664 4441 8665 4044 8666 4440 8667 4442 8668 4443 8668 4047 8668 4471 8669 4556 8669 4518 8669 1125 8670 4490 8670 4495 8670 965 8671 1125 8671 4495 8671 4047 8672 4044 8672 4442 8672 4441 8673 4442 8674 4044 8675 4328 8676 4321 8676 4556 8676 4372 8677 4556 8677 4321 8677 4498 8678 3948 8678 3903 8678 4556 8679 4372 8679 4518 8679 576 8680 4493 8680 575 8680 4504 8681 4486 8681 4410 8681 4434 8682 4522 8682 4519 8682 4494 8683 679 8683 680 8683 680 8684 682 8684 4494 8684 4502 8685 4439 8685 4496 8685 4521 8686 412 8686 4168 8686 4618 8687 4505 8687 4520 8687 4388 8688 4443 8688 4485 8688 4494 8689 4493 8689 679 8689 4421 8690 4420 8690 4280 8690 4277 8691 4280 8691 4420 8691 4499 8692 4443 8692 4501 8692 3452 8693 799 8693 4574 8693 4319 8694 5205 8694 4347 8694 50 8695 4347 8695 39 8695 4520 8696 4505 8696 4437 8696 4280 8697 4520 8697 4421 8697 3400 8698 3401 8698 3021 8698 4523 8699 4471 8699 4032 8699 54 8700 4496 8700 4439 8700 4438 8701 4437 8701 4505 8701 4522 36 3825 36 4521 36 4168 36 4522 36 4521 36 5205 8702 39 8702 4347 8702 3452 8703 4523 8703 4259 8703 4336 8704 4525 8704 4522 8704 55 8705 4478 8705 43 8705 45 8706 43 8706 4478 8706 50 8707 45 8707 4478 8707 4075 8708 4259 8708 4523 8708 4525 8709 4519 8709 4522 8709 4032 8710 4037 8710 4523 8710 4627 8711 4560 8711 4529 8711 4627 8712 4529 8712 4526 8712 4627 8713 4526 8713 4626 8713 4531 8714 4431 8714 4436 8714 3454 8715 3414 8715 4528 8715 4527 8715 4528 8715 3414 8715 4534 8716 4535 8716 4431 8716 4535 8717 4472 8717 4431 8717 4536 8718 984 8718 1010 8718 4531 8719 4533 8719 4431 8719 4433 8720 4468 8720 4431 8720 4533 8721 4534 8721 4431 8721 4472 8722 4473 8722 4431 8722 3373 8723 4431 8723 4473 8723 3373 8724 4473 8724 3372 8724 4259 8725 4258 8725 3452 8725 799 8726 3452 8726 4320 8726 4029 8727 4028 8727 3452 8727 4571 8728 4561 8728 4634 8728 4561 8729 4562 8729 4634 8729 4604 8730 4591 8730 4634 8730 800 8731 812 8731 4314 8731 778 8732 1002 8732 4619 8732 4318 8733 799 8733 4320 8733 4178 8734 4180 8734 4172 8734 3373 8735 4170 8735 4431 8735 3542 8736 3566 8736 4543 8736 4543 8737 4541 8737 3542 8737 4622 8738 4547 8738 4548 8738 4430 8739 4544 8739 4546 8739 4430 8740 4546 8740 4431 8740 4538 8741 4541 8741 3435 8741 3430 8742 3435 8742 4543 8742 4551 8743 4540 8743 4527 8743 4507 8744 4506 8744 4526 8744 4529 8745 4507 8745 4526 8745 4524 8746 4526 8746 4497 8746 4497 8747 4500 8747 4524 8747 993 8748 4530 8748 4500 8748 4433 8749 4431 8749 4549 8749 4431 8750 4546 8750 4549 8750 4602 8751 508 8751 362 8751 4506 8752 4497 8752 4526 8752 4576 8753 3417 8753 4542 8753 3416 8754 3430 8754 4542 8754 4530 8755 993 8755 4532 8755 4555 8756 4556 8756 4471 8756 4471 8757 4523 8757 4555 8757 4425 8758 4553 8758 4428 8758 984 8759 4536 8759 993 8759 4557 8760 4527 8760 4552 8760 4550 8761 4527 8761 4557 8761 4551 8762 4527 8762 4550 8762 3414 8763 4552 8763 4527 8763 3402 8764 3021 8764 3401 8764 4536 8765 4532 8765 993 8765 4555 8766 4554 8766 4329 8766 4555 8767 4329 8767 4328 8767 4544 8768 4430 8768 4559 8768 3404 8769 4218 8769 3402 8769 4430 8770 4428 8770 4553 8770 4553 8771 4559 8771 4430 8771 4627 8772 4634 8773 4562 8774 4560 8775 4627 8775 4562 8775 4558 8776 4563 8776 3676 8776 4523 8777 4545 8777 4609 8777 4529 8778 4560 8778 4508 8778 4529 8779 4508 8780 4507 8781 3321 8782 3535 8782 4538 8782 4508 8783 4560 8783 4562 8783 4564 8784 4417 8784 4415 8784 4541 8785 4538 8785 3542 8785 3680 8786 4528 8786 3678 8786 4554 8787 4555 8787 4523 8787 4609 8788 4620 8788 4523 8788 4575 8789 4576 8789 3570 8789 3586 8790 3570 8790 4576 8790 3682 8791 3683 8791 4558 8791 3590 138 3586 138 4542 138 4576 8792 4542 8792 3586 8792 4415 8793 2766 8793 4564 8793 2766 8794 2799 8794 4564 8794 3696 8795 3705 8795 4558 8795 4545 8796 4331 8796 4609 8796 4418 8797 4712 8797 4419 8797 3566 8798 3590 8798 4543 8798 4563 8799 4355 8799 3610 8799 4622 8800 4566 8801 4547 8802 4508 8803 4562 8803 4509 8803 4418 8804 4417 8804 4712 8804 3610 8805 3676 8805 4563 8805 4561 8806 4509 8806 4562 8806 4328 8807 4556 8807 4555 8807 4570 8808 4172 8809 4569 8810 4572 8811 4567 8811 4573 8811 4568 8812 4563 8812 4567 8812 4575 8813 3409 8813 4576 8813 4553 8814 4425 8814 4594 8814 4424 8815 4594 8816 4425 8817 4541 8818 4543 8818 3435 8818 4561 8819 4571 8819 4510 8819 4561 8820 4510 8820 4509 8820 4573 8821 4567 8821 4563 8821 4543 8822 4542 8822 3430 8822 4574 8823 4580 8823 4523 8823 4523 8824 3452 8824 4574 8824 4559 8825 4592 8825 4544 8825 4333 8826 4574 8826 4334 8826 4643 36 4172 36 4638 36 4419 8827 4712 8827 4424 8827 4334 8828 4574 8828 794 8828 4539 8829 4172 8830 4579 8831 4579 8832 4172 8833 4570 8834 4545 8835 4523 8835 4580 8835 4044 8836 4047 8836 4271 8836 4580 8837 4333 8837 4332 8837 4622 8838 4581 8838 4566 8838 575 8839 3409 8839 4588 8839 3409 8840 3417 8840 4576 8840 4580 8841 4574 8841 4333 8841 4510 8842 4571 8842 4511 8842 4168 36 4638 36 4172 36 4331 8843 4545 8843 4332 8843 4587 8844 4588 8844 3714 8844 4568 8845 4582 8845 4563 8845 4580 8846 4332 8846 4545 8846 4528 8847 4527 8847 4584 8847 3327 8848 4484 8848 4612 8848 4537 8849 4511 8849 4571 8849 4643 8850 4629 8850 4172 8850 4178 8851 4172 8852 4539 8853 4585 8854 4583 8854 579 8854 4587 8855 3714 8855 4586 8855 3570 8856 3714 8856 4588 8856 576 8857 575 8857 4587 8857 4588 8858 4587 8858 575 8858 4528 8859 4584 8859 4565 8859 3570 8860 4588 8860 4575 8860 4537 8861 4571 8861 4634 8861 4590 8862 4537 8862 4634 8862 4591 8863 4596 8863 4634 8863 4596 8864 4590 8864 4634 8864 4511 8865 4537 8865 4512 8865 4584 8866 4573 8866 4558 8866 4590 8867 4512 8867 4537 8867 579 8868 578 8868 4585 8868 4586 8869 4585 8869 578 8869 4617 8870 4280 8870 4593 8870 578 8871 576 8871 4586 8871 4587 8872 4586 8872 576 8872 4600 8873 4189 8873 4589 8873 4575 8874 4588 8874 3409 8874 4618 8875 4520 8876 4617 8877 4512 8878 4590 8878 4513 8878 4596 8879 4513 8879 4590 8879 4584 8880 4558 8880 4565 8880 686 8881 688 8881 4498 8881 4618 8882 4621 8882 4504 8882 4558 8883 4573 8883 4563 8883 4612 8884 4486 8885 4615 8886 4513 8887 4596 8887 4514 8887 4593 8888 4295 8888 4457 8888 4540 8889 4601 8889 4527 8889 4602 36 4201 36 4600 36 4514 8890 4596 8890 4591 8890 4603 8891 4584 8891 4601 8891 4527 8892 4601 8892 4584 8892 4458 8893 4457 8893 4295 8893 4606 8894 4584 8894 4605 8894 548 8895 4638 8895 4168 8895 363 8896 548 8896 4168 8896 4591 8897 4515 8897 4514 8897 726 8898 728 8899 4614 8900 4603 8901 4605 8901 4584 8901 4599 8902 4719 8902 1130 8902 4640 8903 850 8903 4607 8903 4604 8904 4515 8904 4591 8904 4458 8905 4295 8905 4447 8905 4448 8906 4447 8906 4454 8906 853 8907 4608 8907 4607 8907 4606 8908 4572 8908 4573 8908 4606 8909 4573 8909 4584 8909 4610 8910 4611 8910 701 8910 4608 8911 701 8911 4611 8911 3944 8912 4270 8912 4355 8912 4515 8913 4604 8913 4516 8913 4604 8914 4475 8914 4516 8914 234 8915 267 8915 4802 8915 4341 8916 4609 8916 4331 8916 4517 8917 957 8917 4342 8917 4516 8918 992 8918 4517 8918 4589 8919 234 8919 4815 8919 4563 8920 4582 8920 3944 8920 4355 8921 4563 8921 3944 8921 4620 8922 4623 8922 4523 8922 4815 8923 515 8923 4589 8923 4600 8924 4589 8924 515 8924 4064 8925 4066 8925 4567 8925 4232 8926 4064 8926 4567 8926 4633 8927 4946 8927 1002 8927 4616 8928 4223 8928 4110 8928 4615 8929 4504 8929 4621 8929 3017 8930 4232 8930 4605 8930 4657 8931 4649 8931 4611 8931 4600 8932 515 8933 4602 8934 685 8935 4611 8935 686 8935 4457 8936 4456 8936 4593 8936 4462 8937 4618 8937 4456 8937 4602 8938 515 8938 508 8938 4340 8939 4620 8939 4341 8939 4567 8940 4572 8940 4232 8940 4572 8941 4606 8941 4232 8941 4605 8942 4232 8942 4606 8942 4464 8943 4618 8943 4462 8943 4617 8944 4456 8945 4618 8946 4609 8947 4341 8947 4620 8947 3017 8948 4605 8948 4603 8948 3017 8949 4603 8949 4601 8949 4601 8950 4540 8950 3017 8950 4593 8951 4456 8951 4617 8951 4554 8952 4523 8952 4623 8952 4802 8953 4807 8953 234 8953 4622 8954 4624 8954 4581 8954 4554 8955 4623 8955 4337 8955 4329 8956 4554 8956 4337 8956 4540 8957 4551 8957 3017 8957 4622 8958 1057 8958 4624 8958 4611 8959 4610 8959 4657 8959 4610 8960 4613 8960 4657 8960 4464 8961 4621 8961 4618 8961 4623 8962 4340 8962 4337 8962 4625 8963 4626 8964 4524 8965 3024 8966 3022 8966 4550 8966 4551 8967 4550 8967 3022 8967 4614 8968 4657 8968 4613 8968 4110 8969 4111 8969 4616 8969 4614 8970 4616 8970 4657 8970 4340 8971 4623 8971 4620 8971 4526 8972 4524 8972 4626 8972 4530 8973 4625 8973 4524 8973 4615 8974 4474 8975 4612 8976 4474 8977 4621 8977 4466 8977 990 8978 4612 8978 4474 8978 4550 8979 4557 8979 3024 8979 4615 8980 4621 8980 4474 8980 4464 8981 4466 8981 4621 8981 4029 8982 4721 8982 4028 8982 4630 8983 4625 8983 4530 8983 4569 8984 4172 8985 4629 8986 4628 8987 4637 8987 685 8987 4037 8988 4032 8988 4722 8988 685 8989 687 8989 4628 8989 4628 8990 682 8990 4583 8990 4530 8991 4532 8991 4630 8991 4631 8992 4630 8992 4532 8992 4075 8993 4039 8993 4724 8993 687 8994 685 8994 4498 8994 4498 8995 685 8995 686 8995 4532 8996 4536 8996 4631 8996 4536 8997 1010 8997 4631 8997 1009 8998 4631 8998 1010 8998 4724 8999 4725 8999 4075 8999 4300 9000 4284 9000 4399 9000 4454 9001 4399 9001 4448 9001 4263 9002 2089 9002 2131 9002 4263 9003 2131 9003 4722 9003 4639 9004 1030 9004 4636 9004 2964 9005 2963 9005 4622 9005 4660 23 9 23 4635 23 4638 9006 548 9006 4969 9006 4028 9007 4721 9007 4320 9007 4637 9008 859 9008 4640 9008 4639 9009 1053 9009 1030 9009 853 9010 4607 9011 850 9012 4622 9013 4548 9013 1286 9013 4622 9014 1286 9014 2964 9014 4641 36 4643 36 4969 36 4751 9015 4742 9015 4642 9015 853 9016 707 9016 4608 9016 4627 9017 4626 9017 4492 9017 4626 9018 4625 9018 4492 9018 1013 9019 4492 9019 4625 9019 4491 9020 4627 9020 4492 9020 4633 9021 1002 9021 4644 9021 4969 9022 4643 9022 4638 9022 1013 463 4625 463 4630 463 4639 9023 1321 9023 1053 9023 2148 9024 2166 9024 2145 9024 4631 463 1013 463 4630 463 3157 9025 4641 9025 3539 9025 4614 9026 4613 9026 726 9026 701 9027 708 9027 4613 9027 4685 9028 4639 9028 4684 9028 3157 9029 3161 9029 4641 9029 4631 463 1009 463 1013 463 4613 9030 4610 9030 701 9030 4742 9031 4688 9031 4639 9031 4641 9032 4645 9032 4646 9032 4641 9033 4646 9033 4643 9033 4634 463 4627 463 4264 463 4491 463 4264 463 4627 463 4616 9034 4614 9034 728 9034 4223 9035 4616 9035 728 9035 4646 9036 4629 9036 4643 9036 4632 23 4635 23 4633 23 4642 9037 4639 9037 4647 9037 4607 9038 4608 9038 685 9038 4608 9039 4611 9039 685 9039 4636 9040 4647 9040 4639 9040 4648 23 4644 23 4659 23 4632 23 4633 23 4644 23 686 9041 4611 9041 688 9041 2964 9042 1286 9042 1283 9042 4498 9043 688 9043 3948 9043 4649 9044 3948 9044 688 9044 984 23 4644 23 1002 23 993 23 4659 23 984 23 4659 9045 4644 9045 984 9045 4101 9046 3948 9046 4657 9046 2378 9047 2145 9047 4650 9047 4649 9048 4657 9048 3948 9048 4393 9049 4396 9049 4653 9049 4655 9050 4653 9050 4396 9050 4398 9051 4655 9051 4396 9051 4393 9052 4653 9053 4658 9054 2821 9055 4665 9055 4664 9055 4662 9056 4714 9056 4794 9056 4650 9057 4658 9057 2158 9057 4665 9058 2821 9058 4666 9058 4653 9059 2076 9060 4658 9061 2076 9062 4653 9062 2077 9062 4655 9063 2077 9063 4653 9063 4223 9064 729 9064 4704 9064 4700 9065 1160 9065 4698 9065 4578 9066 1162 9067 4577 9068 1164 9069 4577 9069 1162 9069 4734 9070 4664 9070 4665 9070 4665 9071 4666 9071 4734 9071 4578 9072 4594 9072 1173 9072 4595 9073 1173 9073 4594 9073 260 23 635 23 306 23 688 9074 4611 9074 4649 9074 1160 9075 4700 9075 1164 9075 4700 9076 4592 9076 1164 9076 4577 9077 1164 9077 4592 9077 306 9078 4635 9078 171 9078 306 23 4633 23 4635 23 194 9079 306 9079 171 9079 171 9080 4635 9080 9 9080 1126 9081 4595 9081 4597 9081 1127 9082 1126 9082 4647 9082 4729 9083 1128 9083 1130 9083 4719 9084 4729 9084 1130 9084 4598 9085 4599 9085 1130 9085 1030 9086 1127 9086 4636 9086 1130 9087 1126 9087 4598 9087 4597 9088 4598 9089 1126 9090 650 9091 1228 9091 568 9091 728 9092 726 9093 4716 9094 4684 9095 4639 9095 4688 9095 4664 9096 4738 9096 2821 9096 4592 9097 4559 9097 4577 9097 4578 9098 4577 9099 4559 9100 4559 9101 4553 9101 4578 9101 4578 9102 4553 9102 4594 9102 3486 9103 4717 9103 3487 9103 4698 9104 4778 9104 4697 9104 4717 9105 3485 9105 1451 9105 1226 23 650 23 577 23 1194 9106 577 9106 1187 9106 999 9107 4785 9107 1160 9107 3486 9108 3485 9108 4717 9108 552 23 577 23 633 23 4633 23 306 23 635 23 4688 9109 1440 9109 4684 9109 4698 9110 4697 9110 4549 9110 260 9111 633 9111 635 9111 4700 9112 4546 9112 4592 9112 4544 9113 4592 9113 4546 9113 650 9114 635 9114 633 9114 212 9115 552 9115 633 9115 650 23 633 23 577 23 1187 23 577 23 552 23 729 9116 4795 9116 4704 9116 4546 9117 4700 9117 4549 9117 4698 9118 4549 9118 4700 9118 4685 9119 4684 9119 1440 9119 4766 9120 1443 9120 4688 9120 1214 23 1212 23 568 23 4599 9121 4598 9121 4712 9121 4597 9122 4595 9123 4712 9124 4595 9125 4594 9125 4712 9125 4424 9126 4712 9126 4594 9126 4597 9127 4712 9128 4598 9129 4716 9130 4718 9130 4714 9130 4718 9131 906 9131 4714 9131 818 23 865 23 866 23 618 9132 4314 9132 929 9132 4740 9133 4717 9133 4741 9133 4716 9134 4714 9134 4662 9134 4730 9135 931 9135 929 9135 981 9136 840 9136 854 9136 854 23 865 23 981 23 818 9137 981 9137 865 9137 4714 9138 4826 9138 4794 9138 2799 9139 4719 9139 4564 9139 4662 9140 728 9140 4716 9140 4283 9141 1516 9141 4723 9141 972 9142 997 9142 962 9142 4712 9143 4564 9143 4719 9143 3187 9144 4451 9144 4727 9144 4714 9145 892 9145 4768 9145 972 9146 844 9146 840 9146 4728 9147 4722 9147 2131 9147 4283 9148 4723 9148 4726 9148 981 9149 972 9149 840 9149 852 9150 854 9150 840 9150 4599 9151 4712 9151 4719 9151 929 9152 4314 9152 4721 9152 981 23 997 23 972 23 4826 9153 4714 9153 4768 9153 1516 9154 5176 9154 4723 9154 4726 9155 4723 9155 5176 9155 4721 9156 4029 9156 4725 9156 4721 9135 4730 9135 929 9135 4664 9157 1134 9157 4732 9157 4725 9158 4731 9158 4730 9158 746 23 1427 23 997 23 4936 9159 4228 9159 4704 9159 4725 9160 4730 9160 4721 9160 989 23 962 23 997 23 73 9161 989 9161 74 9161 4738 9162 4664 9162 4732 9162 4724 9163 4736 9163 4725 9163 4733 9164 4734 9164 4735 9164 4928 9165 235 9165 234 9165 4736 9166 4731 9166 4725 9166 4737 9167 4734 9167 4733 9167 4724 9168 4722 9168 4736 9168 4722 9169 4728 9169 4736 9169 1591 23 1005 23 1600 23 818 9170 1600 9170 1005 9170 866 9171 1600 9171 818 9171 4741 9172 4742 9172 4740 9172 4739 9173 4740 9173 4742 9173 1756 9174 1337 9174 4758 9174 987 9175 4758 9175 1337 9175 1616 9176 1608 9176 866 9176 235 9177 4934 9177 4802 9177 3013 9178 4732 9178 2786 9178 4744 9179 4733 9179 4743 9179 4746 9180 4743 9180 4733 9180 267 9181 235 9181 4802 9181 4745 9182 1051 9182 1016 9182 1613 23 1616 23 866 23 1600 23 866 23 1608 23 2799 9183 2786 9183 4729 9183 4719 9184 2799 9184 4729 9184 4747 9185 4265 9185 4266 9185 4744 9186 4739 9186 4733 9186 4729 9187 2786 9188 4732 9189 1063 9190 1051 9190 4755 9190 3515 9191 4816 9191 4743 9191 3013 9192 3012 9192 4738 9192 94 9193 4750 9193 195 9193 3221 9194 4743 9194 4746 9194 4759 9195 4758 9195 1052 9195 4339 9196 4265 9196 4747 9196 4758 9197 987 9197 1131 9197 4738 9198 4732 9198 3013 9198 4747 9199 4859 9199 4339 9199 3220 9200 3221 9200 4746 9200 4639 9201 4642 9201 4742 9201 4752 9202 4747 9202 4827 9202 4753 1298 970 1298 4730 1298 4754 9203 4805 9203 999 9203 4761 9204 4817 9204 999 9204 999 9205 587 9205 4761 9205 4825 9206 4827 9206 4747 9206 4757 9207 1756 9207 4756 9207 4842 9208 4851 9208 4750 9208 4843 9209 4842 9209 4750 9209 4755 9210 4756 9210 1756 9210 4759 9211 4755 9211 1756 9211 4758 9212 4759 9212 1756 9212 4751 9213 4737 9213 4742 9213 4733 9214 4742 9214 4737 9214 4728 9215 218 9215 4760 9215 4760 9216 4762 9216 4728 9216 974 9217 979 9217 4773 9217 4817 9218 4818 9218 999 9218 4819 9219 4828 9219 999 9219 4764 9220 1775 9220 4763 9220 4766 9221 4742 9221 4741 9221 4688 9222 4742 9222 4766 9222 4830 9223 4773 9223 979 9223 1775 9224 4765 9224 4763 9224 4770 9225 4767 9225 1777 9225 4752 9226 4870 9226 4747 9226 4742 9227 4733 9227 4739 9227 3463 9228 3508 9228 3475 9228 3462 9229 3372 9229 3499 9229 3463 9230 3462 9230 3509 9230 1043 9231 4769 9231 4768 9231 1777 9232 1756 9232 4770 9232 4757 9233 4770 9233 1756 9233 4773 9234 4768 9234 4772 9234 4767 9235 4776 9235 1777 9235 4779 9236 4697 9236 4778 9236 4769 9237 4772 9237 4768 9237 4790 9238 4377 9238 4786 9238 4777 9239 1777 9239 4776 9239 4746 9240 4771 9240 3038 9240 4780 9241 4774 9241 4781 9241 4770 9242 4745 9242 4767 9242 4771 9243 4746 9243 4784 9243 4779 9244 4780 9244 4781 9244 4779 9245 4781 9245 4697 9245 4783 9246 4784 9246 4746 9246 1323 9247 4786 9247 956 9247 4765 9248 1775 9248 4777 9248 4768 9249 4773 9249 4826 9249 4374 9250 956 9250 4786 9250 4698 9251 1160 9251 4778 9251 4778 9252 1160 9252 4785 9252 4782 9253 4896 9253 4789 9253 4754 9254 4436 9254 4805 9254 4470 9255 4805 9255 4436 9255 4735 9256 4783 9256 4733 9256 975 9257 974 9257 4772 9257 4746 9258 4733 9258 4783 9258 1043 9259 1098 9259 4769 9259 4790 9260 4747 9260 4266 9260 4787 9261 1785 9261 4764 9261 4662 9262 4794 9262 4792 9262 4790 9263 4266 9263 4383 9263 939 9264 961 9264 3038 9264 299 9265 1785 9265 4793 9265 4774 9266 4779 9266 4549 9266 4468 9267 4433 9267 4778 9267 4549 9268 4778 9268 4433 9268 4746 9269 961 9269 3226 9269 4795 9270 4792 9270 4794 9270 4778 9271 4549 9271 4779 9271 4794 9272 4798 9272 4799 9272 4794 9273 4799 9273 4795 9273 4746 9274 3226 9274 3220 9274 4796 9275 4786 9275 1328 9275 1329 9276 1328 9276 4786 9276 4779 9277 4774 9277 4780 9277 4798 9278 4800 9278 4801 9278 4798 9279 4801 9279 4799 9279 4793 9280 228 9280 299 9280 4785 9281 4468 9281 4778 9281 4816 9282 3515 9282 3487 9282 4816 9283 3487 9283 4717 9283 4803 9284 4753 9284 4730 9284 4785 9285 999 9285 4805 9285 4810 463 4811 463 4824 463 4804 9286 4809 9286 4802 9286 4807 9287 4802 9287 4809 9287 4788 9288 4896 9288 4806 9288 4468 9289 4785 9289 4470 9289 4730 9290 4731 9290 4803 9290 4808 9291 4803 9291 4731 9291 4796 9292 4814 9292 4786 9292 4785 9293 4805 9293 4470 9293 4736 9294 4810 9294 4731 9294 4731 9295 4810 9295 4808 9295 4736 9296 4811 9296 4810 9296 1451 9297 1443 9297 4766 9297 4804 9298 4800 9298 4798 9298 4804 9299 4798 9299 4809 9299 1323 9300 1329 9300 4786 9300 4736 9301 4728 9301 4813 9301 4762 9302 4813 9302 4728 9302 4813 9303 4811 9303 4736 9303 4819 9304 999 9304 4818 9304 1016 9305 4820 9305 4745 9305 4809 9306 563 9306 4815 9306 3516 9307 3515 9308 4743 9309 3221 9310 3516 9310 4743 9310 4822 9311 4873 9311 4821 9311 4472 9312 4817 9312 4473 9312 4761 9313 4473 9313 4817 9313 515 9314 4815 9314 563 9314 4815 9315 4807 9315 4809 9315 4740 9316 4739 9316 4816 9316 4534 9317 4819 9317 4535 9317 4818 9318 4535 9318 4819 9318 4823 9319 4790 9319 4814 9319 4786 9320 4814 9320 4790 9320 4766 9321 4741 9321 1451 9321 4789 9322 4957 9322 4782 9322 4782 9323 4957 9323 4775 9323 4775 9324 4957 9324 4812 9324 4828 9325 4837 9325 999 9325 4806 9326 4797 9326 1379 9326 1105 9327 1379 9327 4797 9327 4436 9328 4754 9328 4531 9328 1328 9329 4827 9329 4825 9329 4789 9330 4788 9330 1379 9330 4806 9331 1379 9331 4788 9331 1329 9332 4868 9332 1328 9332 249 9333 4833 9333 244 9333 4816 9334 4717 9334 4740 9334 4533 9335 4828 9335 4534 9335 1451 9336 4741 9336 4717 9336 4819 9337 4534 9337 4828 9337 4826 9338 4773 9338 4830 9338 249 9339 4852 9339 4833 9339 4747 9340 4790 9340 4825 9340 4823 9341 4825 9341 4790 9341 4754 9342 999 9342 4837 9342 3070 9343 4855 9343 4666 9343 4754 9344 4837 9344 4531 9344 4752 9345 4827 9345 4870 9345 4837 9346 4533 9346 4531 9346 4855 9347 3070 9347 4840 9347 4820 9348 4821 9348 4874 9348 4825 9349 4814 9349 1328 9349 4823 9350 4814 9350 4825 9350 1328 9351 4814 9351 4796 9351 4533 9352 4837 9352 4828 9352 4824 9353 4877 9353 4822 9353 4535 9354 4818 9354 4472 9354 4868 9355 4867 9355 1328 9355 4846 9356 4824 9356 4845 9356 4829 9357 4845 9358 4824 9359 4784 9360 4839 9360 4771 9360 4839 9361 3057 9361 4771 9361 4818 9362 4817 9362 4472 9362 4849 9363 4848 9363 4832 9363 4831 9364 4832 9364 4848 9364 4500 9365 4497 9365 4847 9365 4842 9366 4843 9366 4838 9366 4829 9367 4831 9368 4845 9369 4848 9370 4845 9370 4831 9370 4847 9371 4659 9371 4500 9371 4697 9372 4781 9372 4549 9372 4784 9373 4840 9373 4839 9373 993 9374 4500 9374 4659 9374 3038 9375 4771 9375 3057 9375 4832 9376 4833 9377 4849 9378 4852 9379 4849 9379 4833 9379 4835 9380 4834 9380 4850 9380 4659 9381 4854 9381 4648 9381 4830 9382 4851 9382 4826 9382 4774 9383 4549 9383 4781 9383 4853 9384 4850 9384 4841 9384 4834 9385 4841 9385 4850 9385 4842 9386 4838 9386 4851 9386 4847 9387 4856 9387 4854 9387 4847 9388 4854 9388 4659 9388 4826 9389 4851 9389 4838 9389 4858 9390 4841 9390 4857 9390 4342 9391 4339 9391 4859 9391 345 9392 4852 9392 249 9392 4784 9393 4783 9393 4840 9393 4734 9394 4666 9394 4735 9394 4857 9395 4841 9395 4844 9395 5087 9396 876 9396 870 9396 4840 9397 4783 9397 4855 9397 4735 9398 4666 9398 4783 9398 1134 9399 4664 9399 4734 9399 4855 9400 4783 9400 4666 9400 4846 9401 4845 9401 236 9401 4853 9402 4841 9402 4858 9402 4859 9403 4847 9403 4506 9403 4849 9404 4852 9404 236 9404 4497 9405 4506 9405 4847 9405 4863 9406 4860 9406 4862 9406 4751 9407 1134 9407 4737 9407 4751 9408 4642 9408 1134 9408 1128 9409 1134 9409 4647 9409 4856 9410 4847 9410 4866 9410 4864 9411 4857 9411 4844 9411 4865 9412 4866 9412 4847 9412 4859 9413 4865 9413 4847 9413 4845 9414 4848 9414 236 9414 4849 9415 236 9415 4848 9415 4734 9416 4737 9416 1134 9416 4865 9417 4859 9417 4868 9417 4861 9418 4862 9418 4860 9418 4838 9419 4861 9419 4860 9419 4867 9420 4868 9420 4859 9420 4871 9421 4872 9421 4820 9421 4872 9422 4745 9422 4820 9422 4867 9423 4859 9423 4870 9423 4874 9424 4821 9424 4873 9424 875 9425 5093 9425 889 9425 5071 9426 4875 9426 4869 9426 4747 9427 4870 9427 4859 9427 1943 9428 3369 9428 4953 9428 4820 9429 4874 9429 4871 9429 4873 9430 4822 9430 4877 9430 4824 9431 4846 9431 4877 9431 4878 9432 4879 9432 830 9432 827 9433 830 9433 4879 9433 4793 9434 4846 9434 228 9434 4873 9435 4877 9435 4763 9435 4874 9436 4873 9436 4763 9436 4871 9437 4874 9437 4763 9437 4872 9438 4871 9438 4763 9438 4970 23 4971 23 36 23 4878 9439 830 9439 4900 9439 840 9440 4900 9440 830 9440 4861 9441 4838 9441 4843 9441 4877 9442 4846 9442 4763 9442 236 9443 228 9443 4846 9443 4787 9444 4764 9444 4846 9444 4764 9445 4763 9445 4846 9445 4880 9446 827 9446 4883 9446 4882 9447 4883 9447 827 9447 4793 9448 4787 9448 4846 9448 4885 9449 4886 9450 827 9451 4886 9452 4890 9452 827 9452 4884 9453 4885 9454 827 9455 4777 9456 4776 9456 4872 9456 4765 9457 4777 9457 4872 9457 5028 9458 5025 9458 4857 9458 4857 9459 4864 9459 5028 9459 5029 9460 5028 9460 4864 9460 4826 9461 4838 9461 4798 9461 4887 9462 4888 9462 827 9462 4972 9463 2212 9463 4844 9463 4860 9464 4798 9464 4838 9464 4745 9465 4872 9465 4776 9465 4826 9466 4798 9466 4794 9466 4864 9467 4844 9467 1687 9467 1659 9468 1687 9469 4844 9470 4763 9471 4765 9471 4872 9471 4881 9472 4884 9472 827 9472 4889 9473 827 9473 4890 9473 4889 9474 4887 9474 827 9474 4880 9475 4881 9475 827 9475 4879 9476 4882 9476 827 9476 1724 9477 1893 9477 1732 9477 1732 9478 1893 9478 1731 9478 827 9479 4888 9479 4891 9479 4756 9480 4745 9480 4757 9480 4770 9481 4757 9481 4745 9481 1051 9482 4745 9482 4756 9482 4776 9483 4767 9483 4745 9483 1051 9484 4756 9484 4755 9484 4809 9485 4798 9485 4860 9485 1052 9486 1063 9486 4759 9486 4893 9487 66 9487 4892 9487 4892 9488 66 9488 71 9488 62 9489 2814 9489 74 9489 1731 9490 4947 9490 4943 9490 4860 9491 556 9491 4809 9491 1131 9492 1052 9492 4758 9492 4894 9493 119 9493 4893 9493 4791 9494 4947 9494 1731 9494 119 9495 4894 9495 4895 9495 556 9496 563 9496 4809 9496 4803 463 4808 463 4820 463 4753 463 4803 463 4820 463 970 9497 4753 9497 4820 9497 4829 463 4824 463 4813 463 4831 463 4829 463 4762 463 4813 463 4762 463 4829 463 4760 463 219 463 4832 463 4760 463 4831 463 4762 463 224 9498 4832 9498 219 9498 73 9499 74 9499 4895 9499 4895 9500 74 9500 119 9500 4896 9501 4782 9501 4897 9501 1016 463 970 463 4820 463 4898 9502 550 9502 556 9502 4896 9503 1642 9503 4797 9503 4820 9504 4808 9504 4821 9504 4821 463 4808 463 4822 463 4824 9505 4822 9505 4810 9505 4875 9506 5071 9506 827 9506 4797 9507 4806 9507 4896 9507 4891 9508 4875 9508 827 9508 4808 9509 4810 9509 4822 9509 4860 9510 4863 9510 4898 9510 393 9511 4896 9511 4899 9511 327 9512 4833 9512 224 9512 394 9513 4896 9513 393 9513 4831 9514 4760 9514 4832 9514 556 9515 4860 9515 4898 9515 4811 463 4813 463 4824 463 394 9516 398 9516 4896 9516 4833 9517 327 9517 244 9517 452 9518 454 9519 4901 9520 840 9521 844 9521 4900 9521 4832 463 224 463 4833 463 4896 9522 4897 9522 4899 9522 4901 9523 4899 9523 4897 9523 4908 9524 4897 9524 4812 9524 4901 9525 4897 9525 4910 9525 4908 9526 4910 9526 4897 9526 398 9527 1642 9527 4896 9527 729 9528 728 9528 4792 9528 4792 9529 728 9529 4662 9529 5062 9530 4916 9530 4917 9530 4908 9531 4914 9531 4910 9531 4936 9532 4934 9532 4228 9532 4959 9533 5067 9533 4920 9533 4212 9534 4928 9534 4925 9534 4901 9535 4910 9535 452 9535 447 9536 452 9536 4910 9536 4910 9537 4914 9537 447 9537 4908 9538 1731 9538 1893 9538 4959 9539 4920 9539 969 9539 4925 9540 4191 9540 4212 9540 1893 9541 1874 9541 4908 9541 4914 9542 4908 9542 1874 9542 1910 9543 1880 9543 1893 9543 1874 9544 463 9544 4914 9544 4799 9545 4704 9545 4795 9545 4897 9546 4775 9546 4812 9546 4930 9547 4931 9547 5064 9547 4929 9548 4930 9548 5064 9548 4775 9549 4897 9549 4782 9549 4925 9550 234 9550 4589 9550 4788 9551 4789 9551 4896 9551 4916 9552 4882 9552 4917 9552 4918 9553 4917 9553 4900 9553 4920 9554 4918 9554 4900 9554 844 9555 4920 9555 4900 9555 4879 9556 4878 9556 4917 9556 4882 9557 4879 9557 4917 9557 37 9558 4971 9558 4967 9558 4925 9559 4928 9559 234 9559 4878 9560 4900 9560 4917 9560 36 9561 44 9561 4970 9561 5062 9562 5064 9563 4931 9564 4791 9538 1731 9538 4908 9538 4979 9565 4975 9566 4932 9567 4812 9568 4791 9568 4908 9568 4881 9569 4880 9569 4930 9569 4932 9570 4933 9570 4979 9570 4933 9571 4632 9571 4979 9571 4644 9572 4979 9572 4632 9572 4881 9573 4930 9573 4929 9573 235 9574 4928 9574 4934 9574 4883 9575 4931 9575 4880 9575 4943 9576 4947 9576 5029 9576 5029 9577 2356 9577 4940 9577 4635 9578 4632 9578 4933 9578 4191 9579 4925 9579 4189 9579 4589 9580 4189 9580 4925 9580 4930 9581 4880 9581 4931 9581 5062 9582 4935 9582 4916 9582 5062 9583 4931 9583 4935 9583 4928 9584 4228 9584 4934 9584 4916 9585 4935 9585 4883 9585 4916 9586 4883 9586 4882 9586 4935 9587 4931 9587 4883 9587 4802 9588 4934 9588 4804 9588 4940 9589 4942 9589 5029 9589 4804 9590 4934 9590 4800 9590 4881 9591 4929 9591 4884 9591 418 9592 421 9592 4937 9592 4801 9593 4800 9593 4936 9593 4934 9594 4936 9594 4800 9594 4924 9595 4884 9595 4929 9595 4815 9596 234 9596 4807 9596 5028 9597 4951 9597 4956 9597 4939 9598 417 9598 4937 9598 418 9599 4937 9599 417 9599 4944 9600 4941 9600 5064 9600 4924 9601 4929 9601 5064 9601 4945 9602 4944 9602 5064 9602 417 9603 4939 9603 416 9603 4938 9604 416 9605 4939 9606 4884 9607 4924 9607 4885 9607 4943 9608 5029 9608 4942 9608 4941 9609 4885 9609 4924 9609 1725 9610 1724 9610 4940 9610 4941 9611 4924 9611 5064 9611 4799 9612 4801 9612 4704 9612 4936 9613 4704 9613 4801 9613 4792 9614 4795 9614 729 9614 1724 9615 1732 9615 4942 9615 4941 9616 4886 9616 4885 9616 5028 9617 5029 9617 4947 9617 146 9618 4950 9618 153 9618 4948 9619 153 9619 4950 9619 4886 9620 4941 9620 4944 9620 153 36 4948 36 163 36 4950 9621 146 9621 75 9621 4945 9622 4890 9622 4944 9622 4886 9623 4944 9623 4890 9623 1061 9624 2452 9624 4949 9624 4961 9625 4750 9625 94 9625 4635 9626 4933 9626 4660 9626 5035 9627 5037 9628 4954 9629 163 9630 4952 9630 94 9630 4961 9631 94 9631 4955 9631 4951 9632 5028 9632 4947 9632 4952 9633 163 9633 4948 9633 4932 9634 44 9634 4660 9634 4953 9635 5033 9635 4954 9635 4889 9636 4909 9636 4887 9636 4932 9637 4660 9637 4933 9637 4955 9638 94 9638 4952 9638 4946 9639 4633 9639 637 9639 4890 9640 4945 9641 4889 9642 637 9643 642 9643 4946 9643 4949 9644 4946 9644 642 9644 4950 9645 4898 9645 4948 9645 75 9646 550 9646 4950 9646 4898 9647 4950 9647 550 9647 4898 9648 4863 9648 4948 9648 4862 9649 4952 9649 4863 9649 4945 9650 4909 9650 4889 9650 642 9651 551 9651 1056 9651 1061 9652 4949 9652 1056 9652 642 9653 1056 9653 4949 9653 4948 9654 4863 9654 4952 9654 4951 9655 4947 9655 4791 9655 4812 9656 4956 9656 4791 9656 4959 9657 969 9658 4960 9659 4953 9660 4954 9660 4789 9660 1943 9661 4953 9661 4789 9661 4868 9662 4876 9662 4865 9662 969 9663 971 9663 4960 9663 4951 9664 4791 9664 4956 9664 4956 9665 4812 9665 4957 9665 4866 9666 4865 9666 4876 9666 4957 9667 4789 9667 4958 9667 4862 9668 4955 9668 4952 9668 4960 9669 73 9670 4959 9671 4958 9672 4789 9672 4954 9672 4937 9673 4876 9673 4868 9673 73 9674 4960 9674 989 9674 4749 9675 4750 9675 4851 9675 4748 9676 4749 9676 4851 9676 979 9677 4748 9677 4851 9677 4939 9678 4937 9678 1358 9678 4938 9679 4939 9680 1358 9681 783 9682 954 9682 5038 9682 4961 9683 4955 9683 4861 9683 4750 9684 4961 9684 4861 9684 4861 9685 4843 9685 4750 9685 4862 9686 4861 9686 4955 9686 4868 9687 1358 9687 4937 9687 4964 9688 4962 9688 4966 9688 4963 9689 4965 9689 4962 9689 5027 9690 769 9690 5024 9690 979 9691 4851 9691 4830 9691 4965 9692 4966 9692 4962 9692 4870 9693 1328 9693 4867 9693 3477 9694 5102 9694 3291 9694 4827 9695 1328 9695 4870 9695 5030 9696 783 9696 5012 9696 4834 9697 3295 9697 4962 9697 4749 9698 5010 9698 4750 9698 4876 9699 4937 9699 421 9699 3295 9700 3291 9700 4962 9700 213 9701 3539 9701 4969 9701 5027 9702 5034 9702 769 9702 548 9703 213 9703 4969 9703 37 9704 36 9704 4971 9704 4834 9705 4836 9705 3295 9705 3539 9706 4641 9706 4969 9706 772 9707 791 9707 5036 9707 4909 9708 4945 9708 5064 9708 3299 9709 3295 9710 4836 9711 4835 9712 4836 9712 4834 9712 4977 9713 4972 9713 4976 9713 4964 9714 4976 9714 4972 9714 4975 9715 4970 9715 44 9715 954 9716 1275 9716 4993 9716 4995 9717 4996 9717 954 9717 44 9718 4932 9718 4975 9718 4964 9719 4972 9719 4841 9719 5012 9720 783 9720 5038 9720 1182 9721 4973 9721 1239 9721 4981 9722 4982 9722 4973 9722 4972 9723 4844 9723 4841 9723 4622 9724 4619 9724 4949 9724 4964 9725 4986 9725 4976 9725 5069 9726 4990 9726 4973 9726 4986 9727 4964 9727 4966 9727 4981 9728 4973 9728 4990 9728 4968 9729 4967 9730 4866 9731 4856 9732 4866 9732 4967 9732 4971 9733 4854 9733 4967 9733 4856 9734 4967 9734 4854 9734 4962 9735 4964 9735 4841 9735 4876 9736 4968 9736 4866 9736 4962 9737 4841 9737 4834 9737 4854 9738 4971 9739 4970 9740 4854 9741 4970 9741 4648 9741 2212 9742 4972 9742 2219 9742 4977 9743 2219 9743 4972 9743 133 9744 4990 9744 5069 9744 4648 9745 4970 9745 4975 9745 4648 9746 4975 9747 4979 9748 4648 9749 4979 9749 4644 9749 4996 9750 5038 9750 954 9750 5039 9751 5040 9751 4973 9751 1659 9752 4844 9752 2212 9752 1502 9753 1501 9753 4978 9753 1865 9754 4940 9754 2356 9754 1215 9755 4995 9755 4993 9755 5033 9756 4953 9756 3369 9756 1215 9757 1218 9757 4995 9757 4996 9758 4995 9758 1218 9758 195 9759 4750 9759 129 9759 5035 9760 4954 9761 5033 9762 5018 9763 755 9763 5021 9763 761 9764 5022 9764 5021 9764 4982 9765 1311 9765 1239 9765 4622 9766 1059 9767 1058 9768 1057 9769 4622 9769 1058 9769 5028 9770 4956 9770 5025 9770 4619 8927 1002 8927 4946 8927 4749 9771 4748 9771 5011 9771 1554 9772 5011 9772 4748 9772 5037 9773 5032 9773 4958 9773 5011 9774 5010 9774 4749 9774 4946 23 4949 23 4619 23 4982 9775 4981 9775 1311 9775 4949 9776 1060 9776 4622 9776 1059 9777 4622 9777 1060 9777 876 9778 889 9778 4875 9778 5006 9779 5007 9779 5020 9779 5007 9780 5008 9780 5020 9780 5008 9781 5013 9781 5020 9781 5011 9782 1135 9782 5010 9782 5014 9783 5015 9783 5020 9783 5013 9784 5014 9784 5020 9784 5015 9785 5016 9785 5020 9785 5019 9786 5020 9786 5016 9786 5017 9787 5019 9787 5016 9787 5005 9788 5006 9788 5020 9788 761 9789 5021 9789 755 9789 5004 9790 5005 9790 5020 9790 114 9791 5004 9792 5020 9793 129 9794 4750 9794 5010 9794 5023 9795 5026 9795 4117 9795 5025 9796 5026 9796 5023 9796 1135 9797 133 9797 5010 9797 133 9798 5070 9798 5010 9798 5004 9799 109 9799 5005 9799 5005 9800 117 9800 5006 9800 5032 9801 3365 9801 5026 9801 5007 9802 130 9803 5008 9804 5070 9805 137 9805 5010 9805 128 9806 5013 9806 132 9806 5008 9807 132 9807 5013 9807 5026 9808 4958 9808 5032 9808 133 9809 1554 9809 4990 9809 5013 9810 128 9810 5014 9810 406 9811 5014 9811 128 9811 5014 9812 406 9812 5015 9812 5016 9813 356 9813 5017 9813 772 9814 5036 9814 5022 9814 4117 9815 5026 9815 4120 9815 5015 9816 1470 9816 5016 9816 4981 9817 4990 9817 1311 9817 114 9818 5020 9818 112 9818 112 9819 5020 9819 78 9819 4956 9820 4957 9820 5026 9820 5038 9821 899 9821 5012 9821 91 9822 78 9822 5020 9822 4957 9823 4958 9823 5026 9823 1774 9824 5039 9824 4973 9824 5021 9825 904 9825 5018 9825 5021 9826 5022 9826 904 9826 4887 9827 5027 9827 904 9827 5026 9828 5025 9828 4956 9828 9 9829 4660 9829 93 9829 4958 9830 4954 9830 5037 9830 5018 9831 904 9831 5024 9831 5024 9832 904 9832 5027 9832 91 9833 5020 9833 93 9833 5030 9834 898 9834 5031 9834 5012 9835 899 9835 5030 9835 5020 9836 9 9836 93 9836 4117 9837 3365 9837 5023 9837 5031 9838 904 9838 5036 9838 5022 9839 5036 9839 904 9839 5041 9840 155 9840 371 9840 52 9841 4973 9841 5040 9841 1687 9842 2356 9842 5029 9842 325 9843 444 9843 5041 9843 5027 9844 4887 9844 5034 9844 4909 9845 5034 9845 4887 9845 444 9846 5042 9846 5041 9846 4850 9847 2995 9847 4835 9847 5050 9848 1933 9848 2149 9848 4836 9849 2995 9849 3299 9849 1217 9850 899 9850 5038 9850 5042 9851 25 9851 5041 9851 2149 9852 3562 9852 5050 9852 5052 9853 5050 9853 3562 9853 444 9854 449 9854 5042 9854 5029 9855 4864 9855 1687 9855 16 9856 21 9856 5042 9856 1218 9857 1217 9857 4996 9857 25 9858 5019 9858 5041 9858 5054 9859 5052 9859 3562 9859 4853 9860 4858 9860 5023 9860 5032 9861 4853 9861 5023 9861 5032 9862 5023 9862 3365 9862 5025 9863 5023 9863 4858 9863 4858 9864 4857 9864 5025 9864 5020 9865 5019 9865 25 9865 1894 9866 1929 9866 5040 9866 4853 9867 5032 9867 4850 9867 25 9868 168 9868 5020 9868 5037 9869 4850 9869 5032 9869 4850 9870 5033 9870 3369 9870 5033 9871 4850 9872 5035 9873 5037 9874 5035 9875 4850 9876 5066 9877 4917 9877 4918 9877 371 9878 325 9878 5041 9878 5064 9879 229 9879 5034 9879 5129 9880 5158 9880 4977 9880 4976 9881 5134 9881 4977 9881 4966 9882 5135 9882 4986 9882 4965 9883 5138 9883 4966 9883 5034 9884 4909 9884 5064 9884 4917 9885 5066 9885 5062 9885 5017 9886 156 9886 5019 9886 33 9887 1933 9887 5050 9887 5052 9888 33 9888 5050 9888 5101 9889 3099 9889 4963 9889 5054 9890 29 9890 5065 9890 2219 9891 4977 9891 5158 9891 5019 9892 156 9892 5041 9892 155 9893 5041 9893 156 9893 3406 9894 10 9894 5057 9894 5020 9895 168 9895 9 9895 4875 9896 4891 9896 861 9896 861 9897 860 9897 4875 9897 1929 9898 1932 9898 5040 9898 3432 9899 3406 9899 5058 9899 3406 9900 5059 9900 5058 9900 4887 9901 904 9901 4888 9901 4888 9902 861 9902 4891 9902 3406 9903 5057 9903 5059 9903 5060 9904 5059 9904 5057 9904 33 9905 51 9905 1933 9905 5061 9906 19 9906 20 9906 20 9907 5063 9907 5061 9907 5061 9908 10 9908 19 9908 5061 9909 5057 9909 10 9909 5067 138 5066 138 4918 138 4918 9910 4920 9910 5067 9910 5068 9911 32 9911 5065 9911 4893 9912 5062 9912 4894 9912 4892 9913 5062 9913 4893 9913 5064 9914 4892 9914 229 9914 5062 9915 4892 9915 5064 9915 5069 9916 32 9916 5068 9916 5066 9917 4894 9917 5062 9917 5067 138 4894 138 5066 138 4895 9918 4894 9918 5067 9918 73 9919 4895 9919 5067 9919 5067 9920 4959 9920 73 9920 5071 9921 4869 9921 889 9921 5070 9922 133 9922 5069 9922 889 9923 5093 9923 5071 9923 137 9924 5070 9924 5069 9924 3329 9925 3224 9925 5093 9925 137 9926 5068 9926 134 9926 3224 9927 3233 9927 5071 9927 208 9928 134 9928 5068 9928 5068 9929 137 9929 5069 9929 2780 9930 827 9930 5071 9930 5063 9931 5078 9931 5061 9931 5071 9932 2775 9932 2780 9932 5076 9933 5061 9933 5078 9933 5078 9934 5063 9934 5084 9934 5057 9935 5061 9935 5085 9935 5076 9936 5085 9936 5061 9936 5085 9937 5089 9938 5057 9939 5060 9940 5057 9940 5089 9940 3326 9941 5093 9941 5087 9941 3326 9942 3329 9942 5093 9942 3432 9943 5058 9943 3453 9943 5079 9944 5092 9944 5091 9944 5089 9945 3468 9945 5060 9945 5059 9946 5060 9946 3468 9946 860 9947 861 9947 5082 9947 5143 9948 5149 9948 5078 9948 5078 9949 5084 9949 5143 9949 4 9950 5143 9950 5084 9950 4963 9951 4962 9951 5101 9951 608 9952 5091 9952 5092 9952 5082 9953 5087 9953 860 9953 870 9954 860 9954 5087 9954 4962 9955 3291 9955 5101 9955 5093 9956 875 9956 876 9956 5102 9957 5101 9957 3291 9957 876 9958 5087 9958 5093 9958 573 9959 608 9959 5092 9959 898 9960 5097 9960 5083 9960 209 9961 5091 9961 5109 9961 5143 9962 4 9962 5158 9962 899 9963 1217 9963 5097 9963 5145 9964 5130 9964 3512 9964 5108 9965 5109 9965 5091 9965 5068 9966 5091 9966 209 9966 5082 9967 5083 9967 5114 9967 5113 9968 5114 9968 5083 9968 5148 9969 5149 9969 5135 9969 5114 9970 3307 9970 5082 9970 5068 9971 209 9971 208 9971 5082 9972 3307 9972 3308 9972 5108 9973 5091 9973 189 9973 3500 9974 3512 9974 5130 9974 608 9975 189 9975 5091 9975 5082 9976 3309 9976 5087 9976 3310 9977 5087 9977 3309 9977 189 9978 176 9978 5108 9978 5082 9979 3308 9979 3309 9979 5135 9980 5138 9980 5148 9980 608 9981 183 9981 189 9981 3311 9982 3326 9982 5087 9982 5145 9983 5132 9983 5130 9983 5134 9984 5135 9984 5149 9984 5129 9985 5134 9985 5143 9985 5149 9986 5143 9986 5134 9986 5113 9987 5083 9987 5136 9987 5097 9988 5136 9988 5083 9988 5102 9989 3099 9989 5101 9989 51 9990 5069 9990 52 9990 4976 9991 4986 9991 5135 9991 5134 9992 4976 9992 5135 9992 5130 9993 5132 9993 4965 9993 3500 9994 5130 9994 4965 9994 52 9995 5069 9995 4973 9995 5097 9996 5126 9996 5136 9996 5129 9997 4977 9997 5134 9997 5135 9998 4966 9998 5138 9998 5132 9999 5138 9999 4965 9999 5136 10000 3290 10000 5113 10000 5126 10001 3277 10001 5136 10001 32 10002 5069 10002 33 10002 5132 10003 5145 10003 5146 10003 5097 10004 7 10004 5201 10004 51 10005 33 10005 5069 10005 5151 10006 5148 10006 5138 10006 5138 10007 5132 10007 5151 10007 5146 10008 5151 10009 5132 10010 3050 10011 3044 10011 5089 10011 5068 10012 5152 10012 5153 10012 5201 10013 3348 10013 5126 10013 5145 10014 3512 10014 5089 10014 5085 10015 5076 10015 5148 10015 5145 10016 5089 10017 5146 10018 5152 10019 5068 10019 5065 10019 5148 10020 5151 10020 5089 10020 5089 10021 5085 10021 5148 10021 5146 10022 5089 10023 5151 10024 22 10025 1506 10025 1516 10025 20 10026 3080 10026 5063 10026 2676 10027 2401 10027 5063 10027 5152 10028 17 10028 5153 10028 4993 10029 1275 10029 4978 10029 4978 10030 1275 10030 5165 10030 1233 10031 1256 10031 5165 10031 2499 10032 5155 10032 4 10032 5156 10033 5158 10033 4 10033 32 10034 33 10034 5054 10034 5065 10035 17 10035 5152 10035 5156 10036 4 10036 5157 10036 2220 10037 5156 10037 5157 10037 5129 10038 5143 10038 5158 10038 5068 10039 5153 10039 5091 10039 5079 10040 5091 10040 5153 10040 5169 10041 1397 10041 5174 10041 2220 10042 2219 10042 5156 10042 5158 10043 5156 10043 2219 10043 1412 10044 5175 10044 5176 10044 5076 10045 5078 10045 5149 10045 2401 10046 4 10046 5084 10046 5149 10047 5148 10047 5076 10047 5157 10048 4 10048 5155 10048 1343 10049 1440 10049 5180 10049 5180 10050 1442 10050 5179 10050 4 10051 2401 10051 2499 10051 5159 10052 1 10052 4128 10052 5159 10053 4128 10053 4130 10053 5180 10054 5175 10054 1416 10054 1413 10055 1416 10056 5175 10057 5179 10058 1442 10058 5184 10058 4134 10059 11 10060 4130 10061 5159 10062 4130 10062 11 10062 564 10063 13 10063 4134 10063 11 10064 4134 10064 13 10064 13 10065 564 10065 14 10065 4139 10066 5054 10066 3562 10066 5174 10067 1412 10067 5176 10067 4143 10068 29 10069 4139 10070 5054 10071 4139 10071 29 10071 1416 10072 1343 10072 5180 10072 23 10073 4143 10073 24 10073 29 10074 4143 10074 23 10074 4146 10075 24 10075 4143 10075 5165 10076 5167 10076 1513 10076 5167 10077 5170 10077 1513 10077 4128 10078 1 10079 4146 10080 24 10081 4146 10081 1 10081 5170 10082 5169 10082 1513 10082 1506 10083 1505 10083 5176 10083 1516 10084 1506 10084 5176 10084 4727 10085 4726 10085 5176 10085 1121 10086 3539 10086 213 10086 1 10087 5079 10087 17 10087 573 10088 5092 10088 5159 10088 11 10089 573 10089 5159 10089 11 10090 13 10090 573 10090 1 10091 5159 10091 5092 10091 5092 10092 5079 10092 1 10092 5153 10093 17 10093 5079 10093 5180 10094 4727 10094 5175 10094 5179 10095 5184 10095 4727 10095 5180 10096 5179 10096 4727 10096 5176 10097 5175 10097 4727 10097 3187 10098 4727 10098 5184 10098 3199 10099 3187 10099 5184 10099 5184 10100 1442 10100 3485 10100 1442 138 1443 138 3485 138 5184 10101 3485 10101 3199 10101 1513 10102 1503 10102 5165 10102 4978 10103 5165 10103 1502 10103 5126 10104 5097 10104 5201 10104 5206 10105 7 10105 5205 10105 5209 10106 7 10106 5202 10106 5208 10107 5202 10107 7 10107 5209 10108 5210 10108 7 10108 5203 10109 7 10109 5210 10109 5207 10110 7 10110 5206 10110 5207 10111 5208 10111 7 10111 39 10112 5205 10112 7 10112 5203 10113 5204 10113 7 10113 5204 10114 5201 10114 7 10114 5204 10115 4322 10115 5201 10115 4322 10116 3348 10116 5201 10116 5203 10117 4327 10117 5204 10117 4322 10118 5204 10118 4327 10118 5210 10119 4323 10119 5203 10119 4319 10120 5206 10120 5205 10120 5207 10121 4367 10121 5208 10121 5208 10122 4338 10122 5202 10122 5206 10123 4350 10123 5207 10123 4487 10124 22 10124 4485 10124 4283 10125 4302 10125 4485 10125 1228 10126 650 10126 1226 10126 1179 10127 53 10127 1228 10127 49 23 1214 23 53 23 53 23 1214 23 1228 23 568 23 1228 23 1214 23 1406 10128 568 10128 1212 10128 1406 23 1212 23 1414 23 57 23 61 23 1414 23 1427 23 746 23 1426 23 74 23 989 23 1427 23 74 23 1427 23 62 23 989 23 997 23 1427 23 3 10129 1426 10129 746 10129 1414 23 3 23 1406 23</p>
        </triangles>
        <triangles material="color_16448250-material" count="1086">
          <input semantic="VERTEX" source="#obj_0-mesh-vertices" offset="0"/>
          <input semantic="NORMAL" source="#obj_0-mesh-normals" offset="1"/>
          <p>12 10130 5 10130 46 10130 12 10131 46 10131 47 10131 5 10132 1295 10132 46 10132 63 10133 314 10133 5009 10133 4999 23 5000 23 47 23 274 138 275 138 272 138 273 10134 272 10135 275 10135 281 10136 283 10136 280 10136 281 10137 280 10137 279 10137 285 10138 287 10138 283 10138 285 10139 283 10139 281 10139 290 10140 291 10140 287 10140 290 10141 287 10141 285 10141 292 10142 293 10142 291 10142 292 10143 291 10143 290 10143 296 10144 297 10144 293 10144 296 10145 293 10145 292 10145 297 10146 296 10146 302 10146 300 10147 302 10147 296 10147 303 10148 304 10148 302 10148 303 10148 302 10148 300 10148 5131 36 5127 36 285 36 290 10149 285 10149 5127 10149 285 36 281 36 5131 36 281 10150 279 10150 5131 10150 4661 10151 5131 10151 279 10151 310 10152 311 10152 312 10152 310 10152 314 10152 311 10152 311 10153 414 10153 312 10153 314 10154 310 10154 320 10154 319 10154 320 10154 310 10154 323 10155 324 10155 322 10155 324 10156 320 10156 322 10156 320 10157 319 10157 322 10157 321 10158 322 10158 319 10158 399 10159 322 10159 321 10159 322 23 399 23 323 23 323 10160 330 10160 331 10160 323 10161 331 10161 324 10161 337 10162 338 10162 340 10162 337 10163 342 10163 338 10163 342 10164 331 10164 338 10164 330 10165 338 10165 331 10165 350 10166 352 10166 337 10166 342 10167 337 10167 352 10167 350 10168 357 10168 358 10168 359 10169 360 10169 358 10169 360 10170 352 10170 358 10170 350 10171 358 10171 352 10171 338 10172 403 10172 340 10172 338 23 330 23 401 23 330 10173 323 10173 401 10173 359 10174 366 10174 367 10174 359 10175 367 10175 360 10175 376 10176 358 10176 357 10176 376 10177 378 10177 359 10177 358 23 376 23 359 23 366 10178 4663 10178 367 10178 377 10179 376 10179 357 10179 366 10180 359 10180 378 10180 378 23 392 23 366 23 4663 10181 396 10181 395 10181 384 10182 366 10182 386 10182 383 23 4663 23 384 23 386 23 366 23 389 23 390 23 366 23 391 23 389 23 366 23 390 23 391 23 366 23 392 23 366 23 384 23 4663 23 396 10183 4663 10183 383 10183 331 23 5003 23 324 23 342 23 5002 23 331 23 324 23 5009 23 320 23 352 23 5002 23 342 23 360 10184 5001 10184 352 10184 367 23 5000 23 360 23 46 23 4999 23 47 23 320 23 5009 23 314 23 400 10185 399 10185 321 10185 403 10186 402 10186 340 10186 403 23 338 23 401 23 399 10187 401 10187 323 10187 414 10188 413 10188 312 10188 414 23 311 23 415 23 279 36 424 36 4661 36 5043 10189 5044 10189 2866 10189 423 10190 422 10190 424 10190 423 10190 424 10190 425 10190 279 10191 280 10191 425 10191 279 10191 425 10191 424 10191 5189 36 4661 36 424 36 422 36 5189 36 424 36 429 10192 430 10192 428 10192 430 10193 2841 10193 428 10193 428 10194 427 10194 514 10194 430 10195 429 10195 480 10195 430 10196 480 10196 481 10196 428 23 513 23 429 23 314 10197 481 10197 311 10197 480 10198 311 10198 481 10198 480 10199 415 10199 311 10199 430 10200 481 10200 5055 10200 63 23 5055 23 481 23 314 23 63 23 481 23 428 10201 514 10201 513 10201 415 10202 480 10202 516 10202 480 23 429 23 516 23 513 23 516 23 429 23 1062 23 1534 23 1059 23 1060 23 1062 23 1059 23 1074 23 1056 23 1073 23 1073 23 551 23 1079 23 1061 23 1056 23 1074 23 646 23 645 23 1079 23 551 23 1073 23 1056 23 551 23 672 23 1079 23 645 10203 648 10203 1079 10203 646 10204 1079 10204 630 10204 631 10205 630 10206 1079 10207 672 23 631 23 1079 23 1093 23 1079 23 648 23 648 23 664 23 1093 23 558 23 561 23 1120 23 1106 23 565 23 1107 23 560 23 1120 23 1107 23 560 23 558 23 1120 23 808 23 803 23 1201 23 756 23 760 23 1201 23 770 10208 1231 10208 760 10208 560 10209 1107 10209 565 10209 1180 10210 1120 10210 561 10210 561 23 742 23 1180 23 757 23 756 23 1201 23 774 23 757 23 1201 23 796 10211 787 10211 1201 10211 787 10212 774 10212 1201 10212 803 23 796 23 1201 23 1254 23 1405 23 1255 23 1201 23 1195 23 808 23 814 10213 808 10213 1195 10213 1246 10214 1245 10214 1278 10214 1195 23 1197 23 814 23 1246 23 1277 23 1248 23 1265 10215 1263 10215 1264 10215 1231 23 1201 23 760 23 4913 10216 4912 10216 1263 10216 4913 10217 1263 10217 1265 10217 1274 10218 1273 10218 1418 10218 1274 23 1405 23 1272 23 1269 23 822 23 1271 23 1246 10219 1278 10219 1277 10219 1286 10220 1264 10220 1287 10220 1263 10221 1287 10221 1264 10221 1280 23 1248 23 1277 23 1283 10222 1285 10222 1251 10222 1280 10223 1283 10223 1251 10223 1280 10224 1251 10224 1248 10224 1288 23 1287 23 1263 23 1263 23 1251 23 1288 23 1285 23 1288 23 1251 23 1281 10225 909 10225 1282 10225 1294 10226 1295 10226 5 10226 1300 10227 4701 10227 1295 10227 917 23 922 23 1284 23 1295 10228 1294 10228 1465 10228 1284 10229 922 10229 1293 10229 1300 10230 1302 10230 4701 10230 1281 10231 910 10231 909 10231 908 23 917 23 1282 23 909 23 908 23 1282 23 1284 10232 1282 10232 917 10232 1305 10233 1306 10233 1307 10233 923 23 1293 23 922 23 1305 10234 4703 10234 1306 10234 4703 10235 4702 10235 1306 10235 1270 23 823 23 1269 23 1467 10236 1307 10236 1306 10236 514 10237 427 10237 822 10237 822 23 1269 23 823 23 4703 10238 1305 10238 1316 10238 1317 10239 1319 10239 1316 10239 1320 10240 4706 10240 1319 10240 1317 10241 1519 10241 1319 10241 1325 10242 1326 10242 1327 10242 1325 10243 4708 10243 1326 10243 4708 10244 4707 10244 1326 10244 1319 23 1518 23 1320 23 4709 10245 4708 10245 1386 10245 1325 10246 1386 10246 4708 10246 1392 10247 1393 10247 1386 10247 1386 10248 1393 10248 4709 10248 1395 10249 4710 10249 1393 10249 1433 10250 1432 10250 1392 10250 1326 10251 1509 10251 1327 10251 1393 10252 1392 10252 1432 10252 1509 23 1326 23 1510 23 1432 10253 1253 10253 1395 10253 1393 23 1432 23 1395 23 1419 10254 1417 10254 1418 10254 4713 10255 4711 10255 1417 10255 4713 10256 1417 10256 1419 10256 1509 10257 1508 10257 1327 10257 4715 10258 4713 10258 1419 10258 1419 10259 1429 10259 4715 10259 1395 10260 1252 10260 1405 10260 1429 10261 1246 10261 4715 10261 1248 10262 4911 10262 1246 10262 1245 10263 1246 10263 1429 10263 4715 10264 1246 10264 4911 10264 1417 10265 1274 10265 1418 10265 1252 23 1395 23 1253 23 1417 23 1405 23 1274 23 1255 23 1405 23 1252 23 1272 23 1405 23 1254 23 1295 10266 1465 10266 1464 10266 1306 10267 1504 10267 1467 10267 1319 10268 1519 10268 1518 10268 1300 23 1435 23 1302 23 1504 23 1306 23 1434 23 1434 23 1302 23 1435 23 1437 10269 1300 10269 1438 10269 1438 23 1300 23 1461 23 1436 23 1300 23 1437 23 1435 23 1300 23 1436 23 1295 10270 1464 10270 1300 10270 1461 23 1300 23 1462 23 1462 23 1300 23 1464 23 1302 23 1434 23 1306 23 1322 23 1510 23 1326 23 1515 23 1511 23 1322 23 1511 10271 1510 10271 1322 10271 1515 23 1322 23 1517 23 1322 23 1320 23 1520 23 1517 23 1322 23 1520 23 1518 23 1520 23 1320 23 1541 23 1603 23 1540 23 1542 23 1572 23 1544 23 1544 23 1568 23 1543 23 1559 10272 1579 10272 1584 10272 1564 10273 1546 10273 1568 10273 1579 23 1557 23 1583 23 1583 10274 1584 10274 1579 10274 1568 23 1544 23 1572 23 1543 10275 1568 10275 1546 10275 1588 23 1589 23 1563 23 1584 10276 1585 10276 1559 10276 1585 10277 1586 10277 1559 10277 1558 23 1559 23 1586 23 1586 10278 1587 10278 1558 10278 1563 10279 1558 10279 1587 10279 1587 23 1588 23 1563 23 1564 10280 1563 10280 1589 10280 1546 23 1564 23 1589 23 1595 23 1557 23 1594 23 1596 10281 1557 10281 1595 10281 1597 10282 1557 10282 1596 10282 1598 23 1557 23 1597 23 1583 23 1557 23 1598 23 1601 23 1592 23 1557 23 1594 23 1557 23 1592 23 1620 10283 1601 10283 1622 10283 1539 23 1540 23 1602 23 1552 23 1626 23 1604 23 1606 10284 1604 10284 1626 10284 1610 10285 1609 10285 1630 10285 1629 10286 1630 10286 1609 10286 1612 23 1610 23 1632 23 1603 23 1541 23 1604 23 1603 23 1602 23 1540 23 1552 10287 1604 10287 1541 10287 1621 23 1601 23 1620 23 1592 23 1601 23 1621 23 1609 10288 1606 10288 1628 10288 1626 10289 1628 10289 1606 10289 1628 10290 1629 10290 1609 10290 1630 10291 1631 10291 1610 10291 1631 23 1632 23 1610 23 1632 10292 1633 10292 1612 10292 1601 23 1612 23 1633 23 1633 23 1634 23 1601 23 1634 23 1635 23 1601 23 1622 10293 1601 10293 1635 10293 1060 10294 2463 10294 2448 10294 2452 10295 2595 10295 2449 10295 2454 10296 2599 10296 2452 10296 2450 23 2448 23 2457 23 2457 23 2448 23 2463 23 2473 10297 2472 10298 2478 10299 2477 10300 2474 10301 2478 10302 2473 10303 2478 10304 2474 10305 2474 138 2477 138 2475 138 2485 10306 2484 10306 2488 10306 2485 10307 2488 10307 2489 10307 2489 10308 2488 10308 2492 10308 2489 10309 2492 10309 2493 10309 2493 10310 2492 10310 2494 10310 2493 10310 2494 10310 2495 10310 2495 10311 2494 10311 2496 10311 2495 10312 2496 10312 2497 10312 2497 10313 2496 10313 2500 10313 2497 10314 2500 10314 2501 10314 2501 10315 2500 10315 2504 10315 2501 10316 2504 10316 2505 10316 2505 10317 2504 10317 2506 10317 2505 10318 2506 10318 2508 10318 2508 10319 2506 10319 2511 10319 2508 10320 2511 10320 2512 10320 2512 10321 2511 10321 2516 10321 2512 10322 2516 10322 2517 10322 2519 10323 2521 10323 2516 10323 2517 10324 2516 10324 2521 10324 2521 10325 2519 10325 2525 10325 2521 10326 2525 10326 2526 10326 2526 10327 2525 10327 2527 10327 2526 10328 2527 10328 2529 10328 2529 10329 2527 10329 2578 10329 2529 10330 2578 10330 2579 10330 2519 10331 2516 10331 2588 10331 5178 36 2588 36 2516 36 2511 10332 5178 10332 2516 10332 2506 10333 5178 10333 2511 10333 2504 36 5182 36 2506 36 2500 10334 5185 10334 2504 10334 2496 10335 5185 10335 2500 10335 2588 10336 5172 10336 2519 10336 2494 36 5187 36 2496 36 2492 10337 5072 10337 2494 10337 2488 36 5072 36 2492 36 2527 10338 2525 10338 5172 10338 5172 36 5168 36 2527 36 2578 36 2527 36 5168 36 1062 10339 2589 10339 1534 10339 2592 10340 4926 10340 2589 10340 2591 10341 2592 10341 2589 10341 2592 10342 2591 10342 2595 10342 2592 10343 2595 10343 2596 10343 2589 23 2448 23 2591 23 1074 10344 1073 10344 2599 10344 2600 10345 2599 10345 1073 10345 2596 10346 2595 10346 2599 10346 2596 10347 2599 10347 2600 10347 2448 10348 2589 10348 1062 10348 2448 10349 1062 10349 1060 10349 2450 10350 2595 10350 2448 10350 2591 23 2448 23 2595 23 2600 10351 1073 10351 1079 10351 1079 10352 2618 10352 2600 10352 2618 10353 1079 10353 2624 10353 1093 10353 2624 10353 1079 10353 2629 10354 2630 10354 2624 10354 2618 10355 2624 10355 2630 10355 2681 10356 2682 10356 2624 10356 2630 10357 2629 10357 2632 10357 2630 10358 2632 10358 2633 10358 2454 10359 1061 10359 2599 10359 2450 23 2449 23 2595 23 2595 10360 2452 10360 2599 10360 2681 10361 2624 10361 1093 10361 1106 10362 1107 10362 2641 10362 2645 10363 2641 10363 1107 10363 2633 10364 2632 10364 2641 10364 2633 10365 2641 10365 2645 10365 1074 10366 2599 10366 1061 10366 2629 10367 2624 10367 2682 10367 2663 10368 2645 10368 1107 10368 1107 10368 1120 10368 2663 10368 1093 10361 664 10361 2681 10361 2682 10369 2739 10369 2629 10369 2663 10370 1120 10370 2674 10370 1180 10371 2674 10371 1120 10371 2677 10372 2679 10372 2674 10372 2663 10373 2674 10373 2679 10373 2679 10374 2677 10374 2686 10374 2679 10374 2686 10374 2687 10374 2724 10375 565 10375 2641 10375 2632 23 2725 23 2641 23 2753 10376 2677 10376 2754 10376 1197 10377 1195 10377 2694 10377 2695 10378 2694 10378 1195 10378 2687 10379 2686 10379 2694 10379 2687 10380 2694 10380 2695 10380 2757 23 2773 23 2686 23 1201 10381 2701 10381 1195 10381 2695 10381 1195 10381 2701 10381 2707 10382 2708 10382 2703 10382 2701 10383 2703 10383 2708 10383 1231 10384 2703 10384 1201 10384 1201 10385 2703 10385 2701 10385 2708 10386 2707 10386 2710 10386 2708 10387 2710 10387 2711 10387 770 10388 2703 10388 1231 10388 2710 10389 2845 10389 2711 10389 2703 23 2785 23 2707 23 2633 23 2645 23 5051 23 5049 10390 5051 10390 2645 10390 2645 10391 2663 10391 5049 10391 5048 23 5049 23 2663 23 2663 10392 2679 10392 5048 10392 2630 23 2633 23 5051 23 2679 10393 2687 10393 5048 10393 2723 10394 5048 10394 2687 10394 5046 10395 5047 10395 2708 10395 2711 10396 5046 10396 2708 10396 2695 10397 2723 10397 2687 10397 5051 23 5053 23 2630 23 1106 10398 2641 10398 565 10398 2632 10399 2629 10399 2739 10399 2724 23 2641 23 2725 23 2725 23 2632 23 2727 23 2727 23 2632 23 2731 23 2731 23 2632 23 2732 23 2732 23 2632 23 2736 23 2736 23 2632 23 2739 23 742 10400 2770 10400 2674 10400 742 10401 2674 10401 1180 10401 814 10402 2694 10402 2772 10402 814 10403 1197 10403 2694 10403 2756 10404 2757 10404 2686 10404 2753 10405 2756 10405 2686 10405 2686 23 2677 23 2753 23 2674 23 2770 23 2677 23 2754 23 2677 23 2767 23 2767 23 2677 23 2769 23 2769 23 2677 23 2770 23 2773 10406 2772 10406 2694 10406 2694 23 2686 23 2773 23 770 10407 2785 10407 2703 10407 2789 10408 2790 10408 2791 10408 2789 10409 2791 10409 2793 10409 2794 10410 2795 10410 2790 10410 2794 10411 2790 10411 2789 10411 422 10412 423 10412 2795 10412 422 10413 2795 10413 2794 10413 2579 10414 2578 10414 2800 10414 2579 10415 2800 10415 2801 10415 2801 10416 2800 10416 2803 10416 2801 10417 2803 10417 2804 10417 2804 10418 2803 10418 2807 10418 2806 10418 2807 10418 2803 10418 2807 10419 2806 10419 2793 10419 2807 10420 2793 10420 2791 10420 2789 36 2793 36 5161 36 2793 10421 2806 10421 5161 10421 5160 36 5161 36 2806 36 2803 36 5160 36 2806 36 2800 36 5164 36 2803 36 2578 36 5164 36 2800 36 1269 10422 2834 10422 2831 10422 1269 10423 2831 10423 1270 10423 2834 10424 2835 10424 2831 10424 2832 10425 2831 10425 2835 10425 2834 10426 1269 10426 1271 10426 2834 10426 1271 10426 2841 10426 2831 10427 2918 10427 1270 10427 2832 23 2919 23 2831 23 1271 10428 428 10428 2841 10428 427 10429 428 10429 1271 10429 1281 10430 1282 10430 2845 10430 2847 10431 2845 10431 1282 10431 2847 10432 2711 10432 2845 10432 2856 10433 2847 10433 1284 10433 1282 10434 1284 10434 2847 10434 2856 10435 1284 10435 2860 10435 1293 10436 2860 10436 1284 10436 2865 10437 2866 10437 2860 10437 2866 10438 2856 10438 2860 10438 2707 10439 2925 10439 2710 10439 2866 10419 2865 10419 2832 10419 2866 10440 2832 10440 2835 10440 923 10441 2860 10441 1293 10441 2860 10442 923 10442 2888 10442 1281 10443 2845 10443 910 10443 2921 10444 910 10444 2845 10444 2832 23 2876 23 2875 23 2875 23 2919 23 2832 23 2918 23 2831 23 2919 23 2832 10445 2865 10445 2876 10445 2888 10446 2865 10446 2860 10446 2879 23 2876 23 2865 23 2888 23 2885 23 2865 23 2882 23 2865 23 2883 23 2879 23 2865 23 2882 23 2885 23 2883 23 2865 23 2924 10447 2710 10447 2925 10447 2710 23 2922 23 2845 23 5056 23 5043 23 2834 23 2835 23 2834 23 5043 23 2834 23 2841 23 5056 23 5055 10448 5056 10448 2841 10448 430 23 5055 23 2841 23 2866 23 2835 23 5043 23 1270 10449 2918 10449 823 10449 2921 10450 2845 10450 2922 10450 2922 10451 2710 10452 2924 10453 2925 10454 2707 10454 2785 10454 3534 23 395 23 12 23 2455 23 5 23 2456 23 395 10455 2456 10455 12 10455 310 23 3471 23 319 23 319 10456 3471 10456 321 10456 337 23 3460 23 350 23 340 10457 402 10457 337 10457 350 23 3193 23 357 23 3460 23 3457 23 350 23 3271 23 357 23 3193 23 3455 23 3444 23 350 23 3444 10458 3236 10459 350 10460 3236 10461 3235 10461 350 10461 377 23 357 23 3271 23 3457 23 3455 23 350 23 3193 23 350 23 3235 23 3460 23 337 23 402 23 400 10462 321 10462 3471 10462 312 23 413 23 310 23 3471 10463 310 10463 413 10463 1271 23 822 23 427 23 304 10464 303 10464 4652 10464 4651 10465 4652 10465 303 10465 4652 10466 4651 10466 4656 10466 4654 10467 4656 10467 4651 10467 4654 10468 4671 10468 4656 10468 5127 36 5124 36 290 36 303 10469 300 10469 5120 10469 5122 10470 5120 10470 300 10470 5120 36 5118 36 4651 36 12 10471 4663 10471 3534 10471 12 10472 47 10472 4663 10472 47 10473 367 10473 4663 10473 395 10474 3534 10474 4663 10474 2638 23 2649 23 1245 23 4670 10475 4671 10475 4654 10475 1264 23 1286 23 1265 23 4672 10476 4673 10476 4671 10476 4672 10477 4671 10477 4670 10477 1265 23 4547 23 1534 23 1057 10478 1534 10478 4624 10478 4673 10479 4672 10479 4675 10479 4674 10480 4675 10480 4672 10480 4676 10481 4677 10481 4675 10481 4676 10482 4675 10482 4674 10482 2638 23 1429 23 2635 23 4677 10483 4676 10483 4679 10483 4678 10484 4679 10484 4676 10484 4680 10485 4681 10485 4679 10485 4680 10486 4679 10486 4678 10486 4682 10487 4683 10487 4681 10487 4682 10488 4681 10488 4680 10488 1278 23 1245 23 2649 23 4682 10489 4686 10489 4683 10489 4687 10490 4683 10490 4686 10490 4687 10491 4686 10491 4689 10491 4687 10492 4689 10492 4690 10492 4690 10493 4689 10493 4691 10493 4690 10494 4691 10494 4692 10494 4692 10495 4691 10495 4693 10495 4692 10496 4693 10496 4694 10496 4694 10497 4693 10497 4695 10497 4694 10498 4695 10498 4696 10498 4547 23 1265 23 4548 23 4548 23 1265 23 1286 23 4566 23 4581 23 1534 23 4581 10499 4624 10499 1534 10499 4547 23 4566 23 1534 23 4686 36 4682 36 5105 36 4682 36 4680 36 5105 36 5107 36 5105 36 4680 36 4680 36 4678 36 5107 36 5111 10500 5107 10500 4678 10500 4678 10501 4676 10501 5111 10501 4676 10502 4674 10502 5111 10502 4699 10503 5111 10503 4674 10503 4651 36 303 36 5120 36 4672 36 4699 36 4674 36 5105 10504 5103 10504 4686 10504 5099 36 5096 36 4693 36 1295 10505 4701 10505 46 10505 1058 23 1059 23 1534 23 1302 10230 4702 10230 4701 10230 2455 23 2459 23 5 23 5 10506 12 10506 2456 10506 1302 10507 1306 10507 4702 10507 1465 23 1294 23 2459 23 1294 23 5 23 2459 23 1316 10508 4705 10508 4703 10508 1305 10509 1307 10509 1467 10509 4706 10510 4705 10510 1319 10510 1316 10511 1319 10511 4705 10511 4706 10512 1320 10512 1322 10512 4706 10513 1322 10513 4707 10513 1322 10514 1326 10514 4707 10514 4709 10515 1393 10515 4710 10515 4710 10516 1395 10516 1405 10516 4710 10517 1405 10517 4711 10517 1405 10518 1417 10518 4711 10518 1467 23 4209 23 1305 23 1316 10519 4210 10519 1317 10519 4997 23 4720 23 4703 23 4703 23 4705 23 4997 23 4705 10520 4706 10520 4997 10520 4994 10521 4997 10521 4706 10521 4707 23 4994 23 4706 23 4708 23 4992 23 4707 23 4709 23 4992 23 4708 23 4715 10522 4919 10522 4713 10522 4711 23 4713 23 4989 23 4710 23 4991 23 4709 23 4994 23 4707 23 4992 23 4702 10523 4703 10523 4720 10523 4720 10524 4998 10524 4702 10524 4701 10525 4702 10525 4998 10525 46 10526 4701 10526 4998 10526 1325 10527 4094 10527 1386 10527 1327 23 1508 23 1325 23 4093 10528 1386 10528 4094 10528 1433 10529 1392 10529 1386 10529 1418 23 1273 23 1419 23 1433 10530 1386 10530 4093 10530 1273 10531 2635 10531 1419 10531 1419 23 2635 23 1429 23 1245 23 1429 23 2638 23 1519 23 1317 23 4210 23 4209 10532 4208 10532 1316 10532 4208 10533 4210 10533 1316 10533 1316 10534 1305 10534 4209 10534 4094 10535 1325 10535 1508 10535 1057 23 1058 23 1534 23 482 36 2485 36 483 36 538 36 2485 36 482 36 566 10536 2485 10537 538 10538 684 36 2485 36 667 36 667 36 2485 36 566 36 2493 10539 485 10539 2489 10539 485 36 483 36 2489 36 2485 36 2489 36 483 36 4922 36 2485 36 817 36 2196 10540 2497 10540 2501 10540 2495 36 1972 36 2493 36 4903 10541 4902 10541 4904 10541 4903 10542 4904 10542 4905 10542 2204 10543 2206 10543 2495 10543 485 10544 2493 10544 1972 10544 4905 10545 4904 10545 4906 10545 4905 10546 4906 10546 4907 10546 4921 10547 4907 10547 4906 10547 2204 36 2495 36 2176 36 2177 36 2495 36 2179 36 2179 10548 2495 10548 2181 10548 4904 36 4923 36 4906 36 4902 36 4915 36 4904 36 2505 10549 2109 10549 2501 10549 1251 10550 4912 10550 1248 10550 4911 10551 1248 10551 4912 10551 1251 10552 1263 10552 4912 10552 1534 10553 4913 10553 1265 10553 2177 36 2176 36 2495 36 1972 10554 2495 10554 2206 10554 4913 23 4927 23 4912 23 4902 10555 4903 10555 4695 10555 4696 10556 4695 10556 4903 10556 5096 36 5090 36 4915 36 4695 36 4693 36 4915 36 4902 10557 4695 10557 4915 10557 2497 36 2181 36 2495 36 4985 10558 4987 10558 4919 10558 4987 23 4988 23 4919 23 4911 10559 4919 10559 4715 10559 4911 23 4912 23 4919 23 2181 36 2497 36 2195 36 2497 10560 2196 10560 2195 10560 4919 463 4915 463 4985 463 5088 463 4985 463 4915 463 4907 10561 4921 10561 4922 10561 2508 10562 2512 10562 2028 10562 2484 10563 4922 10563 4921 10563 2485 10564 4922 10564 2484 10564 4923 36 4904 36 4915 36 4921 10565 4923 10565 2484 10565 4921 10566 4906 10566 4923 10566 2196 36 2501 36 2109 36 4913 10567 1534 10567 4926 10567 2517 36 2226 36 2512 36 1534 10568 2589 10568 4926 10568 4919 23 4912 23 4927 23 4927 10569 2596 10569 4983 10569 4913 10570 4926 10570 4927 10570 4980 10571 4983 10571 2596 10571 4915 10572 4919 10572 4923 10572 4927 10572 4923 10572 4919 10572 4927 3163 4984 3163 4923 3163 5081 3163 4923 3163 4984 3163 1552 10573 1541 10573 4980 10573 1541 10574 1540 10574 4980 10574 4989 10575 1543 10575 1546 10575 2026 36 2508 36 2028 36 2505 36 2508 36 2026 36 2026 10576 2109 10576 2505 10576 1546 10577 1589 10577 4989 10577 2226 10578 2028 10578 2512 10578 2226 36 2521 36 2243 36 2526 10579 2243 10579 2521 10579 2517 36 2521 36 2226 36 2526 36 2529 36 2243 36 2579 36 3466 36 2529 36 5001 10580 1598 10580 1597 10580 1597 10581 1596 10581 5001 10581 1594 10582 1592 10582 63 10582 63 10583 1592 10583 5055 10583 3346 36 2801 36 3393 36 5043 10584 1622 10584 1635 10584 1632 10585 5047 10585 1633 10585 1631 10586 5047 10586 1632 10586 2804 10587 3393 10587 2801 10587 1628 10588 5051 10588 1629 10588 5051 10589 1628 10589 1626 10589 4974 10590 1626 10590 1552 10590 1592 10591 1621 10591 5055 10591 2795 36 3151 36 2790 36 3155 36 2791 36 3156 36 3167 10592 2807 10592 3155 10592 2790 36 3150 36 2791 36 2791 36 3155 36 2807 36 3167 10593 3306 10593 2807 10593 3306 36 3314 36 2807 36 3318 36 3340 36 2807 36 3340 36 3342 36 2807 36 3319 138 3318 138 2807 138 2592 23 2596 23 4927 23 4974 23 4980 23 2596 23 3325 10594 3319 10595 2807 10596 3314 36 3325 36 2807 36 4926 23 2592 23 4927 23 1552 10597 4980 10597 4974 10597 3342 10598 3397 10598 2807 10598 4984 10599 4927 10599 4983 10599 1540 10600 4983 10600 4980 10600 2801 36 3345 36 2579 36 3403 36 2579 36 3345 36 4983 10601 1540 10601 4984 10601 1539 10602 4984 10602 1540 10602 4989 10603 4713 10603 4988 10603 3346 10604 3345 10604 2801 10604 4988 10605 4713 10605 4919 10605 4985 10606 1542 10606 4987 10606 1544 10607 4987 10607 1542 10607 3393 36 2804 36 3397 36 2807 10608 3397 10608 2804 10608 4710 23 4711 23 4989 23 1543 10609 4988 10609 4987 10609 1543 10610 4987 10610 1544 10610 4989 10575 4988 10575 1543 10575 4989 10611 4991 10611 4710 10611 3447 36 3466 36 2579 36 4992 23 4709 23 4991 23 1589 10612 4991 10612 4989 10612 1588 10613 4992 10613 4991 10613 1588 10614 4991 10614 1589 10614 2795 10615 423 10615 3151 10615 3160 10616 3151 10616 423 10616 3150 36 2790 36 3151 36 3156 10617 2791 10617 3150 10617 4992 10618 1588 10618 4994 10618 1587 10619 4994 10619 1588 10619 1586 10620 4997 10620 4994 10620 1586 10621 4994 10621 1587 10621 3418 36 2579 36 3403 36 4997 10622 1586 10622 4720 10622 1585 10623 4720 10623 1586 10623 4998 10624 4999 10624 46 10624 3418 36 3445 36 2579 36 3447 36 2579 36 3445 36 1584 10625 4998 10625 4720 10625 1584 10625 4720 10625 1585 10625 367 10626 47 10626 5000 10626 1584 10627 1583 10627 4999 10627 1584 10628 4999 10628 4998 10628 5001 10629 360 10629 5000 10629 2243 36 2529 36 3466 36 5000 10630 4999 10630 1598 10630 1583 10631 1598 10631 4999 10631 5002 10632 352 10632 5001 10632 1598 10633 5001 10633 5000 10633 5003 23 331 23 5002 23 5001 10581 1596 10581 5002 10581 5009 23 324 23 5003 23 5003 10634 5002 10634 1595 10634 1596 10635 1595 10635 5002 10635 3808 10636 3807 10636 4656 10636 1595 10637 1594 10637 5009 10637 1595 10637 5009 10637 5003 10637 4671 10638 3808 10638 4656 10638 1594 10639 63 10639 5009 10639 4652 36 4656 36 3807 36 4645 10640 3161 10640 280 10640 1558 10641 5140 10641 5141 10641 1558 10642 5141 10642 1559 10642 1558 10643 1563 10643 5140 10643 1564 10644 5144 10644 1563 10644 5147 10645 5144 10645 1568 10645 1564 10646 1568 10646 5144 10646 5147 10647 1568 10647 1572 10647 4376 36 4401 36 304 36 1579 10648 5154 10648 5139 10648 1579 10649 5139 10649 1557 10649 5154 10650 1579 10650 5141 10650 1559 10651 5141 10651 1579 10651 1542 463 4985 463 1572 463 4985 463 5088 463 1572 463 2847 23 2856 23 5045 23 2711 23 2847 23 5045 23 5044 10652 5045 10652 2856 10652 1635 10653 5044 10653 5043 10653 302 10654 4251 10655 4164 10656 2701 23 2708 23 5047 23 5045 23 5046 23 2711 23 1634 10657 5045 10657 5044 10657 1634 10658 5044 10658 1635 10658 304 10659 4525 10659 302 10659 4251 36 302 36 4336 36 302 10660 4164 10660 297 10660 5045 10661 1634 10661 5046 10661 1633 10661 5046 10661 1634 10661 2723 10662 2695 10662 5047 10662 2695 10663 2701 10663 5047 10663 5047 10664 5046 10664 1633 10664 1631 10665 2723 10665 5047 10665 2618 10666 2630 10666 5053 10666 4652 36 4344 36 304 36 1630 10667 5048 10667 2723 10667 1630 10668 2723 10668 1631 10668 2600 23 2618 23 4974 23 5053 10669 4974 10669 2618 10669 5048 10670 1630 10670 5049 10670 1629 10671 5049 10671 1630 10671 2596 10672 2600 10672 4974 10672 5051 10673 5049 10673 1629 10673 1626 10674 5053 10674 5051 10674 1626 10675 4974 10675 5053 10675 4336 10676 302 10676 4525 10676 2856 10677 2866 10677 5044 10677 4539 36 297 36 4178 36 1621 10678 1620 10678 5056 10678 1621 10679 5056 10679 5055 10679 4570 36 297 36 4579 36 5043 10680 5056 10680 1620 10680 1620 10680 1622 10680 5043 10680 4569 36 297 36 4570 36 4178 36 297 36 4180 36 1601 138 1557 138 5193 138 4579 36 297 36 4539 36 4164 36 4180 36 297 36 4629 36 297 36 4569 36 4646 10681 293 10681 4629 10681 3807 10682 4344 10682 4652 10682 1612 10683 1601 10683 5193 10683 4434 36 304 36 4401 36 4519 36 304 36 4434 36 4376 10684 304 10685 4344 10686 5194 10687 1602 10687 1603 10687 4525 10688 304 10688 4519 10688 5196 10689 1603 10689 1604 10689 4645 10690 283 10690 287 10690 291 36 4646 36 287 36 293 36 297 36 4629 36 291 10691 293 10691 4646 10691 4645 36 287 36 4646 36 5194 3163 5081 3163 1602 3163 4645 36 280 36 283 36 1606 10692 5197 10692 1604 10692 5196 10693 1604 10693 5197 10693 5197 10694 1606 10694 1609 10694 3160 10695 423 10695 425 10695 280 36 3161 36 425 36 3161 36 3160 36 425 36 1539 3163 1602 3163 4984 3163 5178 10696 2506 10696 5182 10696 2484 10697 4923 10697 2488 10697 4923 10698 5077 10698 2488 10698 5074 10699 5075 10699 5072 10699 2425 36 2467 36 4696 36 5072 10700 5075 10700 5073 10700 5072 36 2488 36 5074 36 5074 10701 2488 10701 5077 10701 2544 10702 4696 10703 2467 10704 5077 10705 5080 10705 5075 10705 5077 10705 5075 10705 5074 10705 5077 36 4923 36 5081 36 2318 10706 2425 10707 4696 10708 5081 10709 5086 10709 5080 10709 5081 10710 5080 10710 5077 10710 5088 10711 4915 10711 5090 10711 1339 36 4692 36 2558 36 5096 10712 4915 10712 4693 10712 5090 10713 5094 10713 5095 10713 5090 10714 5095 10714 5088 10714 4673 10715 4675 10715 3811 10715 5096 10610 5098 10610 5094 10610 5096 10716 5094 10716 5090 10716 5099 10717 5098 10717 5096 10717 5099 10718 5100 10718 5098 10718 5099 10719 5103 10719 5100 10719 5104 10720 5100 10720 5103 10720 5081 10721 4984 10721 1602 10721 4693 36 4691 36 5099 36 5103 10722 5105 10722 5106 10722 5103 10723 5106 10723 5104 10723 4691 10724 4689 10724 5099 10724 5105 10725 5107 10725 5110 10725 5105 10726 5110 10726 5106 10726 5103 10727 5099 10727 4689 10727 4689 10728 4686 10728 5103 10728 5107 10729 5111 10729 5112 10729 5107 10730 5112 10730 5110 10730 5111 10731 4699 10731 5115 10731 5111 10732 5115 10732 5112 10732 4699 10733 4672 10733 5116 10733 5116 10734 5117 10734 5115 10734 5116 10735 5115 10735 4699 10735 4672 10736 4670 10736 5116 10736 4654 36 4651 36 5118 36 4677 36 4679 36 3767 36 5116 10737 5118 10737 5119 10737 5116 10738 5119 10738 5117 10738 4670 36 4654 36 5116 36 5118 10739 5120 10739 5119 10739 5119 10740 5120 10740 5121 10740 5118 36 5116 36 4654 36 5120 10741 5122 10741 5123 10741 5120 10742 5123 10742 5121 10742 5122 10743 5124 10743 5125 10743 5122 10744 5125 10744 5123 10744 300 10745 296 10745 5122 10745 5124 10746 5127 10746 5128 10746 5124 10747 5128 10747 5125 10747 5124 10748 5122 10748 296 10748 296 36 292 36 5124 36 5127 10749 5131 10749 5133 10749 5127 10750 5133 10750 5128 10750 3671 10751 3670 10751 4687 10751 5131 10639 4661 10639 5137 10639 5131 10752 5137 10752 5133 10752 4681 36 3771 36 4679 36 5190 10753 5137 10753 4661 10753 4687 10754 4690 10754 3671 10754 1338 10755 3671 10755 4690 10755 1563 10756 5142 10756 5140 10756 5142 10644 1563 10644 5144 10644 5147 10757 1572 10757 5150 10757 1572 10758 5088 10758 5150 10758 4692 36 1339 36 4690 36 1339 36 1338 36 4690 36 5095 463 5150 463 5088 463 2794 36 2789 36 5191 36 5161 36 5191 36 2789 36 2544 36 2559 36 4694 36 5160 10759 5162 10759 5163 10759 5160 10760 5163 10760 5161 10760 5160 36 2803 36 5164 36 5168 36 5164 36 2578 36 5164 10761 5166 10761 5162 10761 5164 10762 5162 10762 5160 10762 3556 36 4683 36 3557 36 3657 10763 3557 10763 4687 10763 5168 10764 5171 10764 5166 10764 5168 10765 5166 10765 5164 10765 4683 36 4687 36 3557 36 3670 10766 3657 10766 4687 10766 5172 10767 5173 10767 5171 10767 5172 10768 5171 10768 5168 10768 2588 10769 5177 10769 5173 10769 2588 10770 5173 10770 5172 10770 5178 10771 5181 10771 5177 10771 5178 10772 5177 10772 2588 10772 2525 10773 2519 10773 5172 10773 2319 36 2318 36 4696 36 2558 10774 4692 10774 2559 10774 4694 36 2559 36 4692 36 4696 36 2544 36 4694 36 5182 10775 5183 10775 5181 10775 5182 10776 5181 10776 5178 10776 5182 36 2504 36 5185 36 5187 10777 2494 10777 5072 10777 5185 10778 5186 10778 5183 10778 5185 10779 5183 10779 5182 10779 3675 36 4681 36 3540 36 5185 36 2496 36 5187 36 5187 10780 5188 10780 5186 10780 5187 10781 5186 10781 5185 10781 3541 36 4683 36 3556 36 3540 36 4681 36 3541 36 5187 10782 5072 10782 5188 10782 5073 10783 5188 10783 5072 10783 292 36 290 36 5124 36 3692 36 4681 36 3675 36 3722 10784 4681 10784 3692 10784 4661 10785 5189 10785 5190 10785 422 10786 2794 10786 5189 10786 5191 36 5189 36 2794 36 3724 36 4681 36 3722 36 5189 10787 5191 10787 5192 10787 5189 10788 5192 10788 5190 10788 5191 10789 5161 10789 5192 10789 5192 10790 5161 10790 5163 10790 3767 36 4679 36 3771 36 4683 10791 3541 10791 4681 10791 3771 10792 4681 10792 3724 10792 4677 36 3767 36 3766 36 3808 10793 4671 10793 3811 10793 4671 10794 4673 10794 3811 10794 5086 3163 5081 3163 5194 3163 3766 10795 3811 10795 4675 10795 3766 36 4675 36 4677 36 5193 138 1557 138 5139 138 1603 10796 5195 10796 5194 10796 4696 36 4903 36 2322 36 5195 10797 1603 10797 5196 10797 1609 10798 5198 10798 5197 10798 2614 10799 2377 10799 4905 10799 4903 36 4905 36 2377 36 2377 36 2373 36 4903 36 5199 10800 5198 10800 1610 10800 1609 10801 1610 10801 5198 10801 1612 10802 5200 10802 1610 10802 5199 10803 1610 10803 5200 10803 5200 10804 1612 10804 5193 10804 711 36 881 36 4907 36 802 10805 759 10806 4922 10807 2319 36 4696 36 2322 36 912 10808 2614 10808 4905 10808 712 36 4922 36 751 36 751 36 4922 36 759 36 802 36 4922 36 815 36 4907 36 4922 36 712 36 4905 36 4907 36 881 36 711 36 4907 36 712 36 4905 10809 881 10809 912 10809 2373 36 2322 36 4903 36 816 36 815 36 4922 36 684 36 817 36 2485 36 4922 10810 817 10810 816 10810 5086 36 5194 36 5080 36 5098 36 5147 36 5094 36 5100 10811 5147 10811 5098 10811 5137 36 5193 36 5139 36 5190 36 5193 36 5137 36 5144 36 5104 36 5142 36 5106 36 5110 36 5142 36 5147 36 5100 36 5144 36 5106 10812 5142 10812 5104 10812 5095 10813 5094 10813 5150 10813 5119 10814 5121 10814 5139 10814 5154 36 5119 36 5139 36 5141 10815 5117 10815 5154 10815 5128 36 5139 36 5125 36 5147 36 5150 36 5094 36 5110 10816 5112 10816 5140 10816 5104 36 5144 36 5100 36 5140 36 5142 36 5110 36 5140 36 5112 36 5141 36 5115 36 5141 36 5112 36 5117 10817 5141 10817 5115 10817 5119 36 5154 36 5117 36 5128 10818 5133 10818 5139 10818 5121 10819 5123 10819 5139 10819 5125 36 5139 36 5123 36 5137 10820 5139 10820 5133 10820 5195 36 5080 36 5194 36 5073 36 5075 36 5196 36 5181 36 5183 36 5198 36 5197 36 5188 36 5196 36 5171 10821 5173 10821 5200 10821 5163 36 5162 36 5193 36 5190 10822 5192 10822 5193 10822 5195 36 5196 36 5075 36 5080 36 5195 36 5075 36 5166 10823 5171 10823 5193 10823 5163 36 5193 36 5192 36 5162 10824 5166 10824 5193 10824 5200 36 5193 36 5171 36 5199 10825 5200 10825 5173 10825 5173 10826 5177 10826 5199 10826 5177 36 5181 36 5199 36 5198 36 5199 36 5181 36 5183 36 5186 36 5198 36 5197 10827 5198 10827 5186 10827 5186 36 5188 36 5197 36 5073 10828 5196 10828 5188 10828</p>
        </triangles>
      </mesh>
    </geometry>
  </library_geometries>
  <library_visual_scenes>
    <visual_scene id="Scene" name="Scene">
      <node id="Light_001" name="Light.001" type="NODE">
        <matrix sid="transform">-0.2908646 -0.7711008 0.5663933 4.076245 0.9551712 -0.1998833 0.2183913 1.005454 -0.05518912 0.6045247 0.7946723 5.903862 0 0 0 1</matrix>
        <instance_light url="#Light_001-light"/>
      </node>
      <node id="Camera_001" name="Camera.001" type="NODE">
        <matrix sid="transform">0.6859207 -0.3240135 0.6515582 7.358891 0.7276763 0.3054209 -0.6141704 -6.925791 -4.01133e-9 0.8953956 0.4452714 4.958309 0 0 0 1</matrix>
        <instance_camera url="#Camera_001-camera"/>
      </node>
      <node id="obj_0" name="obj_0" type="NODE">
        <matrix sid="transform">0.001053 0 0 0 0 7.19495e-11 -9.53e-4 0 0 9.53e-4 7.19495e-11 0 0 0 0 1</matrix>
        <instance_geometry url="#obj_0-mesh" name="obj_0">
          <bind_material>
            <technique_common>
              <instance_material symbol="color_2829873-material" target="#color_2829873-material"/>
              <instance_material symbol="color_16448250-material" target="#color_16448250-material"/>
            </technique_common>
          </bind_material>
        </instance_geometry>
      </node>
      <node id="Camera" name="Camera" type="NODE">
        <matrix sid="transform">0.6859207 -0.3240135 0.6515582 7.358891 0.7276763 0.3054208 -0.6141704 -6.925791 0 0.8953956 0.4452714 4.958309 0 0 0 1</matrix>
        <instance_camera url="#Camera-camera"/>
      </node>
      <node id="Light" name="Light" type="NODE">
        <matrix sid="transform">-0.2908646 -0.7711008 0.5663932 4.076245 0.9551712 -0.1998834 0.2183912 1.005454 -0.05518906 0.6045247 0.7946723 5.903862 0 0 0 1</matrix>
        <instance_light url="#Light-light"/>
      </node>
    </visual_scene>
  </library_visual_scenes>
  <scene>
    <instance_visual_scene url="#Scene"/>
  </scene>
</COLLADA>